{
 "type": "FeatureCollection",
 "properties": {
  "project": "downtown-west",
  "illustrative": true,
  "summary": "Illustrative massing: each new development block is drawn to its maximum height in the October 2020 draft of the Downtown West design standards (Fig. 5.12), from 180 ft at the north end to 290 ft at the south, not as a building design; four smaller blocks are held to 40-150 ft. The version the City Council approved in May 2021 couldn't be retrieved. Where the approved Development Agreement gives heights (nine blocks), they match, except E1, drawn at the agreement's 260 ft rather than the draft's 280 ft because the agreement is newer. Blocks H5 and H6, added in the approved plan with lower limits that aren't available, are drawn as an outline only. The FAA's airspace limits govern the real heights. Streets, parks, the historic buildings being kept and the Creekside Walk buildings aren't drawn, and nothing has been built.",
  "note": "Heights are from the October 2020 draft design standards, drawn as limits, not building designs; real buildings will be smaller.",
  "sourceUrl": "https://ceqanet.lci.ca.gov/2019080493/4/Attachment/WFPURX",
  "sourceLabel": "Draft design standards, 2020 (PDF)",
  "georeference": {
   "figures_5_9_and_5_12": {
    "method": "building-footprint match: rough start from four street intersections, raster correlation, then least squares on the centroids of figure buildings matching OpenStreetMap footprints (IoU > 0.6)",
    "scale_m_per_px": 1.13105,
    "rotation_deg": 91.505,
    "rms_m": 1.38,
    "median_m": 0.4,
    "max_m": 19.8,
    "controls": 613,
    "figure_buildings": 1178,
    "correlation": 0.59
   },
   "check_against_pd_zoning": {
    "blocks_m2": 159535,
    "outside_m2": 4361,
    "outside_share": 0.0273
   }
  },
  "documents": {
   "design_standards": {
    "title": "Downtown West Design Standards and Guidelines (October 2020), Draft EIR Appendix M (SCH 2019080493)",
    "url": "https://ceqanet.lci.ca.gov/2019080493/4/Attachment/WFPURX",
    "listing": "https://ceqanet.lci.ca.gov/2019080493/4",
    "sha256": "8bbb0fb8dbb7545ee039cf5a9de96231e0bfecf1506972a02a7d398b69db6ff1",
    "pages": "Fig. 3.3 p. 52, Fig. 5.9 p. 175, S5.6 and Figs. 5.11-5.13 pp. 179-182"
   },
   "development_agreement": {
    "title": "Downtown West Development Agreement, Ordinance 30610 (June 2021), Section 4.2.3(a)",
    "url": "https://legistar.granicus.com/sanjose/attachments/d9985f7d-1a96-43f8-a1e5-96ad5a17618b.pdf",
    "sha256": "a147cd89355aa892846fdff1ee65513a24be7d80142eca58b571b281822f3860",
    "check": {
     "A1": {
      "figure_5_12_ft": 180,
      "da_ft": 180
     },
     "B1": {
      "figure_5_12_ft": 200,
      "da_ft": 200
     },
     "C2": {
      "figure_5_12_ft": 230,
      "da_ft": 230
     },
     "C3": {
      "figure_5_12_ft": 230,
      "da_ft": 230
     },
     "D4": {
      "figure_5_12_ft": 255,
      "da_ft": 255
     },
     "D7": {
      "figure_5_12_ft": 270,
      "da_ft": 270
     },
     "E1": {
      "figure_5_12_ft": 280,
      "da_ft": 260
     },
     "F1": {
      "figure_5_12_ft": 280,
      "da_ft": 280
     },
     "G1": {
      "figure_5_12_ft": 290,
      "da_ft": 290
     }
    }
   },
   "general_plan_resolution": {
    "title": "General Plan Amendment resolution GP19-009, Council item 10.2(c), May 25, 2021 (Legistar matter 9022)",
    "url": "https://legistar.granicus.com/sanjose/attachments/4fa89312-fd9b-4f85-932d-8d5c463c0e8f.pdf",
    "sha256": "a7f67eb35a25ff290d754d7062ce34410233b7858dc49447eb24bc2dde00e1ab",
    "page": 91,
    "finding": "Lower height limits on D5, D6, D8-13, F6, H1, H5 and H6 under the approved DWDSG."
   },
   "needs_verification": "The approved DWDSG (dated March 1, 2021, with errata; adopted with the PD Permit on May 25, 2021) is posted only on sanjoseca.gov, which refuses scripted downloads, and none of the Council item 10.2 attachments on Legistar (matter 9022) includes it or its errata list. Heights are from the October 2020 draft."
  },
  "license": "Block shapes: traced from a public City of San Jos\u00e9 document. Georeferenced to OpenStreetMap building footprints (ODbL 1.0) via Overture Maps; trimmed to the City of San Jos\u00e9 zoning layer (CC-BY 4.0, City of San Jos\u00e9)."
 },
 "features": [
  {
   "type": "Feature",
   "properties": {
    "kind": "block",
    "block": "A1",
    "label": "Block A1",
    "stage": "entitled",
    "height_ft": 180,
    "podium_ft": null,
    "base_ft": 0,
    "use": "Office",
    "phase": null,
    "illustrative": true,
    "source": "illustrative: block outline traced from Figure 5.9, Block plan, p. 175; drawn to the maximum height in Downtown West Design Standards and Guidelines (October 2020), Draft EIR Appendix M (SCH 2019080493), Figure 5.12, Illustrative maximum height per block above current ground level, p. 181 (heights are from the October 2020 draft DWDSG; the approved DWDSG (March 2021, with errata) couldn't be retrieved); the approved Development Agreement (Ord. 30610, Sec. 4.2.3(a)) gives 180 ft (matches)",
    "note": "Height from the October 2020 draft design standards; the approved Development Agreement gives the same 180 ft.",
    "fid": 1
   },
   "geometry": {
    "type": "MultiPolygon",
    "coordinates": [
     [
      [
       [
        -121.9075987,
        37.3377948
       ],
       [
        -121.9075996,
        37.3378458
       ],
       [
        -121.9075757,
        37.3378461
       ],
       [
        -121.9075253,
        37.3378875
       ],
       [
        -121.9075126,
        37.3378876
       ],
       [
        -121.9074985,
        37.3378992
       ],
       [
        -121.9074987,
        37.3379094
       ],
       [
        -121.907475,
        37.3379288
       ],
       [
        -121.9074623,
        37.337929
       ],
       [
        -121.9073742,
        37.3380014
       ],
       [
        -121.9073615,
        37.3380015
       ],
       [
        -121.9073237,
        37.3380326
       ],
       [
        -121.9072841,
        37.3380432
       ],
       [
        -121.9072843,
        37.3380546
       ],
       [
        -121.9072717,
        37.338065
       ],
       [
        -121.9072722,
        37.3380943
       ],
       [
        -121.9072212,
        37.3380949
       ],
       [
        -121.9072214,
        37.3381064
       ],
       [
        -121.9071978,
        37.3381258
       ],
       [
        -121.907185,
        37.3381259
       ],
       [
        -121.9071473,
        37.338157
       ],
       [
        -121.9071202,
        37.3381573
       ],
       [
        -121.9071204,
        37.3381687
       ],
       [
        -121.9070952,
        37.3381894
       ],
       [
        -121.9070956,
        37.3382085
       ],
       [
        -121.9070461,
        37.3382091
       ],
       [
        -121.907032,
        37.3382207
       ],
       [
        -121.9070323,
        37.3382399
       ],
       [
        -121.9069669,
        37.3382406
       ],
       [
        -121.906941,
        37.3382206
       ],
       [
        -121.9069283,
        37.3382207
       ],
       [
        -121.9069153,
        37.3382107
       ],
       [
        -121.9068966,
        37.3382109
       ],
       [
        -121.9068784,
        37.3382005
       ],
       [
        -121.9068782,
        37.3381919
       ],
       [
        -121.9068637,
        37.3381807
       ],
       [
        -121.9068265,
        37.3381709
       ],
       [
        -121.9067685,
        37.338127
       ],
       [
        -121.9067606,
        37.3381334
       ],
       [
        -121.9066403,
        37.3380677
       ],
       [
        -121.9066138,
        37.3380472
       ],
       [
        -121.9066086,
        37.3380515
       ],
       [
        -121.9064383,
        37.3379614
       ],
       [
        -121.9063669,
        37.3379362
       ],
       [
        -121.9063482,
        37.3379217
       ],
       [
        -121.9063097,
        37.3379119
       ],
       [
        -121.9062918,
        37.3378981
       ],
       [
        -121.9062849,
        37.3379038
       ],
       [
        -121.906247,
        37.3378888
       ],
       [
        -121.9062323,
        37.337872
       ],
       [
        -121.9061939,
        37.3378623
       ],
       [
        -121.9061809,
        37.3378522
       ],
       [
        -121.9061681,
        37.3378524
       ],
       [
        -121.9061552,
        37.3378424
       ],
       [
        -121.9061301,
        37.3378426
       ],
       [
        -121.9060653,
        37.3378128
       ],
       [
        -121.9060525,
        37.337813
       ],
       [
        -121.9060395,
        37.3378029
       ],
       [
        -121.9060268,
        37.3378031
       ],
       [
        -121.9060138,
        37.337793
       ],
       [
        -121.9060011,
        37.3377932
       ],
       [
        -121.9059881,
        37.3377831
       ],
       [
        -121.9059618,
        37.3377866
       ],
       [
        -121.9059257,
        37.337775
       ],
       [
        -121.9059111,
        37.3377637
       ],
       [
        -121.9058984,
        37.3377638
       ],
       [
        -121.9058854,
        37.3377538
       ],
       [
        -121.9058602,
        37.3377541
       ],
       [
        -121.9058469,
        37.337744
       ],
       [
        -121.9057957,
        37.3377344
       ],
       [
        -121.9057827,
        37.3377244
       ],
       [
        -121.9057572,
        37.3377247
       ],
       [
        -121.9057442,
        37.3377146
       ],
       [
        -121.9057187,
        37.3377149
       ],
       [
        -121.9057058,
        37.3377049
       ],
       [
        -121.9056802,
        37.3377052
       ],
       [
        -121.9056673,
        37.3376951
       ],
       [
        -121.905629,
        37.3376956
       ],
       [
        -121.905616,
        37.3376856
       ],
       [
        -121.9055905,
        37.3376859
       ],
       [
        -121.9055518,
        37.3376659
       ],
       [
        -121.9055151,
        37.3376663
       ],
       [
        -121.9055145,
        37.3376345
       ],
       [
        -121.9055519,
        37.3375831
       ],
       [
        -121.9055511,
        37.3375423
       ],
       [
        -121.9055637,
        37.337532
       ],
       [
        -121.9055632,
        37.3375039
       ],
       [
        -121.9055227,
        37.3374725
       ],
       [
        -121.9055881,
        37.3374718
       ],
       [
        -121.9055879,
        37.3374604
       ],
       [
        -121.9056005,
        37.33745
       ],
       [
        -121.9056001,
        37.3374296
       ],
       [
        -121.9056251,
        37.3373987
       ],
       [
        -121.9056245,
        37.3373682
       ],
       [
        -121.9056371,
        37.3373578
       ],
       [
        -121.9056367,
        37.3373374
       ],
       [
        -121.9056617,
        37.3373066
       ],
       [
        -121.9056609,
        37.3372658
       ],
       [
        -121.9056735,
        37.3372554
       ],
       [
        -121.9056731,
        37.3372351
       ],
       [
        -121.9056981,
        37.3372042
       ],
       [
        -121.9056977,
        37.3371838
       ],
       [
        -121.9057103,
        37.3371735
       ],
       [
        -121.9057099,
        37.3371531
       ],
       [
        -121.9057225,
        37.3371427
       ],
       [
        -121.9057221,
        37.3371223
       ],
       [
        -121.9057347,
        37.337112
       ],
       [
        -121.9057343,
        37.3370916
       ],
       [
        -121.9057593,
        37.3370607
       ],
       [
        -121.9057589,
        37.3370403
       ],
       [
        -121.9057763,
        37.3370261
       ],
       [
        -121.9057309,
        37.3369909
       ],
       [
        -121.9057836,
        37.3369903
       ],
       [
        -121.9057832,
        37.3369687
       ],
       [
        -121.9057957,
        37.3369584
       ],
       [
        -121.9057955,
        37.3369482
       ],
       [
        -121.9058081,
        37.3369378
       ],
       [
        -121.9058077,
        37.3369174
       ],
       [
        -121.9058203,
        37.3369071
       ],
       [
        -121.9058198,
        37.336879
       ],
       [
        -121.9057794,
        37.3368476
       ],
       [
        -121.9058448,
        37.3368469
       ],
       [
        -121.9058444,
        37.3368252
       ],
       [
        -121.9058569,
        37.3368149
       ],
       [
        -121.905856,
        37.3367652
       ],
       [
        -121.9058816,
        37.3367649
       ],
       [
        -121.905881,
        37.3367331
       ],
       [
        -121.9059059,
        37.3367022
       ],
       [
        -121.9059056,
        37.3366843
       ],
       [
        -121.9058652,
        37.3366529
       ],
       [
        -121.9059561,
        37.3366519
       ],
       [
        -121.9059555,
        37.3366225
       ],
       [
        -121.9059426,
        37.3366125
       ],
       [
        -121.905942,
        37.3365794
       ],
       [
        -121.9059793,
        37.336528
       ],
       [
        -121.9059788,
        37.3364974
       ],
       [
        -121.9059914,
        37.3364871
       ],
       [
        -121.905991,
        37.3364667
       ],
       [
        -121.9060036,
        37.3364564
       ],
       [
        -121.9060032,
        37.336436
       ],
       [
        -121.9060282,
        37.3364051
       ],
       [
        -121.9060276,
        37.3363758
       ],
       [
        -121.9060659,
        37.3363753
       ],
       [
        -121.9060654,
        37.336346
       ],
       [
        -121.9060444,
        37.3363297
       ],
       [
        -121.9060836,
        37.3362974
       ],
       [
        -121.9061435,
        37.3363438
       ],
       [
        -121.9061675,
        37.3363435
       ],
       [
        -121.906168,
        37.3363729
       ],
       [
        -121.906181,
        37.3363829
       ],
       [
        -121.9061812,
        37.3363943
       ],
       [
        -121.9061955,
        37.3363942
       ],
       [
        -121.9062084,
        37.3364042
       ],
       [
        -121.9062324,
        37.3364039
       ],
       [
        -121.9062328,
        37.3364231
       ],
       [
        -121.9062457,
        37.3364331
       ],
       [
        -121.9062459,
        37.3364433
       ],
       [
        -121.9062848,
        37.3364734
       ],
       [
        -121.9062852,
        37.3364951
       ],
       [
        -121.9063252,
        37.3365048
       ],
       [
        -121.9063495,
        37.3365237
       ],
       [
        -121.9063497,
        37.3365339
       ],
       [
        -121.9063643,
        37.3365451
       ],
       [
        -121.9063882,
        37.3365448
       ],
       [
        -121.9063888,
        37.3365742
       ],
       [
        -121.9064017,
        37.3365842
       ],
       [
        -121.9064019,
        37.3365957
       ],
       [
        -121.9064163,
        37.3365955
       ],
       [
        -121.9064795,
        37.3366445
       ],
       [
        -121.9064796,
        37.3366547
       ],
       [
        -121.9064942,
        37.3366659
       ],
       [
        -121.9065181,
        37.3366657
       ],
       [
        -121.9065187,
        37.336695
       ],
       [
        -121.9065316,
        37.336705
       ],
       [
        -121.9065318,
        37.3367165
       ],
       [
        -121.9065829,
        37.3367159
       ],
       [
        -121.9065835,
        37.3367452
       ],
       [
        -121.9066353,
        37.3367854
       ],
       [
        -121.9066486,
        37.3368171
       ],
       [
        -121.9066629,
        37.3368169
       ],
       [
        -121.9066873,
        37.3368358
       ],
       [
        -121.9066875,
        37.3368472
       ],
       [
        -121.906713,
        37.3368469
       ],
       [
        -121.9067134,
        37.336866
       ],
       [
        -121.9067393,
        37.3368861
       ],
       [
        -121.9067395,
        37.3368975
       ],
       [
        -121.906765,
        37.3368972
       ],
       [
        -121.9067661,
        37.3369584
       ],
       [
        -121.90683,
        37.3369577
       ],
       [
        -121.9068303,
        37.336978
       ],
       [
        -121.9068559,
        37.3369777
       ],
       [
        -121.9068562,
        37.3369969
       ],
       [
        -121.906921,
        37.3370471
       ],
       [
        -121.9069343,
        37.3370788
       ],
       [
        -121.9069599,
        37.3370785
       ],
       [
        -121.9069602,
        37.3370989
       ],
       [
        -121.9069858,
        37.3370986
       ],
       [
        -121.9069861,
        37.3371177
       ],
       [
        -121.9070379,
        37.3371579
       ],
       [
        -121.9070381,
        37.3371693
       ],
       [
        -121.9070525,
        37.3371691
       ],
       [
        -121.9070768,
        37.337188
       ],
       [
        -121.907077,
        37.3371982
       ],
       [
        -121.9071547,
        37.3372585
       ],
       [
        -121.9071549,
        37.3372687
       ],
       [
        -121.9072067,
        37.3373088
       ],
       [
        -121.9072069,
        37.337319
       ],
       [
        -121.907233,
        37.3373493
       ],
       [
        -121.9072332,
        37.3373607
       ],
       [
        -121.9072715,
        37.3373603
       ],
       [
        -121.9072718,
        37.3373794
       ],
       [
        -121.9073237,
        37.3374196
       ],
       [
        -121.9073238,
        37.3374298
       ],
       [
        -121.9074145,
        37.3375001
       ],
       [
        -121.9074147,
        37.3375103
       ],
       [
        -121.9074408,
        37.3375406
       ],
       [
        -121.9074412,
        37.337561
       ],
       [
        -121.9074671,
        37.337581
       ],
       [
        -121.9074673,
        37.3375912
       ],
       [
        -121.9074934,
        37.3376215
       ],
       [
        -121.907494,
        37.3376533
       ],
       [
        -121.9075195,
        37.337653
       ],
       [
        -121.90752,
        37.3376824
       ],
       [
        -121.9075345,
        37.3376936
       ],
       [
        -121.9075856,
        37.337693
       ],
       [
        -121.9075464,
        37.3377253
       ],
       [
        -121.9075467,
        37.3377432
       ],
       [
        -121.9075596,
        37.3377533
       ],
       [
        -121.90756,
        37.3377737
       ],
       [
        -121.907573,
        37.3377837
       ],
       [
        -121.9075732,
        37.3377951
       ],
       [
        -121.9075987,
        37.3377948
       ]
      ]
     ]
    ]
   }
  },
  {
   "type": "Feature",
   "properties": {
    "kind": "block",
    "block": "B1",
    "label": "Block B1",
    "stage": "entitled",
    "height_ft": 200,
    "podium_ft": null,
    "base_ft": 0,
    "use": "Office",
    "phase": null,
    "illustrative": true,
    "source": "illustrative: block outline traced from Figure 5.9, Block plan, p. 175; drawn to the maximum height in Downtown West Design Standards and Guidelines (October 2020), Draft EIR Appendix M (SCH 2019080493), Figure 5.12, Illustrative maximum height per block above current ground level, p. 181 (heights are from the October 2020 draft DWDSG; the approved DWDSG (March 2021, with errata) couldn't be retrieved); the approved Development Agreement (Ord. 30610, Sec. 4.2.3(a)) gives 200 ft (matches)",
    "note": "Height from the October 2020 draft design standards; the approved Development Agreement gives the same 200 ft.",
    "fid": 2
   },
   "geometry": {
    "type": "MultiPolygon",
    "coordinates": [
     [
      [
       [
        -121.9051755,
        37.3361226
       ],
       [
        -121.9051708,
        37.3361411
       ],
       [
        -121.9051551,
        37.3361413
       ],
       [
        -121.9051557,
        37.3361731
       ],
       [
        -121.9051431,
        37.3361835
       ],
       [
        -121.9051452,
        37.3362329
       ],
       [
        -121.9051366,
        37.3362602
       ],
       [
        -121.905119,
        37.3362641
       ],
       [
        -121.9051194,
        37.3362857
       ],
       [
        -121.9051068,
        37.336296
       ],
       [
        -121.9051072,
        37.3363164
       ],
       [
        -121.9050946,
        37.3363268
       ],
       [
        -121.9050952,
        37.3363573
       ],
       [
        -121.9050826,
        37.3363677
       ],
       [
        -121.905083,
        37.3363881
       ],
       [
        -121.9050704,
        37.3363984
       ],
       [
        -121.905071,
        37.336429
       ],
       [
        -121.905046,
        37.3364599
       ],
       [
        -121.9050468,
        37.3365006
       ],
       [
        -121.9050342,
        37.336511
       ],
       [
        -121.9050346,
        37.3365314
       ],
       [
        -121.905022,
        37.3365417
       ],
       [
        -121.9050224,
        37.3365621
       ],
       [
        -121.9050098,
        37.3365724
       ],
       [
        -121.9050101,
        37.3365928
       ],
       [
        -121.9049976,
        37.3366032
       ],
       [
        -121.9049981,
        37.3366325
       ],
       [
        -121.9049583,
        37.336633
       ],
       [
        -121.904856,
        37.3365436
       ],
       [
        -121.9048558,
        37.3365335
       ],
       [
        -121.9047975,
        37.3364883
       ],
       [
        -121.9047632,
        37.3365165
       ],
       [
        -121.9047532,
        37.3365073
       ],
       [
        -121.9047526,
        37.3364723
       ],
       [
        -121.9047157,
        37.3364727
       ],
       [
        -121.9047084,
        37.3364659
       ],
       [
        -121.9047503,
        37.3364315
       ],
       [
        -121.9047135,
        37.3364319
       ],
       [
        -121.9047128,
        37.3363924
       ],
       [
        -121.9046813,
        37.3364183
       ],
       [
        -121.904649,
        37.3363931
       ],
       [
        -121.9046488,
        37.3363817
       ],
       [
        -121.9046232,
        37.336382
       ],
       [
        -121.9046227,
        37.3363514
       ],
       [
        -121.904585,
        37.3363519
       ],
       [
        -121.904578,
        37.3363455
       ],
       [
        -121.9046141,
        37.3363159
       ],
       [
        -121.9045752,
        37.3362857
       ],
       [
        -121.9045956,
        37.336269
       ],
       [
        -121.9045951,
        37.3362384
       ],
       [
        -121.90462,
        37.3362075
       ],
       [
        -121.9046195,
        37.3361769
       ],
       [
        -121.904632,
        37.3361666
       ],
       [
        -121.9046317,
        37.3361487
       ],
       [
        -121.9045913,
        37.3361173
       ],
       [
        -121.9046567,
        37.3361165
       ],
       [
        -121.9046561,
        37.3360847
       ],
       [
        -121.9046686,
        37.3360744
       ],
       [
        -121.9046683,
        37.336054
       ],
       [
        -121.9046809,
        37.3360437
       ],
       [
        -121.9046794,
        37.3359646
       ],
       [
        -121.904639,
        37.3359332
       ],
       [
        -121.9046916,
        37.3359326
       ],
       [
        -121.9046877,
        37.3357198
       ],
       [
        -121.9045996,
        37.3357922
       ],
       [
        -121.9045987,
        37.3357412
       ],
       [
        -121.9045484,
        37.3357826
       ],
       [
        -121.9045489,
        37.335812
       ],
       [
        -121.9044994,
        37.3358125
       ],
       [
        -121.9044365,
        37.3358642
       ],
       [
        -121.9044237,
        37.3358644
       ],
       [
        -121.904386,
        37.3358954
       ],
       [
        -121.9041659,
        37.335898
       ],
       [
        -121.9040768,
        37.3358289
       ],
       [
        -121.9040766,
        37.3358187
       ],
       [
        -121.9039989,
        37.3357585
       ],
       [
        -121.9039987,
        37.335747
       ],
       [
        -121.9039604,
        37.3357475
       ],
       [
        -121.9039599,
        37.3357181
       ],
       [
        -121.9039339,
        37.3356981
       ],
       [
        -121.9039338,
        37.3356879
       ],
       [
        -121.903882,
        37.3356477
       ],
       [
        -121.9038818,
        37.3356375
       ],
       [
        -121.903804,
        37.3355772
       ],
       [
        -121.9038033,
        37.3355365
       ],
       [
        -121.9037593,
        37.3355727
       ],
       [
        -121.9036735,
        37.3355062
       ],
       [
        -121.9036616,
        37.3355056
       ],
       [
        -121.9036985,
        37.3354753
       ],
       [
        -121.9036612,
        37.3354464
       ],
       [
        -121.903661,
        37.3354362
       ],
       [
        -121.9036504,
        37.3354279
       ],
       [
        -121.9041911,
        37.335051
       ],
       [
        -121.9042285,
        37.3350511
       ],
       [
        -121.904228,
        37.3350253
       ],
       [
        -121.9046027,
        37.3347612
       ],
       [
        -121.9046101,
        37.334763
       ],
       [
        -121.9048933,
        37.3350996
       ],
       [
        -121.9048938,
        37.3351248
       ],
       [
        -121.9048698,
        37.3351251
       ],
       [
        -121.9048557,
        37.3351367
       ],
       [
        -121.9048576,
        37.3351659
       ],
       [
        -121.9048515,
        37.3351701
       ],
       [
        -121.9050508,
        37.3353523
       ],
       [
        -121.9051018,
        37.3354277
       ],
       [
        -121.9051444,
        37.3355591
       ],
       [
        -121.9051451,
        37.3355998
       ],
       [
        -121.9051575,
        37.3356094
       ],
       [
        -121.9051592,
        37.335671
       ],
       [
        -121.9051723,
        37.335688
       ],
       [
        -121.9051774,
        37.335969
       ],
       [
        -121.9051649,
        37.3359793
       ],
       [
        -121.9051662,
        37.3360505
       ],
       [
        -121.9052019,
        37.3360833
       ],
       [
        -121.9051751,
        37.3361054
       ],
       [
        -121.9051869,
        37.3361145
       ],
       [
        -121.9051755,
        37.3361226
       ]
      ]
     ]
    ]
   }
  },
  {
   "type": "Feature",
   "properties": {
    "kind": "block",
    "block": "C1",
    "label": "Block C1",
    "stage": "entitled",
    "height_ft": 215,
    "podium_ft": null,
    "base_ft": 0,
    "use": "Residential",
    "phase": null,
    "illustrative": true,
    "source": "illustrative: block outline traced from Figure 5.9, Block plan, p. 175; drawn to the maximum height in Downtown West Design Standards and Guidelines (October 2020), Draft EIR Appendix M (SCH 2019080493), Figure 5.12, Illustrative maximum height per block above current ground level, p. 181 (heights are from the October 2020 draft DWDSG; the approved DWDSG (March 2021, with errata) couldn't be retrieved)",
    "note": "Height from the October 2020 draft design standards; needs checking against the approved version.",
    "fid": 3
   },
   "geometry": {
    "type": "MultiPolygon",
    "coordinates": [
     [
      [
       [
        -121.904438,
        37.3346408
       ],
       [
        -121.9043765,
        37.3346823
       ],
       [
        -121.9043622,
        37.3346825
       ],
       [
        -121.9043624,
        37.3346941
       ],
       [
        -121.9043351,
        37.3347134
       ],
       [
        -121.9043007,
        37.334724
       ],
       [
        -121.9042378,
        37.3347757
       ],
       [
        -121.904225,
        37.3347758
       ],
       [
        -121.9041621,
        37.3348276
       ],
       [
        -121.9041493,
        37.3348277
       ],
       [
        -121.9040865,
        37.3348794
       ],
       [
        -121.9040466,
        37.3348799
       ],
       [
        -121.9040472,
        37.3349105
       ],
       [
        -121.9040216,
        37.3349108
       ],
       [
        -121.904022,
        37.3349311
       ],
       [
        -121.903998,
        37.3349314
       ],
       [
        -121.9039776,
        37.3349482
       ],
       [
        -121.9039566,
        37.3349319
       ],
       [
        -121.9039199,
        37.3349323
       ],
       [
        -121.903921,
        37.3349935
       ],
       [
        -121.903897,
        37.3349938
       ],
       [
        -121.9038719,
        37.3350145
       ],
       [
        -121.9038338,
        37.3350251
       ],
       [
        -121.9038086,
        37.3350458
       ],
       [
        -121.9037958,
        37.3350459
       ],
       [
        -121.9037581,
        37.335077
       ],
       [
        -121.9037453,
        37.3350771
       ],
       [
        -121.9037076,
        37.3351081
       ],
       [
        -121.9036948,
        37.3351083
       ],
       [
        -121.903643,
        37.3351509
       ],
       [
        -121.9036434,
        37.3351701
       ],
       [
        -121.9036066,
        37.3351705
       ],
       [
        -121.9035311,
        37.3352326
       ],
       [
        -121.9035041,
        37.3352329
       ],
       [
        -121.9035044,
        37.3352533
       ],
       [
        -121.9034646,
        37.3352537
       ],
       [
        -121.9034403,
        37.3352349
       ],
       [
        -121.90344,
        37.3352234
       ],
       [
        -121.9034145,
        37.3352237
       ],
       [
        -121.9034142,
        37.3352046
       ],
       [
        -121.9033624,
        37.3351644
       ],
       [
        -121.9033621,
        37.335153
       ],
       [
        -121.9033366,
        37.3351533
       ],
       [
        -121.9033363,
        37.3351341
       ],
       [
        -121.9032715,
        37.3350839
       ],
       [
        -121.9032713,
        37.3350737
       ],
       [
        -121.9031936,
        37.3350134
       ],
       [
        -121.9031934,
        37.3350033
       ],
       [
        -121.9031287,
        37.334953
       ],
       [
        -121.9031285,
        37.3349428
       ],
       [
        -121.9030767,
        37.3349027
       ],
       [
        -121.9030762,
        37.3348798
       ],
       [
        -121.9030888,
        37.3348695
       ],
       [
        -121.9030886,
        37.3348593
       ],
       [
        -121.9031123,
        37.3348398
       ],
       [
        -121.903125,
        37.3348397
       ],
       [
        -121.9031879,
        37.334788
       ],
       [
        -121.9032007,
        37.3347878
       ],
       [
        -121.9032258,
        37.3347672
       ],
       [
        -121.9032402,
        37.334767
       ],
       [
        -121.9032399,
        37.3347556
       ],
       [
        -121.9032761,
        37.3347258
       ],
       [
        -121.9032889,
        37.3347256
       ],
       [
        -121.9033266,
        37.3346946
       ],
       [
        -121.903341,
        37.3346944
       ],
       [
        -121.9033406,
        37.3346741
       ],
       [
        -121.9033646,
        37.3346738
       ],
       [
        -121.9033897,
        37.3346531
       ],
       [
        -121.903404,
        37.3346529
       ],
       [
        -121.9034038,
        37.3346415
       ],
       [
        -121.9034275,
        37.3346221
       ],
       [
        -121.9034402,
        37.3346219
       ],
       [
        -121.9035031,
        37.3345702
       ],
       [
        -121.9035302,
        37.3345699
       ],
       [
        -121.90353,
        37.3345585
       ],
       [
        -121.9035536,
        37.334539
       ],
       [
        -121.9035679,
        37.3345389
       ],
       [
        -121.9035677,
        37.3345274
       ],
       [
        -121.9036228,
        37.3344821
       ],
       [
        -121.903592,
        37.3344582
       ],
       [
        -121.9035918,
        37.3344481
       ],
       [
        -121.9035141,
        37.3343878
       ],
       [
        -121.9035139,
        37.3343776
       ],
       [
        -121.9034103,
        37.3342973
       ],
       [
        -121.903411,
        37.334338
       ],
       [
        -121.9033874,
        37.3343575
       ],
       [
        -121.9033731,
        37.3343576
       ],
       [
        -121.9033736,
        37.3343882
       ],
       [
        -121.9033241,
        37.3343888
       ],
       [
        -121.90331,
        37.3344004
       ],
       [
        -121.9033108,
        37.3344399
       ],
       [
        -121.9032612,
        37.3344405
       ],
       [
        -121.9032346,
        37.3344624
       ],
       [
        -121.9032349,
        37.3344816
       ],
       [
        -121.9031966,
        37.334482
       ],
       [
        -121.9031972,
        37.3345126
       ],
       [
        -121.9031604,
        37.334513
       ],
       [
        -121.903085,
        37.3345751
       ],
       [
        -121.9030722,
        37.3345752
       ],
       [
        -121.9030093,
        37.334627
       ],
       [
        -121.9029965,
        37.3346271
       ],
       [
        -121.9029462,
        37.3346685
       ],
       [
        -121.9029319,
        37.3346686
       ],
       [
        -121.9029323,
        37.334689
       ],
       [
        -121.9028955,
        37.3346895
       ],
       [
        -121.9028563,
        37.3347217
       ],
       [
        -121.9028555,
        37.3346797
       ],
       [
        -121.9028412,
        37.3346799
       ],
       [
        -121.9028282,
        37.3346699
       ],
       [
        -121.9028043,
        37.3346701
       ],
       [
        -121.9028039,
        37.334651
       ],
       [
        -121.9027762,
        37.3346195
       ],
       [
        -121.9027395,
        37.3346199
       ],
       [
        -121.902739,
        37.3345906
       ],
       [
        -121.9026742,
        37.3345404
       ],
       [
        -121.902674,
        37.3345302
       ],
       [
        -121.9026222,
        37.33449
       ],
       [
        -121.902622,
        37.3344798
       ],
       [
        -121.9025749,
        37.3344332
       ],
       [
        -121.9026064,
        37.3344074
       ],
       [
        -121.9026207,
        37.3344072
       ],
       [
        -121.9026203,
        37.3343868
       ],
       [
        -121.9026443,
        37.3343865
       ],
       [
        -121.9026836,
        37.3343543
       ],
       [
        -121.9026832,
        37.3343351
       ],
       [
        -121.90272,
        37.3343347
       ],
       [
        -121.9027592,
        37.3343024
       ],
       [
        -121.9027587,
        37.3342731
       ],
       [
        -121.9028082,
        37.3342725
       ],
       [
        -121.9028349,
        37.3342505
       ],
       [
        -121.9028345,
        37.3342314
       ],
       [
        -121.9028585,
        37.3342311
       ],
       [
        -121.9028964,
        37.3342103
       ],
       [
        -121.9029092,
        37.3342101
       ],
       [
        -121.9029233,
        37.3341985
       ],
       [
        -121.9029231,
        37.3341883
       ],
       [
        -121.9029593,
        37.3341586
       ],
       [
        -121.9029864,
        37.3341582
       ],
       [
        -121.9029862,
        37.3341468
       ],
       [
        -121.9030098,
        37.3341274
       ],
       [
        -121.9030353,
        37.3341271
       ],
       [
        -121.9030618,
        37.334095
       ],
       [
        -121.9030615,
        37.3340758
       ],
       [
        -121.9030855,
        37.3340755
       ],
       [
        -121.903098,
        37.3340652
       ],
       [
        -121.9031108,
        37.334065
       ],
       [
        -121.9032114,
        37.3339823
       ],
       [
        -121.9032242,
        37.3339821
       ],
       [
        -121.9032808,
        37.3339356
       ],
       [
        -121.9032549,
        37.3339155
       ],
       [
        -121.903313,
        37.3338677
       ],
       [
        -121.9033136,
        37.3338995
       ],
       [
        -121.9033902,
        37.3338986
       ],
       [
        -121.9033896,
        37.3338668
       ],
       [
        -121.9034384,
        37.3338267
       ],
       [
        -121.9034527,
        37.3338265
       ],
       [
        -121.9034525,
        37.3338151
       ],
       [
        -121.9034761,
        37.3337957
       ],
       [
        -121.9034889,
        37.3337955
       ],
       [
        -121.9035518,
        37.3337438
       ],
       [
        -121.9035646,
        37.3337437
       ],
       [
        -121.9036149,
        37.3337023
       ],
       [
        -121.9036419,
        37.333702
       ],
       [
        -121.9036417,
        37.3336906
       ],
       [
        -121.9036654,
        37.3336711
       ],
       [
        -121.9036788,
        37.333671
       ],
       [
        -121.9037547,
        37.3337386
       ],
       [
        -121.9040052,
        37.334016
       ],
       [
        -121.9040059,
        37.3340546
       ],
       [
        -121.9040383,
        37.3340542
       ],
       [
        -121.9041595,
        37.3341937
       ],
       [
        -121.9043958,
        37.334426
       ],
       [
        -121.9044346,
        37.3344567
       ],
       [
        -121.9044348,
        37.3344663
       ],
       [
        -121.9044607,
        37.3344864
       ],
       [
        -121.9044609,
        37.3344966
       ],
       [
        -121.904487,
        37.3345269
       ],
       [
        -121.9044872,
        37.334537
       ],
       [
        -121.9045131,
        37.3345571
       ],
       [
        -121.9045135,
        37.33458
       ],
       [
        -121.9044899,
        37.3345994
       ],
       [
        -121.9044771,
        37.3345996
       ],
       [
        -121.9044379,
        37.3346319
       ],
       [
        -121.904438,
        37.3346408
       ]
      ]
     ]
    ]
   }
  },
  {
   "type": "Feature",
   "properties": {
    "kind": "block",
    "block": "C2",
    "label": "Block C2",
    "stage": "entitled",
    "height_ft": 230,
    "podium_ft": null,
    "base_ft": 0,
    "use": "Office",
    "phase": null,
    "illustrative": true,
    "source": "illustrative: block outline traced from Figure 5.9, Block plan, p. 175; drawn to the maximum height in Downtown West Design Standards and Guidelines (October 2020), Draft EIR Appendix M (SCH 2019080493), Figure 5.12, Illustrative maximum height per block above current ground level, p. 181 (heights are from the October 2020 draft DWDSG; the approved DWDSG (March 2021, with errata) couldn't be retrieved); the approved Development Agreement (Ord. 30610, Sec. 4.2.3(a)) gives 230 ft (matches)",
    "note": "Height from the October 2020 draft design standards; the approved Development Agreement gives the same 230 ft.",
    "fid": 4
   },
   "geometry": {
    "type": "MultiPolygon",
    "coordinates": [
     [
      [
       [
        -121.9033457,
        37.3333595
       ],
       [
        -121.9034069,
        37.3334179
       ],
       [
        -121.9034073,
        37.3334397
       ],
       [
        -121.9031536,
        37.3334426
       ],
       [
        -121.903141,
        37.333453
       ],
       [
        -121.9027197,
        37.3334579
       ],
       [
        -121.9027715,
        37.3334981
       ],
       [
        -121.9026679,
        37.3334993
       ],
       [
        -121.9026673,
        37.3334687
       ],
       [
        -121.9024512,
        37.3334712
       ],
       [
        -121.9024477,
        37.3333298
       ],
       [
        -121.902441,
        37.3333246
       ],
       [
        -121.9024305,
        37.3330853
       ],
       [
        -121.9024239,
        37.3330802
       ],
       [
        -121.9024154,
        37.3329584
       ],
       [
        -121.9024125,
        37.3328
       ],
       [
        -121.9024038,
        37.3327934
       ],
       [
        -121.9023958,
        37.3325861
       ],
       [
        -121.902389,
        37.3325809
       ],
       [
        -121.9023791,
        37.3323722
       ],
       [
        -121.9023741,
        37.3323684
       ],
       [
        -121.9023548,
        37.3320929
       ],
       [
        -121.9030883,
        37.3320609
       ],
       [
        -121.9030886,
        37.332076
       ],
       [
        -121.9031019,
        37.3321014
       ],
       [
        -121.9031023,
        37.3321268
       ],
       [
        -121.9031129,
        37.3321351
       ],
       [
        -121.9031559,
        37.3322654
       ],
       [
        -121.9031564,
        37.3322893
       ],
       [
        -121.9031664,
        37.3322971
       ],
       [
        -121.9031742,
        37.3323209
       ],
       [
        -121.903133,
        37.3323214
       ],
       [
        -121.9031886,
        37.3323646
       ],
       [
        -121.9032235,
        37.3324704
       ],
       [
        -121.9032249,
        37.3325434
       ],
       [
        -121.9032378,
        37.3325534
       ],
       [
        -121.9032391,
        37.3326248
       ],
       [
        -121.9032506,
        37.3326337
       ],
       [
        -121.9032536,
        37.3327164
       ],
       [
        -121.9032643,
        37.3327247
       ],
       [
        -121.9032678,
        37.3327978
       ],
       [
        -121.9032764,
        37.3328044
       ],
       [
        -121.9032821,
        37.3328792
       ],
       [
        -121.9032914,
        37.3328863
       ],
       [
        -121.9033089,
        37.3329502
       ],
       [
        -121.9033491,
        37.3330509
       ],
       [
        -121.9033493,
        37.3330631
       ],
       [
        -121.9033126,
        37.3330635
       ],
       [
        -121.9033688,
        37.3331072
       ],
       [
        -121.9033898,
        37.3331837
       ],
       [
        -121.903403,
        37.3332046
       ],
       [
        -121.9034037,
        37.3332448
       ],
       [
        -121.9034242,
        37.3332614
       ],
       [
        -121.9034043,
        37.3332778
       ],
       [
        -121.9034049,
        37.3333072
       ],
       [
        -121.9033809,
        37.3333074
       ],
       [
        -121.9033369,
        37.3333436
       ],
       [
        -121.9033518,
        37.3333552
       ],
       [
        -121.9033457,
        37.3333595
       ]
      ]
     ]
    ]
   }
  },
  {
   "type": "Feature",
   "properties": {
    "kind": "block",
    "block": "C3",
    "label": "Block C3",
    "stage": "entitled",
    "height_ft": 230,
    "podium_ft": null,
    "base_ft": 0,
    "use": "Residential or office",
    "phase": null,
    "illustrative": true,
    "source": "illustrative: block outline traced from Figure 5.9, Block plan, p. 175; drawn to the maximum height in Downtown West Design Standards and Guidelines (October 2020), Draft EIR Appendix M (SCH 2019080493), Figure 5.12, Illustrative maximum height per block above current ground level, p. 181 (heights are from the October 2020 draft DWDSG; the approved DWDSG (March 2021, with errata) couldn't be retrieved); the approved Development Agreement (Ord. 30610, Sec. 4.2.3(a)) gives 230 ft (matches)",
    "note": "Height from the October 2020 draft design standards; the approved Development Agreement gives the same 230 ft.",
    "fid": 5
   },
   "geometry": {
    "type": "MultiPolygon",
    "coordinates": [
     [
      [
       [
        -121.902186,
        37.3336782
       ],
       [
        -121.9021875,
        37.3337585
       ],
       [
        -121.9022004,
        37.3337686
       ],
       [
        -121.9022043,
        37.3339826
       ],
       [
        -121.9022173,
        37.3339927
       ],
       [
        -121.9022179,
        37.3340281
       ],
       [
        -121.9019902,
        37.3342009
       ],
       [
        -121.9019638,
        37.3341804
       ],
       [
        -121.9019433,
        37.3341806
       ],
       [
        -121.9019395,
        37.3341615
       ],
       [
        -121.9019006,
        37.3341314
       ],
       [
        -121.9019004,
        37.33412
       ],
       [
        -121.9018774,
        37.3341202
       ],
       [
        -121.9018745,
        37.3341011
       ],
       [
        -121.9018227,
        37.3340609
       ],
       [
        -121.9018094,
        37.3340293
       ],
       [
        -121.9017951,
        37.3340294
       ],
       [
        -121.9017578,
        37.3340005
       ],
       [
        -121.9017576,
        37.3339903
       ],
       [
        -121.901602,
        37.3338596
       ],
       [
        -121.9016018,
        37.3338494
       ],
       [
        -121.9015484,
        37.333808
       ],
       [
        -121.9015366,
        37.3338082
       ],
       [
        -121.9015242,
        37.3337968
       ],
       [
        -121.9015237,
        37.3337675
       ],
       [
        -121.9015094,
        37.3337677
       ],
       [
        -121.901485,
        37.3337488
       ],
       [
        -121.9014849,
        37.3337387
       ],
       [
        -121.9014444,
        37.3337073
       ],
       [
        -121.9015593,
        37.333706
       ],
       [
        -121.9015719,
        37.3336956
       ],
       [
        -121.9018287,
        37.3336926
       ],
       [
        -121.9018285,
        37.3336797
       ],
       [
        -121.9020839,
        37.3336794
       ],
       [
        -121.9020837,
        37.3336719
       ],
       [
        -121.9021348,
        37.3336703
       ],
       [
        -121.9021349,
        37.3336788
       ],
       [
        -121.902186,
        37.3336782
       ]
      ]
     ]
    ]
   }
  },
  {
   "type": "Feature",
   "properties": {
    "kind": "block",
    "block": "D4",
    "label": "Block D4",
    "stage": "entitled",
    "height_ft": 255,
    "podium_ft": null,
    "base_ft": 0,
    "use": "Office",
    "phase": null,
    "illustrative": true,
    "source": "illustrative: block outline traced from Figure 5.9, Block plan, p. 175; drawn to the maximum height in Downtown West Design Standards and Guidelines (October 2020), Draft EIR Appendix M (SCH 2019080493), Figure 5.12, Illustrative maximum height per block above current ground level, p. 181 (heights are from the October 2020 draft DWDSG; the approved DWDSG (March 2021, with errata) couldn't be retrieved); the approved Development Agreement (Ord. 30610, Sec. 4.2.3(a)) gives 255 ft (matches)",
    "note": "Height from the October 2020 draft design standards; the approved Development Agreement gives the same 255 ft.",
    "fid": 6
   },
   "geometry": {
    "type": "MultiPolygon",
    "coordinates": [
     [
      [
       [
        -121.9010792,
        37.3311118
       ],
       [
        -121.9010822,
        37.3312737
       ],
       [
        -121.9010951,
        37.3312837
       ],
       [
        -121.9011004,
        37.3315691
       ],
       [
        -121.9011133,
        37.3315792
       ],
       [
        -121.9011175,
        37.3318046
       ],
       [
        -121.9008509,
        37.3318077
       ],
       [
        -121.9008305,
        37.3318245
       ],
       [
        -121.9008096,
        37.3318082
       ],
       [
        -121.9007871,
        37.3318085
       ],
       [
        -121.9007745,
        37.3318188
       ],
       [
        -121.9005575,
        37.3318214
       ],
       [
        -121.900545,
        37.3318317
       ],
       [
        -121.9004142,
        37.3318332
       ],
       [
        -121.9004013,
        37.3318232
       ],
       [
        -121.9003645,
        37.3318236
       ],
       [
        -121.9003588,
        37.3315089
       ],
       [
        -121.9003458,
        37.3314988
       ],
       [
        -121.9003421,
        37.331295
       ],
       [
        -121.9003291,
        37.3312849
       ],
       [
        -121.9003255,
        37.3310885
       ],
       [
        -121.9010844,
        37.3310702
       ],
       [
        -121.9010873,
        37.3311117
       ],
       [
        -121.9010792,
        37.3311118
       ]
      ]
     ]
    ]
   }
  },
  {
   "type": "Feature",
   "properties": {
    "kind": "block",
    "block": "D5",
    "label": "Block D5",
    "stage": "entitled",
    "height_ft": 40,
    "podium_ft": null,
    "base_ft": 0,
    "use": "Active use",
    "phase": null,
    "illustrative": true,
    "source": "illustrative: block outline traced from Figure 5.9, Block plan, p. 175; drawn to the maximum height in Downtown West Design Standards and Guidelines (October 2020), Draft EIR Appendix M (SCH 2019080493), Figure 5.12, Illustrative maximum height per block above current ground level, p. 181, limited to 40 ft by Standard S5.6.3 (p. 181) (heights are from the October 2020 draft DWDSG; the approved DWDSG (March 2021, with errata) couldn't be retrieved)",
    "note": "Height from the October 2020 draft design standards: 40 ft to the top of the roof (S5.6.3), below the 265-ft limit around it. Needs checking against the approved version.",
    "fid": 7
   },
   "geometry": {
    "type": "MultiPolygon",
    "coordinates": [
     [
      [
       [
        -121.9005283,
        37.3309142
       ],
       [
        -121.9005122,
        37.3309144
       ],
       [
        -121.900475,
        37.3308856
       ],
       [
        -121.9004756,
        37.330915
       ],
       [
        -121.9003096,
        37.3309177
       ],
       [
        -121.9003087,
        37.3308672
       ],
       [
        -121.9002957,
        37.3308571
       ],
       [
        -121.9002937,
        37.3307438
       ],
       [
        -121.9003304,
        37.3307433
       ],
       [
        -121.900343,
        37.330733
       ],
       [
        -121.9004339,
        37.3307319
       ],
       [
        -121.9004343,
        37.3307523
       ],
       [
        -121.9004965,
        37.3307516
       ],
       [
        -121.9005091,
        37.3307412
       ],
       [
        -121.9005729,
        37.3307405
       ],
       [
        -121.9006109,
        37.3307197
       ],
       [
        -121.9006507,
        37.3307192
       ],
       [
        -121.9006514,
        37.3307587
       ],
       [
        -121.9006644,
        37.3307688
       ],
       [
        -121.900667,
        37.330912
       ],
       [
        -121.900563,
        37.3309136
       ],
       [
        -121.9005455,
        37.3309001
       ],
       [
        -121.9005283,
        37.3309142
       ]
      ]
     ]
    ]
   }
  },
  {
   "type": "Feature",
   "properties": {
    "kind": "block",
    "block": "D6",
    "label": "Block D6",
    "stage": "entitled",
    "height_ft": 80,
    "podium_ft": null,
    "base_ft": 0,
    "use": "Active use",
    "phase": null,
    "illustrative": true,
    "source": "illustrative: block outline traced from Figure 5.9, Block plan, p. 175; drawn to the maximum height in Downtown West Design Standards and Guidelines (October 2020), Draft EIR Appendix M (SCH 2019080493), Figure 5.12, Illustrative maximum height per block above current ground level, p. 181, limited to 80 ft by Standard S5.6.3 (p. 181) (heights are from the October 2020 draft DWDSG; the approved DWDSG (March 2021, with errata) couldn't be retrieved)",
    "note": "Height from the October 2020 draft design standards: 80 ft to the top of the roof (S5.6.3), below the 265-ft limit around it. Needs checking against the approved version.",
    "fid": 8
   },
   "geometry": {
    "type": "MultiPolygon",
    "coordinates": [
     [
      [
       [
        -121.9006455,
        37.3303522
       ],
       [
        -121.900633,
        37.3303626
       ],
       [
        -121.9006186,
        37.3303628
       ],
       [
        -121.900619,
        37.3303844
       ],
       [
        -121.9005876,
        37.3304102
       ],
       [
        -121.9005552,
        37.3303851
       ],
       [
        -121.9005548,
        37.3303635
       ],
       [
        -121.9004415,
        37.3303648
       ],
       [
        -121.9004289,
        37.3303752
       ],
       [
        -121.900314,
        37.3303765
       ],
       [
        -121.9002748,
        37.3304088
       ],
       [
        -121.9002735,
        37.3303374
       ],
       [
        -121.9002605,
        37.3303274
       ],
       [
        -121.9002571,
        37.3301427
       ],
       [
        -121.9004215,
        37.3301408
       ],
       [
        -121.9003697,
        37.3301006
       ],
       [
        -121.9004989,
        37.3300991
       ],
       [
        -121.9004995,
        37.3301297
       ],
       [
        -121.9005265,
        37.3301293
       ],
       [
        -121.9005444,
        37.3301432
       ],
       [
        -121.9005617,
        37.3301289
       ],
       [
        -121.9006894,
        37.3301274
       ],
       [
        -121.9006376,
        37.3300873
       ],
       [
        -121.900754,
        37.3300859
       ],
       [
        -121.9007546,
        37.3301165
       ],
       [
        -121.9008567,
        37.3301153
       ],
       [
        -121.9008595,
        37.3302669
       ],
       [
        -121.9008724,
        37.330277
       ],
       [
        -121.9008737,
        37.3303496
       ],
       [
        -121.9006455,
        37.3303522
       ]
      ]
     ]
    ]
   }
  },
  {
   "type": "Feature",
   "properties": {
    "kind": "block",
    "block": "D7",
    "label": "Block D7",
    "stage": "entitled",
    "height_ft": 270,
    "podium_ft": null,
    "base_ft": 0,
    "use": "Office",
    "phase": null,
    "illustrative": true,
    "source": "illustrative: block outline traced from Figure 5.9, Block plan, p. 175; drawn to the maximum height in Downtown West Design Standards and Guidelines (October 2020), Draft EIR Appendix M (SCH 2019080493), Figure 5.12, Illustrative maximum height per block above current ground level, p. 181 (heights are from the October 2020 draft DWDSG; the approved DWDSG (March 2021, with errata) couldn't be retrieved); the approved Development Agreement (Ord. 30610, Sec. 4.2.3(a)) gives 270 ft (matches)",
    "note": "Height from the October 2020 draft design standards; the approved Development Agreement gives the same 270 ft.",
    "fid": 9
   },
   "geometry": {
    "type": "MultiPolygon",
    "coordinates": [
     [
      [
       [
        -121.9002301,
        37.3299697
       ],
       [
        -121.9001848,
        37.3293104
       ],
       [
        -121.9009562,
        37.3292756
       ],
       [
        -121.9009592,
        37.32944
       ],
       [
        -121.9009728,
        37.3294505
       ],
       [
        -121.9009736,
        37.3294617
       ],
       [
        -121.9009598,
        37.329473
       ],
       [
        -121.9009607,
        37.3295215
       ],
       [
        -121.9009737,
        37.3295316
       ],
       [
        -121.9009783,
        37.3297864
       ],
       [
        -121.9009913,
        37.3297964
       ],
       [
        -121.9009922,
        37.3298474
       ],
       [
        -121.9010006,
        37.3298539
       ],
       [
        -121.9010019,
        37.329873
       ],
       [
        -121.9009928,
        37.3298804
       ],
       [
        -121.9009937,
        37.3299302
       ],
       [
        -121.9009698,
        37.3299305
       ],
       [
        -121.9009572,
        37.3299408
       ],
       [
        -121.9008168,
        37.3299424
       ],
       [
        -121.9008042,
        37.3299528
       ],
       [
        -121.9004851,
        37.3299565
       ],
       [
        -121.9004725,
        37.3299668
       ],
       [
        -121.9002301,
        37.3299697
       ]
      ]
     ]
    ]
   }
  },
  {
   "type": "Feature",
   "properties": {
    "kind": "block",
    "block": "E1",
    "label": "Block E1",
    "stage": "entitled",
    "height_ft": 260,
    "podium_ft": null,
    "base_ft": 0,
    "use": "Office",
    "phase": null,
    "illustrative": true,
    "source": "illustrative: block outline traced from Figure 5.9, Block plan, p. 175; height 260 ft from the approved Development Agreement (Ord. 30610, June 2021, Sec. 4.2.3(a), https://legistar.granicus.com/sanjose/attachments/d9985f7d-1a96-43f8-a1e5-96ad5a17618b.pdf), which is newer than the 280 ft in Downtown West Design Standards and Guidelines (October 2020), Draft EIR Appendix M (SCH 2019080493), Figure 5.12, Illustrative maximum height per block above current ground level, p. 181 (heights are from the October 2020 draft DWDSG; the approved DWDSG (March 2021, with errata) couldn't be retrieved)",
    "note": "Height from the approved Development Agreement (June 2021), 260 ft; the October 2020 draft design standards show 280 ft, and the FAA contours (Fig. 5.13) run about 260-280 ft across the block.",
    "fid": 10
   },
   "geometry": {
    "type": "MultiPolygon",
    "coordinates": [
     [
      [
       [
        -121.8990025,
        37.3313514
       ],
       [
        -121.899005,
        37.3314839
       ],
       [
        -121.8989924,
        37.3314942
       ],
       [
        -121.8989942,
        37.3315962
       ],
       [
        -121.8989817,
        37.3316065
       ],
       [
        -121.8989826,
        37.3316575
       ],
       [
        -121.89897,
        37.3316678
       ],
       [
        -121.8989717,
        37.3317596
       ],
       [
        -121.8989591,
        37.3317699
       ],
       [
        -121.8989595,
        37.3317903
       ],
       [
        -121.8989469,
        37.3318006
       ],
       [
        -121.8989484,
        37.3318822
       ],
       [
        -121.8989358,
        37.3318925
       ],
       [
        -121.8989366,
        37.3319333
       ],
       [
        -121.8989116,
        37.3319642
       ],
       [
        -121.8989123,
        37.3320049
       ],
       [
        -121.8988719,
        37.3319736
       ],
       [
        -121.8988224,
        37.3319742
       ],
       [
        -121.898823,
        37.3320047
       ],
       [
        -121.8987336,
        37.3320058
       ],
       [
        -121.8987331,
        37.3319752
       ],
       [
        -121.8986963,
        37.3319756
       ],
       [
        -121.8986837,
        37.331986
       ],
       [
        -121.8986168,
        37.3319868
       ],
       [
        -121.8986039,
        37.3319767
       ],
       [
        -121.8985304,
        37.3319776
       ],
       [
        -121.8985822,
        37.3320177
       ],
       [
        -121.8984657,
        37.3320191
       ],
       [
        -121.8984652,
        37.3319885
       ],
       [
        -121.8980935,
        37.3319929
       ],
       [
        -121.8980805,
        37.3319828
       ],
       [
        -121.8979927,
        37.3319838
       ],
       [
        -121.8979938,
        37.332045
       ],
       [
        -121.8979428,
        37.3320456
       ],
       [
        -121.8979424,
        37.3320252
       ],
       [
        -121.8978898,
        37.3320258
       ],
       [
        -121.8979401,
        37.3319844
       ],
       [
        -121.8978395,
        37.3319856
       ],
       [
        -121.8978399,
        37.332006
       ],
       [
        -121.8977888,
        37.3320066
       ],
       [
        -121.8977883,
        37.331976
       ],
       [
        -121.8977357,
        37.3319766
       ],
       [
        -121.8977227,
        37.3319666
       ],
       [
        -121.8976972,
        37.3319669
       ],
       [
        -121.8976729,
        37.331948
       ],
       [
        -121.8976723,
        37.3319162
       ],
       [
        -121.8976452,
        37.3319165
       ],
       [
        -121.8976209,
        37.3318977
       ],
       [
        -121.8976197,
        37.3318353
       ],
       [
        -121.8975687,
        37.3318359
       ],
       [
        -121.8975683,
        37.3318167
       ],
       [
        -121.8975291,
        37.3317662
       ],
       [
        -121.8975289,
        37.331756
       ],
       [
        -121.897516,
        37.3317459
       ],
       [
        -121.8975158,
        37.3317358
       ],
       [
        -121.8975028,
        37.3317257
       ],
       [
        -121.8975026,
        37.3317155
       ],
       [
        -121.8974767,
        37.3316954
       ],
       [
        -121.8974762,
        37.3316648
       ],
       [
        -121.8974632,
        37.3316548
       ],
       [
        -121.8974629,
        37.3316344
       ],
       [
        -121.8974499,
        37.3316244
       ],
       [
        -121.8974497,
        37.3316142
       ],
       [
        -121.8974287,
        37.3315979
       ],
       [
        -121.8974491,
        37.3315811
       ],
       [
        -121.8974486,
        37.3315518
       ],
       [
        -121.897396,
        37.3315524
       ],
       [
        -121.8974463,
        37.331511
       ],
       [
        -121.897459,
        37.3315109
       ],
       [
        -121.8974842,
        37.3314902
       ],
       [
        -121.897497,
        37.3314901
       ],
       [
        -121.8975221,
        37.3314694
       ],
       [
        -121.8975349,
        37.3314692
       ],
       [
        -121.89756,
        37.3314485
       ],
       [
        -121.8975856,
        37.3314482
       ],
       [
        -121.8975982,
        37.3314379
       ],
       [
        -121.8976109,
        37.3314377
       ],
       [
        -121.8976235,
        37.3314274
       ],
       [
        -121.8976616,
        37.3314168
       ],
       [
        -121.8976868,
        37.3313961
       ],
       [
        -121.8977264,
        37.3313854
       ],
       [
        -121.897726,
        37.331365
       ],
       [
        -121.8977771,
        37.3313644
       ],
       [
        -121.8977767,
        37.3313441
       ],
       [
        -121.8978007,
        37.3313438
       ],
       [
        -121.8978133,
        37.3313334
       ],
       [
        -121.8978261,
        37.3313333
       ],
       [
        -121.8978512,
        37.3313126
       ],
       [
        -121.8978893,
        37.331302
       ],
       [
        -121.8979145,
        37.3312813
       ],
       [
        -121.89794,
        37.331281
       ],
       [
        -121.8979526,
        37.3312706
       ],
       [
        -121.8979669,
        37.3312705
       ],
       [
        -121.8979665,
        37.3312501
       ],
       [
        -121.8980033,
        37.3312497
       ],
       [
        -121.8980158,
        37.3312393
       ],
       [
        -121.8980286,
        37.3312392
       ],
       [
        -121.8980427,
        37.3312276
       ],
       [
        -121.8980418,
        37.3311766
       ],
       [
        -121.8980871,
        37.3312118
       ],
       [
        -121.8981045,
        37.3311975
       ],
       [
        -121.8981172,
        37.3311974
       ],
       [
        -121.898155,
        37.3311663
       ],
       [
        -121.8981805,
        37.331166
       ],
       [
        -121.8981931,
        37.3311557
       ],
       [
        -121.8982074,
        37.3311555
       ],
       [
        -121.898207,
        37.3311351
       ],
       [
        -121.8982437,
        37.3311347
       ],
       [
        -121.8982689,
        37.331114
       ],
       [
        -121.8982817,
        37.3311139
       ],
       [
        -121.8983196,
        37.331093
       ],
       [
        -121.8983324,
        37.3310929
       ],
       [
        -121.8983575,
        37.3310722
       ],
       [
        -121.8983703,
        37.3310721
       ],
       [
        -121.8983828,
        37.3310617
       ],
       [
        -121.8984084,
        37.3310614
       ],
       [
        -121.8984461,
        37.3310304
       ],
       [
        -121.8984589,
        37.3310303
       ],
       [
        -121.8984715,
        37.3310199
       ],
       [
        -121.8985096,
        37.3310093
       ],
       [
        -121.8985347,
        37.3309886
       ],
       [
        -121.8985475,
        37.3309884
       ],
       [
        -121.8985601,
        37.3309781
       ],
       [
        -121.8985982,
        37.3309675
       ],
       [
        -121.8986233,
        37.3309468
       ],
       [
        -121.8986361,
        37.3309466
       ],
       [
        -121.8986487,
        37.3309363
       ],
       [
        -121.8986868,
        37.3309256
       ],
       [
        -121.8987499,
        37.3308841
       ],
       [
        -121.8987626,
        37.330884
       ],
       [
        -121.8987878,
        37.3308633
       ],
       [
        -121.8988133,
        37.330863
       ],
       [
        -121.8988385,
        37.3308423
       ],
       [
        -121.8988512,
        37.3308422
       ],
       [
        -121.8988638,
        37.3308318
       ],
       [
        -121.898993,
        37.3308303
       ],
       [
        -121.8989986,
        37.3311349
       ],
       [
        -121.8990115,
        37.3311449
       ],
       [
        -121.8990151,
        37.3313411
       ],
       [
        -121.8990025,
        37.3313514
       ]
      ]
     ]
    ]
   }
  },
  {
   "type": "Feature",
   "properties": {
    "kind": "block",
    "block": "E2",
    "label": "Block E2",
    "stage": "entitled",
    "height_ft": 280,
    "podium_ft": null,
    "base_ft": 0,
    "use": "Residential",
    "phase": null,
    "illustrative": true,
    "source": "illustrative: block outline traced from Figure 5.9, Block plan, p. 175; drawn to the maximum height in Downtown West Design Standards and Guidelines (October 2020), Draft EIR Appendix M (SCH 2019080493), Figure 5.12, Illustrative maximum height per block above current ground level, p. 181 (heights are from the October 2020 draft DWDSG; the approved DWDSG (March 2021, with errata) couldn't be retrieved)",
    "note": "Height from the October 2020 draft design standards; needs checking against the approved version.",
    "fid": 11
   },
   "geometry": {
    "type": "MultiPolygon",
    "coordinates": [
     [
      [
       [
        -121.8989735,
        37.3304635
       ],
       [
        -121.8989769,
        37.3306482
       ],
       [
        -121.8989533,
        37.3306677
       ],
       [
        -121.8989405,
        37.3306678
       ],
       [
        -121.8989028,
        37.3306988
       ],
       [
        -121.8988772,
        37.3306991
       ],
       [
        -121.8988647,
        37.3307095
       ],
       [
        -121.8988519,
        37.3307096
       ],
       [
        -121.8988267,
        37.3307303
       ],
       [
        -121.8987886,
        37.3307409
       ],
       [
        -121.8987761,
        37.3307513
       ],
       [
        -121.8987633,
        37.3307514
       ],
       [
        -121.8987507,
        37.3307618
       ],
       [
        -121.8987364,
        37.3307619
       ],
       [
        -121.8987368,
        37.3307823
       ],
       [
        -121.8987,
        37.3307828
       ],
       [
        -121.8986749,
        37.3308034
       ],
       [
        -121.8986493,
        37.3308037
       ],
       [
        -121.8986368,
        37.3308141
       ],
       [
        -121.898624,
        37.3308142
       ],
       [
        -121.8985973,
        37.3308362
       ],
       [
        -121.8985982,
        37.3308871
       ],
       [
        -121.8985529,
        37.330852
       ],
       [
        -121.8985356,
        37.3308662
       ],
       [
        -121.8985228,
        37.3308664
       ],
       [
        -121.8984977,
        37.3308871
       ],
       [
        -121.8984596,
        37.3308977
       ],
       [
        -121.8984344,
        37.3309184
       ],
       [
        -121.8984216,
        37.3309185
       ],
       [
        -121.8983824,
        37.3309508
       ],
       [
        -121.8983816,
        37.33091
       ],
       [
        -121.8983428,
        37.3308799
       ],
       [
        -121.8983426,
        37.3308697
       ],
       [
        -121.8983167,
        37.3308496
       ],
       [
        -121.8983163,
        37.330828
       ],
       [
        -121.8982908,
        37.3308283
       ],
       [
        -121.8982904,
        37.3308092
       ],
       [
        -121.8982775,
        37.3307991
       ],
       [
        -121.8982773,
        37.3307889
       ],
       [
        -121.898238,
        37.3307384
       ],
       [
        -121.8982378,
        37.330727
       ],
       [
        -121.8982123,
        37.3307273
       ],
       [
        -121.8982118,
        37.3306979
       ],
       [
        -121.8981857,
        37.3306677
       ],
       [
        -121.8981855,
        37.3306575
       ],
       [
        -121.8981596,
        37.3306374
       ],
       [
        -121.8981592,
        37.330617
       ],
       [
        -121.8981333,
        37.3305969
       ],
       [
        -121.8981329,
        37.330574
       ],
       [
        -121.8981565,
        37.3305546
       ],
       [
        -121.8981836,
        37.3305543
       ],
       [
        -121.8981827,
        37.3305021
       ],
       [
        -121.8982231,
        37.3305334
       ],
       [
        -121.898271,
        37.3305329
       ],
       [
        -121.8982851,
        37.3305213
       ],
       [
        -121.8982844,
        37.3304805
       ],
       [
        -121.8983248,
        37.3305119
       ],
       [
        -121.8983728,
        37.3305113
       ],
       [
        -121.8983854,
        37.330501
       ],
       [
        -121.8984237,
        37.3305005
       ],
       [
        -121.8984362,
        37.3304902
       ],
       [
        -121.8984745,
        37.3304897
       ],
       [
        -121.8984871,
        37.3304794
       ],
       [
        -121.8985254,
        37.3304789
       ],
       [
        -121.898538,
        37.3304686
       ],
       [
        -121.8985763,
        37.3304682
       ],
       [
        -121.8986142,
        37.3304473
       ],
       [
        -121.8986285,
        37.3304472
       ],
       [
        -121.8986277,
        37.3304051
       ],
       [
        -121.8986682,
        37.3304365
       ],
       [
        -121.8987034,
        37.3304361
       ],
       [
        -121.8987159,
        37.3304257
       ],
       [
        -121.8987542,
        37.3304253
       ],
       [
        -121.8987668,
        37.330415
       ],
       [
        -121.8988051,
        37.3304145
       ],
       [
        -121.8988177,
        37.3304042
       ],
       [
        -121.8988463,
        37.3304038
       ],
       [
        -121.8988593,
        37.3304139
       ],
       [
        -121.8989088,
        37.3304133
       ],
       [
        -121.8989097,
        37.3304643
       ],
       [
        -121.8989735,
        37.3304635
       ]
      ]
     ]
    ]
   }
  },
  {
   "type": "Feature",
   "properties": {
    "kind": "block",
    "block": "E3",
    "label": "Block E3",
    "stage": "entitled",
    "height_ft": 280,
    "podium_ft": null,
    "base_ft": 0,
    "use": "Residential",
    "phase": null,
    "illustrative": true,
    "source": "illustrative: block outline traced from Figure 5.9, Block plan, p. 175; drawn to the maximum height in Downtown West Design Standards and Guidelines (October 2020), Draft EIR Appendix M (SCH 2019080493), Figure 5.12, Illustrative maximum height per block above current ground level, p. 181 (heights are from the October 2020 draft DWDSG; the approved DWDSG (March 2021, with errata) couldn't be retrieved)",
    "note": "Height from the October 2020 draft design standards; needs checking against the approved version.",
    "fid": 12
   },
   "geometry": {
    "type": "MultiPolygon",
    "coordinates": [
     [
      [
       [
        -121.8980525,
        37.3310656
       ],
       [
        -121.8980529,
        37.331086
       ],
       [
        -121.8980034,
        37.3310865
       ],
       [
        -121.8979782,
        37.3311072
       ],
       [
        -121.8979639,
        37.3311074
       ],
       [
        -121.8979643,
        37.3311278
       ],
       [
        -121.8979403,
        37.3311281
       ],
       [
        -121.8979262,
        37.3311397
       ],
       [
        -121.8979271,
        37.3311906
       ],
       [
        -121.8978867,
        37.3311593
       ],
       [
        -121.8978643,
        37.3311595
       ],
       [
        -121.8978391,
        37.3311802
       ],
       [
        -121.8978136,
        37.3311805
       ],
       [
        -121.897801,
        37.3311909
       ],
       [
        -121.8977882,
        37.331191
       ],
       [
        -121.8977631,
        37.3312117
       ],
       [
        -121.897725,
        37.3312223
       ],
       [
        -121.8976998,
        37.331243
       ],
       [
        -121.8976617,
        37.3312536
       ],
       [
        -121.8976491,
        37.331264
       ],
       [
        -121.8976364,
        37.3312641
       ],
       [
        -121.8976238,
        37.3312745
       ],
       [
        -121.8975967,
        37.3312748
       ],
       [
        -121.8975971,
        37.3312952
       ],
       [
        -121.8975731,
        37.3312955
       ],
       [
        -121.8975605,
        37.3313058
       ],
       [
        -121.8975462,
        37.331306
       ],
       [
        -121.8975466,
        37.3313264
       ],
       [
        -121.8975226,
        37.3313266
       ],
       [
        -121.8975085,
        37.3313382
       ],
       [
        -121.8975094,
        37.3313892
       ],
       [
        -121.897469,
        37.3313578
       ],
       [
        -121.8974338,
        37.3313583
       ],
       [
        -121.8974087,
        37.3313789
       ],
       [
        -121.8973959,
        37.3313791
       ],
       [
        -121.8973629,
        37.3314062
       ],
       [
        -121.8973305,
        37.3313811
       ],
       [
        -121.8973304,
        37.3313709
       ],
       [
        -121.8973174,
        37.3313608
       ],
       [
        -121.8973169,
        37.3313303
       ],
       [
        -121.8972908,
        37.3313
       ],
       [
        -121.8972904,
        37.3312796
       ],
       [
        -121.8972512,
        37.3312291
       ],
       [
        -121.8972508,
        37.3312075
       ],
       [
        -121.8972252,
        37.3312078
       ],
       [
        -121.8972247,
        37.3311784
       ],
       [
        -121.8971986,
        37.3311481
       ],
       [
        -121.8971984,
        37.3311367
       ],
       [
        -121.8971203,
        37.3311376
       ],
       [
        -121.8971643,
        37.3311014
       ],
       [
        -121.8971464,
        37.3310876
       ],
       [
        -121.8971331,
        37.3310571
       ],
       [
        -121.8970684,
        37.3310069
       ],
       [
        -121.897068,
        37.3309853
       ],
       [
        -121.8970537,
        37.3309855
       ],
       [
        -121.8970278,
        37.3309654
       ],
       [
        -121.8970038,
        37.3309657
       ],
       [
        -121.8970034,
        37.3309453
       ],
       [
        -121.8969779,
        37.3309456
       ],
       [
        -121.8969775,
        37.3309264
       ],
       [
        -121.8968998,
        37.3308662
       ],
       [
        -121.8968994,
        37.3308435
       ],
       [
        -121.8969086,
        37.3308391
       ],
       [
        -121.896899,
        37.3308241
       ],
       [
        -121.8969246,
        37.3308238
       ],
       [
        -121.8969241,
        37.3307967
       ],
       [
        -121.8971773,
        37.3306781
       ],
       [
        -121.8971776,
        37.3306986
       ],
       [
        -121.8972271,
        37.330698
       ],
       [
        -121.8972475,
        37.3306812
       ],
       [
        -121.8972685,
        37.3306975
       ],
       [
        -121.8973579,
        37.3306965
       ],
       [
        -121.8973708,
        37.3307065
       ],
       [
        -121.8974714,
        37.3307053
       ],
       [
        -121.8974705,
        37.3306531
       ],
       [
        -121.8975109,
        37.3306845
       ],
       [
        -121.8975844,
        37.3306836
       ],
       [
        -121.8976223,
        37.3306628
       ],
       [
        -121.8976989,
        37.3306619
       ],
       [
        -121.897724,
        37.3306412
       ],
       [
        -121.8977751,
        37.3306406
       ],
       [
        -121.8977877,
        37.3306303
       ],
       [
        -121.8978132,
        37.33063
       ],
       [
        -121.8978258,
        37.3306196
       ],
       [
        -121.8978927,
        37.3306189
       ],
       [
        -121.8979056,
        37.3306289
       ],
       [
        -121.8979296,
        37.3306286
       ],
       [
        -121.8979302,
        37.330658
       ],
       [
        -121.8979821,
        37.3307083
       ],
       [
        -121.8979823,
        37.3307185
       ],
       [
        -121.8979953,
        37.3307286
       ],
       [
        -121.8980086,
        37.330759
       ],
       [
        -121.8980345,
        37.3307791
       ],
       [
        -121.8980347,
        37.3307893
       ],
       [
        -121.8980476,
        37.3307993
       ],
       [
        -121.898061,
        37.3308298
       ],
       [
        -121.8980869,
        37.3308498
       ],
       [
        -121.8980872,
        37.3308702
       ],
       [
        -121.8981261,
        37.3309004
       ],
       [
        -121.8981263,
        37.3309106
       ],
       [
        -121.8981524,
        37.3309408
       ],
       [
        -121.8981527,
        37.3309612
       ],
       [
        -121.8981787,
        37.3309813
       ],
       [
        -121.8981791,
        37.3310042
       ],
       [
        -121.8981554,
        37.3310236
       ],
       [
        -121.8981173,
        37.3310342
       ],
       [
        -121.8980922,
        37.3310549
       ],
       [
        -121.8980794,
        37.3310551
       ],
       [
        -121.8980668,
        37.3310654
       ],
       [
        -121.8980525,
        37.3310656
       ]
      ]
     ]
    ]
   }
  },
  {
   "type": "Feature",
   "properties": {
    "kind": "block",
    "block": "F1",
    "label": "Block F1",
    "stage": "entitled",
    "height_ft": 280,
    "podium_ft": null,
    "base_ft": 0,
    "use": "Office",
    "phase": null,
    "illustrative": true,
    "source": "illustrative: block outline traced from Figure 5.9, Block plan, p. 175; drawn to the maximum height in Downtown West Design Standards and Guidelines (October 2020), Draft EIR Appendix M (SCH 2019080493), Figure 5.12, Illustrative maximum height per block above current ground level, p. 181 (heights are from the October 2020 draft DWDSG; the approved DWDSG (March 2021, with errata) couldn't be retrieved); the approved Development Agreement (Ord. 30610, Sec. 4.2.3(a)) gives 280 ft (matches)",
    "note": "Height from the October 2020 draft design standards; the approved Development Agreement gives the same 280 ft.",
    "fid": 13
   },
   "geometry": {
    "type": "MultiPolygon",
    "coordinates": [
     [
      [
       [
        -121.9017323,
        37.3290448
       ],
       [
        -121.9017197,
        37.3290551
       ],
       [
        -121.9014006,
        37.3290588
       ],
       [
        -121.901388,
        37.3290692
       ],
       [
        -121.901144,
        37.329072
       ],
       [
        -121.9011418,
        37.3289509
       ],
       [
        -121.9011288,
        37.3289409
       ],
       [
        -121.9011251,
        37.328737
       ],
       [
        -121.9011121,
        37.328727
       ],
       [
        -121.9011106,
        37.3286455
       ],
       [
        -121.9010896,
        37.3286292
       ],
       [
        -121.90111,
        37.3286124
       ],
       [
        -121.9011078,
        37.3284926
       ],
       [
        -121.9010949,
        37.3284825
       ],
       [
        -121.9010892,
        37.3281755
       ],
       [
        -121.9010765,
        37.3281756
       ],
       [
        -121.9010752,
        37.3281043
       ],
       [
        -121.9010226,
        37.3281049
       ],
       [
        -121.9009982,
        37.328086
       ],
       [
        -121.9009943,
        37.327872
       ],
       [
        -121.9009814,
        37.3278619
       ],
       [
        -121.9009776,
        37.3276581
       ],
       [
        -121.9009647,
        37.327648
       ],
       [
        -121.9009607,
        37.3274327
       ],
       [
        -121.9010102,
        37.3274322
       ],
       [
        -121.9010369,
        37.3274102
       ],
       [
        -121.901036,
        37.3273605
       ],
       [
        -121.9010743,
        37.3273601
       ],
       [
        -121.9010739,
        37.3273384
       ],
       [
        -121.9010865,
        37.3273281
       ],
       [
        -121.9010856,
        37.3272784
       ],
       [
        -121.9011861,
        37.3272772
       ],
       [
        -121.9011343,
        37.327237
       ],
       [
        -121.9010705,
        37.3272378
       ],
       [
        -121.9011098,
        37.3272055
       ],
       [
        -121.9011094,
        37.3271851
       ],
       [
        -121.901122,
        37.3271747
       ],
       [
        -121.9011214,
        37.3271442
       ],
       [
        -121.9011388,
        37.3271299
       ],
       [
        -121.9011129,
        37.3271098
       ],
       [
        -121.9011443,
        37.327084
       ],
       [
        -121.9011586,
        37.3270838
       ],
       [
        -121.901158,
        37.327052
       ],
       [
        -121.9011832,
        37.3270313
       ],
       [
        -121.9011828,
        37.3270109
       ],
       [
        -121.9012078,
        37.32698
       ],
       [
        -121.9012076,
        37.3269698
       ],
       [
        -121.9012202,
        37.3269595
       ],
       [
        -121.9012198,
        37.3269391
       ],
       [
        -121.9012324,
        37.3269288
       ],
       [
        -121.9012316,
        37.3268892
       ],
       [
        -121.9012699,
        37.3268888
       ],
       [
        -121.9012697,
        37.3268774
       ],
       [
        -121.9012949,
        37.3268567
       ],
       [
        -121.9012941,
        37.3268159
       ],
       [
        -121.9013191,
        37.326785
       ],
       [
        -121.9013184,
        37.3267443
       ],
       [
        -121.9013309,
        37.3267339
       ],
       [
        -121.9013302,
        37.3266931
       ],
       [
        -121.9013428,
        37.3266828
       ],
       [
        -121.9013407,
        37.3265707
       ],
       [
        -121.9013533,
        37.3265603
       ],
       [
        -121.9013531,
        37.3265501
       ],
       [
        -121.9013767,
        37.3265307
       ],
       [
        -121.9014022,
        37.3265304
       ],
       [
        -121.9014148,
        37.3265201
       ],
       [
        -121.9014786,
        37.3265193
       ],
       [
        -121.9014884,
        37.3265113
       ],
       [
        -121.9016715,
        37.3265074
       ],
       [
        -121.9016724,
        37.3265566
       ],
       [
        -121.9016853,
        37.3265667
       ],
       [
        -121.9016906,
        37.3268521
       ],
       [
        -121.9017035,
        37.3268621
       ],
       [
        -121.901708,
        37.3271067
       ],
       [
        -121.9017209,
        37.3271168
       ],
       [
        -121.9017227,
        37.3272097
       ],
       [
        -121.9016476,
        37.3272106
       ],
       [
        -121.9016994,
        37.3272508
       ],
       [
        -121.9017234,
        37.3272505
       ],
       [
        -121.9017264,
        37.3274136
       ],
       [
        -121.9017392,
        37.3274135
       ],
       [
        -121.9017414,
        37.3275345
       ],
       [
        -121.9017543,
        37.3275446
       ],
       [
        -121.9017594,
        37.3278198
       ],
       [
        -121.9017723,
        37.3278298
       ],
       [
        -121.9017779,
        37.3281369
       ],
       [
        -121.9017141,
        37.3281376
       ],
       [
        -121.9017149,
        37.3281784
       ],
       [
        -121.9017516,
        37.3281779
       ],
       [
        -121.9017909,
        37.3281457
       ],
       [
        -121.9017941,
        37.3283189
       ],
       [
        -121.901807,
        37.328329
       ],
       [
        -121.90181,
        37.3284921
       ],
       [
        -121.9018192,
        37.3284992
       ],
       [
        -121.9018243,
        37.328575
       ],
       [
        -121.9018286,
        37.3288079
       ],
       [
        -121.9018378,
        37.3288151
       ],
       [
        -121.9018453,
        37.3290227
       ],
       [
        -121.9018456,
        37.3290434
       ],
       [
        -121.9017323,
        37.3290448
       ]
      ]
     ]
    ]
   }
  },
  {
   "type": "Feature",
   "properties": {
    "kind": "block",
    "block": "F2",
    "label": "Block F2",
    "stage": "entitled",
    "height_ft": 280,
    "podium_ft": null,
    "base_ft": 0,
    "use": "Residential",
    "phase": null,
    "illustrative": true,
    "source": "illustrative: block outline traced from Figure 5.9, Block plan, p. 175; drawn to the maximum height in Downtown West Design Standards and Guidelines (October 2020), Draft EIR Appendix M (SCH 2019080493), Figure 5.12, Illustrative maximum height per block above current ground level, p. 181 (heights are from the October 2020 draft DWDSG; the approved DWDSG (March 2021, with errata) couldn't be retrieved)",
    "note": "Height from the October 2020 draft design standards; needs checking against the approved version.",
    "fid": 14
   },
   "geometry": {
    "type": "MultiPolygon",
    "coordinates": [
     [
      [
       [
        -121.900751,
        37.3285261
       ],
       [
        -121.9007749,
        37.3285258
       ],
       [
        -121.9007875,
        37.3285155
       ],
       [
        -121.9008003,
        37.3285153
       ],
       [
        -121.9008254,
        37.3284946
       ],
       [
        -121.9008382,
        37.3284945
       ],
       [
        -121.9008508,
        37.3284841
       ],
       [
        -121.9008906,
        37.3284837
       ],
       [
        -121.9008942,
        37.3286761
       ],
       [
        -121.9009071,
        37.3286861
       ],
       [
        -121.9009112,
        37.3289104
       ],
       [
        -121.9009242,
        37.3289204
       ],
       [
        -121.9009274,
        37.3290949
       ],
       [
        -121.9008396,
        37.329096
       ],
       [
        -121.9008192,
        37.3291127
       ],
       [
        -121.9007982,
        37.3290965
       ],
       [
        -121.9006864,
        37.3290978
       ],
       [
        -121.9006738,
        37.3291081
       ],
       [
        -121.9004185,
        37.3291111
       ],
       [
        -121.9004059,
        37.3291214
       ],
       [
        -121.9001491,
        37.3291244
       ],
       [
        -121.9001482,
        37.3290747
       ],
       [
        -121.9001326,
        37.3290626
       ],
       [
        -121.9001339,
        37.3289908
       ],
       [
        -121.9001465,
        37.3289805
       ],
       [
        -121.9001463,
        37.3289703
       ],
       [
        -121.900184,
        37.3289393
       ],
       [
        -121.9001837,
        37.3289201
       ],
       [
        -121.9002092,
        37.3289198
       ],
       [
        -121.900209,
        37.3289084
       ],
       [
        -121.9002829,
        37.3288476
       ],
       [
        -121.9002972,
        37.3288474
       ],
       [
        -121.9002968,
        37.3288258
       ],
       [
        -121.9003599,
        37.3287843
       ],
       [
        -121.9003596,
        37.3287651
       ],
       [
        -121.9003851,
        37.3287648
       ],
       [
        -121.9003845,
        37.3287343
       ],
       [
        -121.900434,
        37.3287337
       ],
       [
        -121.9004592,
        37.328713
       ],
       [
        -121.900472,
        37.3287129
       ],
       [
        -121.9005097,
        37.3286818
       ],
       [
        -121.900524,
        37.3286817
       ],
       [
        -121.9005236,
        37.3286613
       ],
       [
        -121.9005604,
        37.3286608
       ],
       [
        -121.900528,
        37.3286357
       ],
       [
        -121.9005594,
        37.3286099
       ],
       [
        -121.9005722,
        37.3286097
       ],
       [
        -121.9006366,
        37.3285568
       ],
       [
        -121.9006365,
        37.3285478
       ],
       [
        -121.9007003,
        37.3285471
       ],
       [
        -121.9007008,
        37.3285764
       ],
       [
        -121.900737,
        37.3285466
       ],
       [
        -121.9007513,
        37.3285465
       ],
       [
        -121.900751,
        37.3285261
       ]
      ]
     ]
    ]
   }
  },
  {
   "type": "Feature",
   "properties": {
    "kind": "block",
    "block": "F3",
    "label": "Block F3",
    "stage": "entitled",
    "height_ft": 280,
    "podium_ft": null,
    "base_ft": 0,
    "use": "Office",
    "phase": null,
    "illustrative": true,
    "source": "illustrative: block outline traced from Figure 5.9, Block plan, p. 175; drawn to the maximum height in Downtown West Design Standards and Guidelines (October 2020), Draft EIR Appendix M (SCH 2019080493), Figure 5.12, Illustrative maximum height per block above current ground level, p. 181 (heights are from the October 2020 draft DWDSG; the approved DWDSG (March 2021, with errata) couldn't be retrieved)",
    "note": "Height from the October 2020 draft design standards; needs checking against the approved version.",
    "fid": 15
   },
   "geometry": {
    "type": "MultiPolygon",
    "coordinates": [
     [
      [
       [
        -121.9011422,
        37.3267985
       ],
       [
        -121.9011029,
        37.3268308
       ],
       [
        -121.9011037,
        37.3268716
       ],
       [
        -121.9010648,
        37.3268415
       ],
       [
        -121.9010271,
        37.3268725
       ],
       [
        -121.9010274,
        37.3268929
       ],
       [
        -121.9010025,
        37.3269237
       ],
       [
        -121.9010028,
        37.3269429
       ],
       [
        -121.9009773,
        37.3269432
       ],
       [
        -121.9009781,
        37.3269852
       ],
       [
        -121.9009655,
        37.3269955
       ],
       [
        -121.9009677,
        37.3271166
       ],
       [
        -121.9009437,
        37.3271169
       ],
       [
        -121.9009233,
        37.3271337
       ],
       [
        -121.900891,
        37.3271086
       ],
       [
        -121.9008917,
        37.3271493
       ],
       [
        -121.9008791,
        37.3271597
       ],
       [
        -121.9008793,
        37.3271699
       ],
       [
        -121.9008667,
        37.3271802
       ],
       [
        -121.9008671,
        37.3272006
       ],
       [
        -121.9008298,
        37.327252
       ],
       [
        -121.9008301,
        37.3272712
       ],
       [
        -121.900752,
        37.3272721
       ],
       [
        -121.900739,
        37.327262
       ],
       [
        -121.9007135,
        37.3272623
       ],
       [
        -121.9006979,
        37.3272502
       ],
       [
        -121.9007615,
        37.3270577
       ],
       [
        -121.9007893,
        37.3269453
       ],
       [
        -121.9008501,
        37.3266222
       ],
       [
        -121.9008711,
        37.3266386
       ],
       [
        -121.9009096,
        37.3266483
       ],
       [
        -121.9009226,
        37.3266584
       ],
       [
        -121.9009481,
        37.3266581
       ],
       [
        -121.900961,
        37.3266681
       ],
       [
        -121.9009866,
        37.3266678
       ],
       [
        -121.9010109,
        37.3266867
       ],
       [
        -121.9010113,
        37.3267083
       ],
       [
        -121.9011006,
        37.3267073
       ],
       [
        -121.9011014,
        37.3267493
       ],
       [
        -121.9010888,
        37.3267596
       ],
       [
        -121.9010896,
        37.3267991
       ],
       [
        -121.9011422,
        37.3267985
       ]
      ]
     ]
    ]
   }
  },
  {
   "type": "Feature",
   "properties": {
    "kind": "block",
    "block": "F4",
    "label": "Block F4",
    "stage": "entitled",
    "height_ft": 280,
    "podium_ft": null,
    "base_ft": 0,
    "use": "Residential",
    "phase": null,
    "illustrative": true,
    "source": "illustrative: block outline traced from Figure 5.9, Block plan, p. 175; drawn to the maximum height in Downtown West Design Standards and Guidelines (October 2020), Draft EIR Appendix M (SCH 2019080493), Figure 5.12, Illustrative maximum height per block above current ground level, p. 181 (heights are from the October 2020 draft DWDSG; the approved DWDSG (March 2021, with errata) couldn't be retrieved)",
    "note": "Height from the October 2020 draft design standards; needs checking against the approved version.",
    "fid": 16
   },
   "geometry": {
    "type": "MultiPolygon",
    "coordinates": [
     [
      [
       [
        -121.9007844,
        37.3282606
       ],
       [
        -121.9007851,
        37.3283014
       ],
       [
        -121.9007341,
        37.328302
       ],
       [
        -121.9007343,
        37.3283134
       ],
       [
        -121.9007093,
        37.3283443
       ],
       [
        -121.9007099,
        37.3283736
       ],
       [
        -121.9006843,
        37.3283739
       ],
       [
        -121.9006851,
        37.3284147
       ],
       [
        -121.9006596,
        37.328415
       ],
       [
        -121.9006598,
        37.3284264
       ],
       [
        -121.9005984,
        37.3284769
       ],
       [
        -121.9005841,
        37.3284771
       ],
       [
        -121.9005847,
        37.3285076
       ],
       [
        -121.9005464,
        37.3285081
       ],
       [
        -121.9005466,
        37.3285195
       ],
       [
        -121.9005214,
        37.3285402
       ],
       [
        -121.9005218,
        37.3285593
       ],
       [
        -121.900485,
        37.3285598
       ],
       [
        -121.9004599,
        37.3285805
       ],
       [
        -121.9004343,
        37.3285808
       ],
       [
        -121.9003964,
        37.3286016
       ],
       [
        -121.9003709,
        37.3286019
       ],
       [
        -121.9003583,
        37.3286122
       ],
       [
        -121.9003456,
        37.3286124
       ],
       [
        -121.9003204,
        37.3286331
       ],
       [
        -121.9002949,
        37.3286334
       ],
       [
        -121.9002823,
        37.3286437
       ],
       [
        -121.9002042,
        37.3286446
       ],
       [
        -121.9002049,
        37.3286866
       ],
       [
        -121.9001645,
        37.3286553
       ],
       [
        -121.9001022,
        37.328656
       ],
       [
        -121.9000946,
        37.328391
       ],
       [
        -121.9001013,
        37.3283244
       ],
       [
        -121.9001088,
        37.3283182
       ],
       [
        -121.9001126,
        37.328253
       ],
       [
        -121.9001203,
        37.3282467
       ],
       [
        -121.9001198,
        37.3282208
       ],
       [
        -121.9001321,
        37.3281956
       ],
       [
        -121.9001362,
        37.328156
       ],
       [
        -121.9003596,
        37.3281534
       ],
       [
        -121.9003722,
        37.3281431
       ],
       [
        -121.900704,
        37.3281392
       ],
       [
        -121.9007166,
        37.3281289
       ],
       [
        -121.9007692,
        37.3281283
       ],
       [
        -121.9007704,
        37.3281907
       ],
       [
        -121.9007578,
        37.328201
       ],
       [
        -121.9007589,
        37.3282609
       ],
       [
        -121.9007844,
        37.3282606
       ]
      ]
     ]
    ]
   }
  },
  {
   "type": "Feature",
   "properties": {
    "kind": "block",
    "block": "F5",
    "label": "Block F5",
    "stage": "entitled",
    "height_ft": 280,
    "podium_ft": null,
    "base_ft": 0,
    "use": "Office",
    "phase": null,
    "illustrative": true,
    "source": "illustrative: block outline traced from Figure 5.9, Block plan, p. 175; drawn to the maximum height in Downtown West Design Standards and Guidelines (October 2020), Draft EIR Appendix M (SCH 2019080493), Figure 5.12, Illustrative maximum height per block above current ground level, p. 181 (heights are from the October 2020 draft DWDSG; the approved DWDSG (March 2021, with errata) couldn't be retrieved)",
    "note": "Height from the October 2020 draft design standards; needs checking against the approved version.",
    "fid": 17
   },
   "geometry": {
    "type": "MultiPolygon",
    "coordinates": [
     [
      [
       [
        -121.9024859,
        37.3270581
       ],
       [
        -121.9024885,
        37.3272008
       ],
       [
        -121.9021199,
        37.3272051
       ],
       [
        -121.9021073,
        37.3272154
       ],
       [
        -121.9020818,
        37.3272157
       ],
       [
        -121.9020614,
        37.3272325
       ],
       [
        -121.9020355,
        37.3272124
       ],
       [
        -121.9019915,
        37.3272486
       ],
       [
        -121.9019896,
        37.3271467
       ],
       [
        -121.9019766,
        37.3271366
       ],
       [
        -121.9019738,
        37.3269838
       ],
       [
        -121.9019656,
        37.3269773
       ],
       [
        -121.9019596,
        37.3268895
       ],
       [
        -121.9019719,
        37.3268793
       ],
       [
        -121.9019705,
        37.3268003
       ],
       [
        -121.9019575,
        37.3267902
       ],
       [
        -121.9019536,
        37.3265762
       ],
       [
        -121.9019406,
        37.3265661
       ],
       [
        -121.9019389,
        37.3264719
       ],
       [
        -121.9019625,
        37.3264525
       ],
       [
        -121.9020136,
        37.3264519
       ],
       [
        -121.9020262,
        37.3264416
       ],
       [
        -121.9024233,
        37.3264322
       ],
       [
        -121.9024238,
        37.3264561
       ],
       [
        -121.9024367,
        37.3264661
       ],
       [
        -121.9024397,
        37.3266292
       ],
       [
        -121.9024527,
        37.3266392
       ],
       [
        -121.9024566,
        37.3268533
       ],
       [
        -121.9024695,
        37.3268633
       ],
       [
        -121.9024724,
        37.3270175
       ],
       [
        -121.9024468,
        37.3270178
       ],
       [
        -121.9024476,
        37.3270585
       ],
       [
        -121.9024859,
        37.3270581
       ]
      ]
     ]
    ]
   }
  },
  {
   "type": "Feature",
   "properties": {
    "kind": "block",
    "block": "F6",
    "label": "Block F6",
    "stage": "entitled",
    "height_ft": 40,
    "podium_ft": null,
    "base_ft": 0,
    "use": "Active use",
    "phase": null,
    "illustrative": true,
    "source": "illustrative: block outline traced from Figure 5.9, Block plan, p. 175; drawn to the maximum height in Downtown West Design Standards and Guidelines (October 2020), Draft EIR Appendix M (SCH 2019080493), Figure 5.12, Illustrative maximum height per block above current ground level, p. 181, limited to 40 ft by Standard S5.6.3 (p. 181) (heights are from the October 2020 draft DWDSG; the approved DWDSG (March 2021, with errata) couldn't be retrieved)",
    "note": "Height from the October 2020 draft design standards: 40 ft to the top of the roof (S5.6.3), below the 280-ft limit around it. Needs checking against the approved version.",
    "fid": 18
   },
   "geometry": {
    "type": "MultiPolygon",
    "coordinates": [
     [
      [
       [
        -121.9005684,
        37.3276208
       ],
       [
        -121.9005706,
        37.3277419
       ],
       [
        -121.9005836,
        37.327752
       ],
       [
        -121.900586,
        37.3278857
       ],
       [
        -121.900535,
        37.3278863
       ],
       [
        -121.9005353,
        37.3279067
       ],
       [
        -121.9003965,
        37.3279083
       ],
       [
        -121.9003839,
        37.3279187
       ],
       [
        -121.900242,
        37.3279203
       ],
       [
        -121.9002417,
        37.3279045
       ],
       [
        -121.9002584,
        37.3278732
       ],
       [
        -121.9003145,
        37.3277856
       ],
       [
        -121.9003776,
        37.3277018
       ],
       [
        -121.9004778,
        37.3275913
       ],
       [
        -121.9005183,
        37.3275908
       ],
       [
        -121.9005427,
        37.3276097
       ],
       [
        -121.9005429,
        37.3276211
       ],
       [
        -121.9005684,
        37.3276208
       ]
      ]
     ]
    ]
   }
  },
  {
   "type": "Feature",
   "properties": {
    "kind": "block",
    "block": "G1",
    "label": "Block G1",
    "stage": "entitled",
    "height_ft": 290,
    "podium_ft": null,
    "base_ft": 0,
    "use": "Office",
    "phase": null,
    "illustrative": true,
    "source": "illustrative: block outline traced from Figure 5.9, Block plan, p. 175; drawn to the maximum height in Downtown West Design Standards and Guidelines (October 2020), Draft EIR Appendix M (SCH 2019080493), Figure 5.12, Illustrative maximum height per block above current ground level, p. 181 (heights are from the October 2020 draft DWDSG; the approved DWDSG (March 2021, with errata) couldn't be retrieved); the approved Development Agreement (Ord. 30610, Sec. 4.2.3(a)) gives 290 ft (matches)",
    "note": "Height from the October 2020 draft design standards; the approved Development Agreement gives the same 290 ft.",
    "fid": 19
   },
   "geometry": {
    "type": "MultiPolygon",
    "coordinates": [
     [
      [
       [
        -121.9026696,
        37.3261333
       ],
       [
        -121.902329,
        37.3261546
       ],
       [
        -121.9011491,
        37.3262504
       ],
       [
        -121.9011433,
        37.326248
       ],
       [
        -121.9011816,
        37.3262475
       ],
       [
        -121.9011781,
        37.3260551
       ],
       [
        -121.9011376,
        37.3260238
       ],
       [
        -121.9012015,
        37.326023
       ],
       [
        -121.9012156,
        37.3260114
       ],
       [
        -121.9012154,
        37.3260012
       ],
       [
        -121.9012405,
        37.3259805
       ],
       [
        -121.9012402,
        37.3259626
       ],
       [
        -121.9012192,
        37.3259463
       ],
       [
        -121.9012506,
        37.3259205
       ],
       [
        -121.9013415,
        37.3259194
       ],
       [
        -121.9013408,
        37.3258799
       ],
       [
        -121.9013004,
        37.3258485
       ],
       [
        -121.9013897,
        37.3258475
       ],
       [
        -121.901325,
        37.3257973
       ],
       [
        -121.9014016,
        37.3257964
       ],
       [
        -121.9014408,
        37.3257641
       ],
       [
        -121.9014406,
        37.3257539
       ],
       [
        -121.9014658,
        37.3257332
       ],
       [
        -121.9014656,
        37.325723
       ],
       [
        -121.9014908,
        37.3257023
       ],
       [
        -121.9014904,
        37.3256832
       ],
       [
        -121.9015542,
        37.3256824
       ],
       [
        -121.9015533,
        37.3256302
       ],
       [
        -121.9015906,
        37.3255788
       ],
       [
        -121.9015904,
        37.3255686
       ],
       [
        -121.901603,
        37.3255583
       ],
       [
        -121.9016026,
        37.3255379
       ],
       [
        -121.9016152,
        37.3255276
       ],
       [
        -121.901615,
        37.3255174
       ],
       [
        -121.9016402,
        37.3254967
       ],
       [
        -121.90164,
        37.3254865
       ],
       [
        -121.9016526,
        37.3254762
       ],
       [
        -121.9016524,
        37.325466
       ],
       [
        -121.9016773,
        37.3254351
       ],
       [
        -121.9016772,
        37.3254249
       ],
       [
        -121.9017385,
        37.3253744
       ],
       [
        -121.9017513,
        37.3253743
       ],
       [
        -121.901789,
        37.3253433
       ],
       [
        -121.9018018,
        37.3253431
       ],
       [
        -121.9018159,
        37.3253315
       ],
       [
        -121.9018157,
        37.3253213
       ],
       [
        -121.9018786,
        37.3252696
       ],
       [
        -121.9018908,
        37.3252389
       ],
       [
        -121.9019285,
        37.3252079
       ],
       [
        -121.9019283,
        37.3251977
       ],
       [
        -121.9019409,
        37.3251873
       ],
       [
        -121.9019405,
        37.3251669
       ],
       [
        -121.9019655,
        37.3251361
       ],
       [
        -121.9019653,
        37.3251259
       ],
       [
        -121.9019905,
        37.3251052
       ],
       [
        -121.9019903,
        37.325095
       ],
       [
        -121.9021149,
        37.3250132
       ],
       [
        -121.9021404,
        37.3250129
       ],
       [
        -121.9021783,
        37.3249921
       ],
       [
        -121.902306,
        37.3249906
       ],
       [
        -121.9023264,
        37.3249738
       ],
       [
        -121.9023474,
        37.3249901
       ],
       [
        -121.9023775,
        37.3249934
       ],
       [
        -121.9024507,
        37.3258345
       ],
       [
        -121.9024561,
        37.3259611
       ],
       [
        -121.902657,
        37.325953
       ],
       [
        -121.9026696,
        37.3261333
       ]
      ]
     ]
    ]
   }
  },
  {
   "type": "Feature",
   "properties": {
    "kind": "block",
    "block": "H1",
    "label": "Block H1",
    "stage": "entitled",
    "height_ft": 150,
    "podium_ft": null,
    "base_ft": 0,
    "use": "Residential",
    "phase": null,
    "illustrative": true,
    "source": "illustrative: block outline traced from Figure 5.9, Block plan, p. 175; drawn to the maximum height in Downtown West Design Standards and Guidelines (October 2020), Draft EIR Appendix M (SCH 2019080493), Figure 5.12, Illustrative maximum height per block above current ground level, p. 181, limited to 150 ft by Standard S5.6.3 (p. 181) (heights are from the October 2020 draft DWDSG; the approved DWDSG (March 2021, with errata) couldn't be retrieved)",
    "note": "Height from the October 2020 draft design standards: 150 ft to the top of the roof (S5.6.3), below the 290-ft limit around it. Needs checking against the approved version.",
    "fid": 20
   },
   "geometry": {
    "type": "MultiPolygon",
    "coordinates": [
     [
      [
       [
        -121.9005258,
        37.3252956
       ],
       [
        -121.900529,
        37.3254689
       ],
       [
        -121.9005419,
        37.3254789
       ],
       [
        -121.9005425,
        37.325512
       ],
       [
        -121.900494,
        37.3255623
       ],
       [
        -121.9004812,
        37.3255624
       ],
       [
        -121.900456,
        37.3255831
       ],
       [
        -121.9004433,
        37.3255833
       ],
       [
        -121.9004307,
        37.3255936
       ],
       [
        -121.9004164,
        37.3255938
       ],
       [
        -121.9004168,
        37.3256142
       ],
       [
        -121.9003928,
        37.3256145
       ],
       [
        -121.9003802,
        37.3256248
       ],
       [
        -121.9003674,
        37.3256249
       ],
       [
        -121.9003297,
        37.325656
       ],
       [
        -121.9003042,
        37.3256563
       ],
       [
        -121.9002901,
        37.3256679
       ],
       [
        -121.9002904,
        37.325687
       ],
       [
        -121.9002664,
        37.3256873
       ],
       [
        -121.9002413,
        37.325708
       ],
       [
        -121.9002016,
        37.3257186
       ],
       [
        -121.9002024,
        37.3257606
       ],
       [
        -121.9001118,
        37.3256903
       ],
       [
        -121.9001114,
        37.32567
       ],
       [
        -121.9000969,
        37.3256587
       ],
       [
        -121.9000729,
        37.325659
       ],
       [
        -121.9000725,
        37.3256398
       ],
       [
        -121.9000464,
        37.3256095
       ],
       [
        -121.9000462,
        37.3255981
       ],
       [
        -121.9000207,
        37.3255984
       ],
       [
        -121.9000204,
        37.3255793
       ],
       [
        -121.9000074,
        37.3255692
       ],
       [
        -121.9000072,
        37.3255578
       ],
       [
        -121.8999817,
        37.3255581
       ],
       [
        -121.8999813,
        37.3255389
       ],
       [
        -121.8999684,
        37.3255289
       ],
       [
        -121.8999682,
        37.3255187
       ],
       [
        -121.8999164,
        37.3254785
       ],
       [
        -121.8999031,
        37.3254481
       ],
       [
        -121.8998642,
        37.325418
       ],
       [
        -121.8998638,
        37.3253963
       ],
       [
        -121.8998383,
        37.3253966
       ],
       [
        -121.8998379,
        37.3253775
       ],
       [
        -121.8997991,
        37.3253474
       ],
       [
        -121.8997989,
        37.3253372
       ],
       [
        -121.899773,
        37.3253171
       ],
       [
        -121.8997728,
        37.3253069
       ],
       [
        -121.8997469,
        37.3252868
       ],
       [
        -121.8997467,
        37.3252754
       ],
       [
        -121.8997226,
        37.3252756
       ],
       [
        -121.8997208,
        37.3252565
       ],
       [
        -121.8997079,
        37.3252465
       ],
       [
        -121.899707,
        37.3252357
       ],
       [
        -121.9001984,
        37.3249515
       ],
       [
        -121.9002483,
        37.3249328
       ],
       [
        -121.9003142,
        37.3249295
       ],
       [
        -121.9003612,
        37.3249409
       ],
       [
        -121.9003934,
        37.3249571
       ],
       [
        -121.9004362,
        37.3249995
       ],
       [
        -121.9004992,
        37.3251633
       ],
       [
        -121.9005115,
        37.3252107
       ],
       [
        -121.9005129,
        37.3252856
       ],
       [
        -121.9005258,
        37.3252956
       ]
      ]
     ]
    ]
   }
  },
  {
   "type": "Feature",
   "properties": {
    "kind": "block",
    "block": "H2",
    "label": "Block H2",
    "stage": "entitled",
    "height_ft": 290,
    "podium_ft": null,
    "base_ft": 0,
    "use": "Residential",
    "phase": null,
    "illustrative": true,
    "source": "illustrative: block outline traced from Figure 5.9, Block plan, p. 175; drawn to the maximum height in Downtown West Design Standards and Guidelines (October 2020), Draft EIR Appendix M (SCH 2019080493), Figure 5.12, Illustrative maximum height per block above current ground level, p. 181 (heights are from the October 2020 draft DWDSG; the approved DWDSG (March 2021, with errata) couldn't be retrieved)",
    "note": "Height from the October 2020 draft design standards; needs checking against the approved version.",
    "fid": 21
   },
   "geometry": {
    "type": "MultiPolygon",
    "coordinates": [
     [
      [
       [
        -121.9013507,
        37.3243289
       ],
       [
        -121.9013548,
        37.3245543
       ],
       [
        -121.9013422,
        37.3245647
       ],
       [
        -121.9013426,
        37.3245851
       ],
       [
        -121.90133,
        37.3245954
       ],
       [
        -121.9013304,
        37.3246158
       ],
       [
        -121.9013178,
        37.3246261
       ],
       [
        -121.9013182,
        37.3246465
       ],
       [
        -121.901293,
        37.3246672
       ],
       [
        -121.9012808,
        37.3246979
       ],
       [
        -121.9012557,
        37.3247186
       ],
       [
        -121.901256,
        37.3247378
       ],
       [
        -121.9011539,
        37.324739
       ],
       [
        -121.9011562,
        37.3248625
       ],
       [
        -121.9011185,
        37.3248936
       ],
       [
        -121.9011063,
        37.3249243
       ],
       [
        -121.9010561,
        37.3249758
       ],
       [
        -121.9010439,
        37.3250066
       ],
       [
        -121.9010188,
        37.3250273
       ],
       [
        -121.901019,
        37.3250374
       ],
       [
        -121.9009953,
        37.3250569
       ],
       [
        -121.9009259,
        37.3250577
       ],
       [
        -121.9008808,
        37.32493
       ],
       [
        -121.9007997,
        37.3247482
       ],
       [
        -121.9007976,
        37.3246812
       ],
       [
        -121.9008181,
        37.3246239
       ],
       [
        -121.9008463,
        37.3245852
       ],
       [
        -121.9008843,
        37.3245522
       ],
       [
        -121.9013018,
        37.3243024
       ],
       [
        -121.9013245,
        37.324294
       ],
       [
        -121.9013252,
        37.3243292
       ],
       [
        -121.9013507,
        37.3243289
       ]
      ],
      [
       [
        -121.9011151,
        37.3247088
       ],
       [
        -121.9010656,
        37.3247094
       ],
       [
        -121.901053,
        37.3247198
       ],
       [
        -121.9010259,
        37.3247201
       ],
       [
        -121.9010267,
        37.3247609
       ],
       [
        -121.901116,
        37.3247598
       ],
       [
        -121.9011151,
        37.3247088
       ]
      ]
     ]
    ]
   }
  },
  {
   "type": "Feature",
   "properties": {
    "kind": "block",
    "block": "H3",
    "label": "Block H3",
    "stage": "entitled",
    "height_ft": 290,
    "podium_ft": null,
    "base_ft": 0,
    "use": "Residential",
    "phase": null,
    "illustrative": true,
    "source": "illustrative: block outline traced from Figure 5.9, Block plan, p. 175; drawn to the maximum height in Downtown West Design Standards and Guidelines (October 2020), Draft EIR Appendix M (SCH 2019080493), Figure 5.12, Illustrative maximum height per block above current ground level, p. 181 (heights are from the October 2020 draft DWDSG; the approved DWDSG (March 2021, with errata) couldn't be retrieved)",
    "note": "Height from the October 2020 draft design standards; needs checking against the approved version.",
    "fid": 22
   },
   "geometry": {
    "type": "MultiPolygon",
    "coordinates": [
     [
      [
       [
        -121.9015094,
        37.3238478
       ],
       [
        -121.9014713,
        37.3238585
       ],
       [
        -121.9014572,
        37.3238701
       ],
       [
        -121.9014582,
        37.3239261
       ],
       [
        -121.901413,
        37.3238961
       ],
       [
        -121.9013956,
        37.3239103
       ],
       [
        -121.9013829,
        37.3239105
       ],
       [
        -121.9013451,
        37.3239415
       ],
       [
        -121.9013324,
        37.3239417
       ],
       [
        -121.9013072,
        37.3239624
       ],
       [
        -121.9012944,
        37.3239625
       ],
       [
        -121.9012803,
        37.3239741
       ],
       [
        -121.9012807,
        37.323991
       ],
       [
        -121.9012566,
        37.3240059
       ],
       [
        -121.901236,
        37.3239899
       ],
       [
        -121.9012011,
        37.3240185
       ],
       [
        -121.9009308,
        37.323718
       ],
       [
        -121.9009082,
        37.323731
       ],
       [
        -121.9007623,
        37.3235707
       ],
       [
        -121.9007622,
        37.3235622
       ],
       [
        -121.9007412,
        37.3235459
       ],
       [
        -121.9008103,
        37.323489
       ],
       [
        -121.9008231,
        37.3234888
       ],
       [
        -121.9008482,
        37.3234682
       ],
       [
        -121.900861,
        37.323468
       ],
       [
        -121.9008987,
        37.323437
       ],
       [
        -121.9009368,
        37.3234263
       ],
       [
        -121.9009746,
        37.3233953
       ],
       [
        -121.9009873,
        37.3233952
       ],
       [
        -121.9010125,
        37.3233745
       ],
       [
        -121.9010252,
        37.3233743
       ],
       [
        -121.901063,
        37.3233433
       ],
       [
        -121.9010757,
        37.3233432
       ],
       [
        -121.9011009,
        37.3233225
       ],
       [
        -121.9011137,
        37.3233223
       ],
       [
        -121.9011514,
        37.3232913
       ],
       [
        -121.9011642,
        37.3232911
       ],
       [
        -121.9011782,
        37.3232765
       ],
       [
        -121.9012457,
        37.3232392
       ],
       [
        -121.9012651,
        37.3232288
       ],
       [
        -121.9012779,
        37.3232286
       ],
       [
        -121.9013045,
        37.3232067
       ],
       [
        -121.9018875,
        37.3228851
       ],
       [
        -121.9019247,
        37.322914
       ],
       [
        -121.9019251,
        37.3229344
       ],
       [
        -121.9019381,
        37.3229444
       ],
       [
        -121.9019514,
        37.3229748
       ],
       [
        -121.9019775,
        37.3230051
       ],
       [
        -121.9019779,
        37.3230255
       ],
       [
        -121.9020171,
        37.323076
       ],
       [
        -121.9020175,
        37.3230964
       ],
       [
        -121.9020304,
        37.3231065
       ],
       [
        -121.9020308,
        37.3231268
       ],
       [
        -121.9020437,
        37.3231369
       ],
       [
        -121.9020455,
        37.3232311
       ],
       [
        -121.9020329,
        37.3232414
       ],
       [
        -121.9020336,
        37.3232822
       ],
       [
        -121.9020085,
        37.3233029
       ],
       [
        -121.9020087,
        37.3233131
       ],
       [
        -121.9019961,
        37.3233234
       ],
       [
        -121.9019981,
        37.3234356
       ],
       [
        -121.9019856,
        37.3234459
       ],
       [
        -121.9019861,
        37.3234765
       ],
       [
        -121.9019612,
        37.3235074
       ],
       [
        -121.9019615,
        37.3235277
       ],
       [
        -121.9019366,
        37.3235586
       ],
       [
        -121.9019369,
        37.323579
       ],
       [
        -121.9019244,
        37.3235893
       ],
       [
        -121.9019245,
        37.3235995
       ],
       [
        -121.9019009,
        37.323619
       ],
       [
        -121.9018882,
        37.3236191
       ],
       [
        -121.901863,
        37.3236398
       ],
       [
        -121.9018502,
        37.32364
       ],
       [
        -121.9018251,
        37.3236606
       ],
       [
        -121.9018123,
        37.3236608
       ],
       [
        -121.9017872,
        37.3236815
       ],
       [
        -121.9017744,
        37.3236816
       ],
       [
        -121.9017367,
        37.3237126
       ],
       [
        -121.9017239,
        37.3237128
       ],
       [
        -121.9016862,
        37.3237438
       ],
       [
        -121.9016734,
        37.323744
       ],
       [
        -121.9016483,
        37.3237647
       ],
       [
        -121.9016355,
        37.3237648
       ],
       [
        -121.9016214,
        37.3237764
       ],
       [
        -121.901622,
        37.323807
       ],
       [
        -121.9015717,
        37.3238483
       ],
       [
        -121.9015707,
        37.3237974
       ],
       [
        -121.9015094,
        37.3238478
       ]
      ]
     ]
    ]
   }
  },
  {
   "type": "Feature",
   "properties": {
    "kind": "block",
    "block": "H4",
    "label": "Block H4",
    "stage": "entitled",
    "height_ft": 290,
    "podium_ft": null,
    "base_ft": 0,
    "use": "Residential",
    "phase": null,
    "illustrative": true,
    "source": "illustrative: block outline traced from Figure 5.9, Block plan, p. 175; drawn to the maximum height in Downtown West Design Standards and Guidelines (October 2020), Draft EIR Appendix M (SCH 2019080493), Figure 5.12, Illustrative maximum height per block above current ground level, p. 181 (heights are from the October 2020 draft DWDSG; the approved DWDSG (March 2021, with errata) couldn't be retrieved)",
    "note": "Height from the October 2020 draft design standards; needs checking against the approved version.",
    "fid": 23
   },
   "geometry": {
    "type": "MultiPolygon",
    "coordinates": [
     [
      [
       [
        -121.9010781,
        37.3226894
       ],
       [
        -121.9010783,
        37.3226996
       ],
       [
        -121.9011171,
        37.3227297
       ],
       [
        -121.9011173,
        37.3227399
       ],
       [
        -121.9011432,
        37.32276
       ],
       [
        -121.9011434,
        37.3227702
       ],
       [
        -121.9011579,
        37.3227815
       ],
       [
        -121.9012345,
        37.3227806
       ],
       [
        -121.9011952,
        37.3228128
       ],
       [
        -121.9011956,
        37.3228308
       ],
       [
        -121.9012734,
        37.3229012
       ],
       [
        -121.9012736,
        37.3229114
       ],
       [
        -121.9012997,
        37.3229417
       ],
       [
        -121.9013009,
        37.3230053
       ],
       [
        -121.9012521,
        37.3230454
       ],
       [
        -121.9012393,
        37.3230456
       ],
       [
        -121.9012142,
        37.3230663
       ],
       [
        -121.9012014,
        37.3230664
       ],
       [
        -121.9011763,
        37.3230871
       ],
       [
        -121.9011635,
        37.3230872
       ],
       [
        -121.9011132,
        37.3231286
       ],
       [
        -121.9010751,
        37.3231393
       ],
       [
        -121.9010374,
        37.3231703
       ],
       [
        -121.9010246,
        37.3231704
       ],
       [
        -121.9009995,
        37.3231911
       ],
       [
        -121.9009867,
        37.3231913
       ],
       [
        -121.900949,
        37.3232223
       ],
       [
        -121.9009109,
        37.3232329
       ],
       [
        -121.9008226,
        37.3232951
       ],
       [
        -121.9008099,
        37.3232953
       ],
       [
        -121.9007847,
        37.323316
       ],
       [
        -121.900772,
        37.3233161
       ],
       [
        -121.9007468,
        37.3233368
       ],
       [
        -121.900734,
        37.323337
       ],
       [
        -121.9006963,
        37.323368
       ],
       [
        -121.9007157,
        37.323383
       ],
       [
        -121.9006576,
        37.3234308
       ],
       [
        -121.9006565,
        37.3233697
       ],
       [
        -121.9006203,
        37.3233995
       ],
       [
        -121.9006067,
        37.3233996
       ],
       [
        -121.9001696,
        37.3229192
       ],
       [
        -121.9001677,
        37.3228918
       ],
       [
        -121.9005309,
        37.3226766
       ],
       [
        -121.90058,
        37.3226761
       ],
       [
        -121.9005795,
        37.3226483
       ],
       [
        -121.9008163,
        37.3225102
       ],
       [
        -121.9008322,
        37.32251
       ],
       [
        -121.9008321,
        37.322501
       ],
       [
        -121.900852,
        37.3224894
       ],
       [
        -121.9008957,
        37.3224889
       ],
       [
        -121.9008961,
        37.3225093
       ],
       [
        -121.9009216,
        37.322509
       ],
       [
        -121.9009219,
        37.3225281
       ],
       [
        -121.9009478,
        37.3225482
       ],
       [
        -121.900948,
        37.3225584
       ],
       [
        -121.9009869,
        37.3225885
       ],
       [
        -121.9009871,
        37.3225987
       ],
       [
        -121.901013,
        37.3226188
       ],
       [
        -121.9010131,
        37.322629
       ],
       [
        -121.9010277,
        37.3226402
       ],
       [
        -121.9011042,
        37.3226394
       ],
       [
        -121.9010602,
        37.3226756
       ],
       [
        -121.9010781,
        37.3226894
       ]
      ]
     ]
    ]
   }
  },
  {
   "type": "Feature",
   "properties": {
    "kind": "block",
    "block": "H5/H6",
    "label": "Blocks H5 and H6",
    "stage": "entitled",
    "height_ft": null,
    "podium_ft": null,
    "base_ft": 0,
    "use": "Residential",
    "phase": null,
    "illustrative": true,
    "source": "illustrative: outline only. Traced from Figure 5.9, Block plan, p. 175 as the arm of the draft's block H3 along Auzerais Avenue, split at its parcel line; named from the Development Agreement (Ord. 30610, https://legistar.granicus.com/sanjose/attachments/d9985f7d-1a96-43f8-a1e5-96ad5a17618b.pdf), Schedule D1 (affordable housing sites H1, H5, H6). The approved General Plan resolution (https://legistar.granicus.com/sanjose/attachments/4fa89312-fd9b-4f85-932d-8d5c463c0e8f.pdf, PDF p. 91) says H5 and H6 have lower height limits under the approved DWDSG, which aren't available, so no height is drawn",
    "note": "Approximate boundary. Affordable housing sites with a lower height limit in the approved design standards; the limit isn't available, so only the outline is drawn.",
    "fid": 24
   },
   "geometry": {
    "type": "MultiPolygon",
    "coordinates": [
     [
      [
       [
        -121.90182,
        37.3227725
       ],
       [
        -121.9018459,
        37.3227926
       ],
       [
        -121.9018461,
        37.3228028
       ],
       [
        -121.9018591,
        37.3228128
       ],
       [
        -121.9018604,
        37.3228854
       ],
       [
        -121.9018874,
        37.3228851
       ],
       [
        -121.9014193,
        37.3231434
       ],
       [
        -121.9014797,
        37.3230937
       ],
       [
        -121.9015052,
        37.3230934
       ],
       [
        -121.9015193,
        37.3230819
       ],
       [
        -121.901519,
        37.3230639
       ],
       [
        -121.901498,
        37.3230477
       ],
       [
        -121.9015184,
        37.3230309
       ],
       [
        -121.901518,
        37.3230105
       ],
       [
        -121.9015306,
        37.3230002
       ],
       [
        -121.9015295,
        37.3229402
       ],
       [
        -121.9014641,
        37.322941
       ],
       [
        -121.9015034,
        37.3229087
       ],
       [
        -121.9015029,
        37.3228806
       ],
       [
        -121.9014899,
        37.3228706
       ],
       [
        -121.9014897,
        37.3228591
       ],
       [
        -121.9014642,
        37.3228594
       ],
       [
        -121.9014638,
        37.3228403
       ],
       [
        -121.9014379,
        37.3228202
       ],
       [
        -121.9014377,
        37.32281
       ],
       [
        -121.9014118,
        37.3227899
       ],
       [
        -121.9014116,
        37.3227797
       ],
       [
        -121.9013728,
        37.3227496
       ],
       [
        -121.9013726,
        37.3227394
       ],
       [
        -121.9013467,
        37.3227193
       ],
       [
        -121.9013465,
        37.3227091
       ],
       [
        -121.9013206,
        37.322689
       ],
       [
        -121.9013204,
        37.3226788
       ],
       [
        -121.9012816,
        37.3226487
       ],
       [
        -121.9012814,
        37.3226385
       ],
       [
        -121.9012555,
        37.3226184
       ],
       [
        -121.9012553,
        37.3226082
       ],
       [
        -121.9012278,
        37.3225869
       ],
       [
        -121.9011513,
        37.3225878
       ],
       [
        -121.9011905,
        37.3225555
       ],
       [
        -121.9011902,
        37.3225376
       ],
       [
        -121.9011643,
        37.3225175
       ],
       [
        -121.9011641,
        37.3225061
       ],
       [
        -121.9011258,
        37.3225066
       ],
       [
        -121.9011251,
        37.322467
       ],
       [
        -121.9010992,
        37.3224469
       ],
       [
        -121.9010988,
        37.3224266
       ],
       [
        -121.9010599,
        37.3223964
       ],
       [
        -121.9010594,
        37.3223684
       ],
       [
        -121.9013752,
        37.3221843
       ],
       [
        -121.901376,
        37.3222284
       ],
       [
        -121.9013903,
        37.3222282
       ],
       [
        -121.9014405,
        37.3222672
       ],
       [
        -121.9014539,
        37.3222976
       ],
       [
        -121.9014927,
        37.3223277
       ],
       [
        -121.9014929,
        37.3223379
       ],
       [
        -121.9015074,
        37.3223492
       ],
       [
        -121.9015314,
        37.3223489
       ],
       [
        -121.9015319,
        37.3223782
       ],
       [
        -121.9015578,
        37.3223983
       ],
       [
        -121.9015712,
        37.32243
       ],
       [
        -121.9015967,
        37.3224297
       ],
       [
        -121.9015973,
        37.322459
       ],
       [
        -121.9016232,
        37.3224791
       ],
       [
        -121.9016365,
        37.3225096
       ],
       [
        -121.9016624,
        37.3225296
       ],
       [
        -121.9016626,
        37.3225411
       ],
       [
        -121.9016881,
        37.3225408
       ],
       [
        -121.9016887,
        37.3225701
       ],
       [
        -121.9017147,
        37.3226004
       ],
       [
        -121.9017149,
        37.3226106
       ],
       [
        -121.9017408,
        37.3226307
       ],
       [
        -121.9017412,
        37.3226523
       ],
       [
        -121.9017667,
        37.322652
       ],
       [
        -121.9017675,
        37.3226915
       ],
       [
        -121.9017804,
        37.3227016
       ],
       [
        -121.9017815,
        37.3227627
       ],
       [
        -121.9018193,
        37.3227317
       ],
       [
        -121.90182,
        37.3227725
       ]
      ]
     ]
    ]
   }
  }
 ]
}
