{"type":"FeatureCollection","properties":{"project":"treasure-island","illustrative":true,"summary":"Illustrative massing: Treasure Island's 43 development blocks are drawn to the height limits of the city's zoning map, which matches the 2024 Design for Development, not as building designs. Flex zones show the tower limit over the base height, though only a few towers may be built. The finished buildings, including the 22-story Isle House, are drawn from their real footprints with stories from building permits; heights not mapped are estimated. Parks, streets, historic Buildings 1–3 and Yerba Buena Island's height districts aren't drawn.","note":"Blocks are drawn to their height limits, not as building designs; real buildings will be smaller and only a few towers are allowed.","sourceUrl":"https://api.sf.gov/documents/36177/240404-D4D_UPDATE.pdf","sourceLabel":"Design for Development, 2024 (PDF)","georeference":{"zoning":"GIS layer, used as published (no tracing)","figure_t4q":{"scale_m_per_unit":3.09219,"rotation_deg":-61.889,"rms_m":1.79,"controls":[{"label":"65-ft fill at figure (324, 319) pt","residual_m":1.24},{"label":"65-ft fill at figure (375, 318) pt","residual_m":0.75},{"label":"65-ft fill at figure (236, 354) pt","residual_m":1.68},{"label":"65-ft fill at figure (383, 359) pt","residual_m":0.25},{"label":"65-ft fill at figure (236, 373) pt","residual_m":1.47},{"label":"65-ft fill at figure (592, 425) pt","residual_m":4.38},{"label":"85-ft fill at figure (654, 228) pt","residual_m":1.87},{"label":"125-ft fill at figure (321, 347) pt","residual_m":0.33},{"label":"125-ft fill at figure (260, 349) pt","residual_m":3.56},{"label":"125-ft fill at figure (650, 370) pt","residual_m":0.7},{"label":"125-ft fill at figure (339, 391) pt","residual_m":1.03},{"label":"125-ft fill at figure (461, 391) pt","residual_m":1.29},{"label":"125-ft fill at figure (229, 391) pt","residual_m":0.29},{"label":"125-ft fill at figure (399, 393) pt","residual_m":2.08},{"label":"125-ft fill at figure (277, 393) pt","residual_m":2.43},{"label":"125-ft fill at figure (563, 432) pt","residual_m":1.13},{"label":"50-ft fill at figure (654, 249) pt","residual_m":3.24},{"label":"50-ft fill at figure (655, 312) pt","residual_m":0.62},{"label":"50-ft fill at figure (638, 360) pt","residual_m":1.61},{"label":"50-ft fill at figure (628, 361) pt","residual_m":0.34},{"label":"50-ft fill at figure (646, 390) pt","residual_m":1.34},{"label":"50-ft fill at figure (622, 392) pt","residual_m":0.64},{"label":"50-ft fill at figure (637, 452) pt","residual_m":0.93}],"method":"solid height fills matched to zoning blocks of the same height; similarity fitted to their centroids","use":"block names and a zone-by-zone height check","check":"116 of 120 zoning zones match the figure's base height and flex zone","differences":["Block E6: zoning 65-TI (957 m²); figure 65 ft with 240-ft flex hatching","Block C12: zoning 65-TI (289 m²); figure no height fill (edge sliver)","Block E8: zoning 65-TI (960 m²); figure 65 ft with 240-ft flex hatching","Block C11: zoning 65-TI (170 m²); figure no height fill (edge sliver)"]}},"license":"Block shapes: DataSF zoning map (Public Domain U.S. Government). Building footprints and mapped heights: OpenStreetMap contributors (ODbL 1.0), via Overture Maps."},"features":[{"type":"Feature","properties":{"kind":"block","block":"B1-A","label":"Block B1-A","stage":"entitled","height_ft":50,"podium_ft":null,"base_ft":0,"use":"Mixed use","phase":null,"illustrative":true,"source":"illustrative: drawn to the height limit of zoning district \"50-TI\" in DataSF Zoning Map – Height and Bulk Districts (https://data.sf.gov/d/h9wh-cg3m); block name and check from Treasure Island and Yerba Buena Island Design for Development (April 4, 2024 update), Figure T4.q, Maximum Height Plan, p. 169; use from Figure T3.d, Key Plan to the Treasure Island Land Use Table, p. 157","fid":1},"geometry":{"type":"MultiPolygon","coordinates":[[[[-122.369784,37.8169973],[-122.3700528,37.8168854],[-122.3704278,37.8173529],[-122.3701075,37.8174863],[-122.369784,37.8169973]]]]}},{"type":"Feature","properties":{"kind":"block","block":"B1-A","label":"Block B1-A","stage":"entitled","height_ft":50,"podium_ft":null,"base_ft":0,"use":"Mixed use","phase":null,"illustrative":true,"source":"illustrative: drawn to the height limit of zoning district \"50-TI\" in DataSF Zoning Map – Height and Bulk Districts (https://data.sf.gov/d/h9wh-cg3m); block name and check from Treasure Island and Yerba Buena Island Design for Development (April 4, 2024 update), Figure T4.q, Maximum Height Plan, p. 169; use from Figure T3.d, Key Plan to the Treasure Island Land Use Table, p. 157","fid":2},"geometry":{"type":"MultiPolygon","coordinates":[[[[-122.3702064,37.8176358],[-122.3705425,37.8174959],[-122.3708414,37.8178687],[-122.3704652,37.818027],[-122.3702064,37.8176358]]]]}},{"type":"Feature","properties":{"kind":"block","block":"B1-B","label":"Block B1-B","stage":"entitled","height_ft":50,"podium_ft":null,"base_ft":0,"use":"Mixed use","phase":null,"illustrative":true,"source":"illustrative: drawn to the height limit of zoning district \"50-TI\" in DataSF Zoning Map – Height and Bulk Districts (https://data.sf.gov/d/h9wh-cg3m); block name and check from Treasure Island and Yerba Buena Island Design for Development (April 4, 2024 update), Figure T4.q, Maximum Height Plan, p. 169; use from Figure T3.d, Key Plan to the Treasure Island Land Use Table, p. 157","fid":3},"geometry":{"type":"MultiPolygon","coordinates":[[[[-122.3719195,37.8160134],[-122.3726509,37.8171072],[-122.3723893,37.8172173],[-122.371664,37.8161209],[-122.3719195,37.8160134]]]]}},{"type":"Feature","properties":{"kind":"block","block":"B2-A","label":"Block B2-A","stage":"entitled","height_ft":50,"podium_ft":null,"base_ft":0,"use":"Mixed use","phase":null,"illustrative":true,"source":"illustrative: drawn to the height limit of zoning district \"50-TI\" in DataSF Zoning Map – Height and Bulk Districts (https://data.sf.gov/d/h9wh-cg3m); block name and check from Treasure Island and Yerba Buena Island Design for Development (April 4, 2024 update), Figure T4.q, Maximum Height Plan, p. 169; use from Figure T3.d, Key Plan to the Treasure Island Land Use Table, p. 157","fid":4},"geometry":{"type":"MultiPolygon","coordinates":[[[[-122.3680647,37.8178641],[-122.3670321,37.8182939],[-122.3669152,37.8181191],[-122.3679454,37.8176856],[-122.3680647,37.8178641]]]]}},{"type":"Feature","properties":{"kind":"block","block":"B3-A","label":"Block B3-A","stage":"entitled","height_ft":85,"podium_ft":null,"base_ft":0,"use":"Mixed use","phase":null,"illustrative":true,"source":"illustrative: drawn to the height limit of zoning district \"85-TI\" in DataSF Zoning Map – Height and Bulk Districts (https://data.sf.gov/d/h9wh-cg3m); block name and check from Treasure Island and Yerba Buena Island Design for Development (April 4, 2024 update), Figure T4.q, Maximum Height Plan, p. 169; use from Figure T3.d, Key Plan to the Treasure Island Land Use Table, p. 157","fid":5},"geometry":{"type":"MultiPolygon","coordinates":[[[[-122.3649737,37.8189359],[-122.3651118,37.8191455],[-122.3648431,37.8192569],[-122.3647054,37.8190488],[-122.3649737,37.8189359]]]]}},{"type":"Feature","properties":{"kind":"block","block":"B3-A","label":"Block B3-A","stage":"entitled","height_ft":50,"podium_ft":null,"base_ft":0,"use":"Mixed use","phase":null,"illustrative":true,"source":"illustrative: drawn to the height limit of zoning district \"50-TI\" in DataSF Zoning Map – Height and Bulk Districts (https://data.sf.gov/d/h9wh-cg3m); block name and check from Treasure Island and Yerba Buena Island Design for Development (April 4, 2024 update), Figure T4.q, Maximum Height Plan, p. 169; use from Figure T3.d, Key Plan to the Treasure Island Land Use Table, p. 157","fid":6},"geometry":{"type":"MultiPolygon","coordinates":[[[[-122.3650648,37.8190742],[-122.3649646,37.818922],[-122.366008,37.8184896],[-122.3661048,37.8186367],[-122.3650648,37.8190742]],[[-122.3660593,37.8186348],[-122.3660592,37.8186348],[-122.3653297,37.8189412],[-122.3660593,37.8186348]]]]}},{"type":"Feature","properties":{"kind":"block","block":"C1","label":"Block C1","stage":"entitled","height_ft":450,"podium_ft":75,"base_ft":0,"use":"Mixed use","phase":null,"illustrative":true,"source":"illustrative: drawn to the height limit of zoning district \"75-TI/450 Flex Zone-TI\" in DataSF Zoning Map – Height and Bulk Districts (https://data.sf.gov/d/h9wh-cg3m); block name and check from Treasure Island and Yerba Buena Island Design for Development (April 4, 2024 update), Figure T4.q, Maximum Height Plan, p. 169; use from Figure T3.d, Key Plan to the Treasure Island Land Use Table, p. 157","note":"Flex height zone: 75 ft, with towers allowed to 450 ft under the Design for Development's tower rules (T4.4.2).","fid":7},"geometry":{"type":"MultiPolygon","coordinates":[[[[-122.3706581,37.818247],[-122.371126,37.8180501],[-122.3718019,37.8188927],[-122.3713594,37.8193039],[-122.3706581,37.818247]]]]}},{"type":"Feature","properties":{"kind":"block","block":"C2-A","label":"Block C2-A","stage":"entitled","height_ft":75,"podium_ft":null,"base_ft":0,"use":"Residential","phase":null,"illustrative":true,"source":"illustrative: drawn to the height limit of zoning district \"75-TI\" in DataSF Zoning Map – Height and Bulk Districts (https://data.sf.gov/d/h9wh-cg3m); block name and check from Treasure Island and Yerba Buena Island Design for Development (April 4, 2024 update), Figure T4.q, Maximum Height Plan, p. 169; use from Figure T3.d, Key Plan to the Treasure Island Land Use Table, p. 157","fid":8},"geometry":{"type":"MultiPolygon","coordinates":[[[[-122.3721673,37.8197719],[-122.3722787,37.8199398],[-122.3718894,37.8201024],[-122.371461,37.8194569],[-122.3714677,37.8194508],[-122.3717791,37.819922],[-122.3721673,37.8197719]]]]}},{"type":"Feature","properties":{"kind":"block","block":"C2-A","label":"Block C2-A","stage":"entitled","height_ft":315,"podium_ft":75,"base_ft":0,"use":"Residential","phase":null,"illustrative":true,"source":"illustrative: drawn to the height limit of zoning district \"75-TI/315 Flex Zone-TI\" in DataSF Zoning Map – Height and Bulk Districts (https://data.sf.gov/d/h9wh-cg3m); block name and check from Treasure Island and Yerba Buena Island Design for Development (April 4, 2024 update), Figure T4.q, Maximum Height Plan, p. 169; use from Figure T3.d, Key Plan to the Treasure Island Land Use Table, p. 157","note":"Flex height zone: 75 ft, with towers allowed to 315 ft under the Design for Development's tower rules (T4.4.2).","fid":9},"geometry":{"type":"MultiPolygon","coordinates":[[[[-122.3718894,37.8201024],[-122.3722787,37.8199398],[-122.3725502,37.8203488],[-122.3722886,37.8205919],[-122.3722036,37.8205759],[-122.3718894,37.8201024]]]]}},{"type":"Feature","properties":{"kind":"block","block":"C2-A","label":"Block C2-A","stage":"entitled","height_ft":315,"podium_ft":45,"base_ft":0,"use":"Residential","phase":null,"illustrative":true,"source":"illustrative: drawn to the height limit of zoning district \"45-TI/315 Flex Zone-TI\" in DataSF Zoning Map – Height and Bulk Districts (https://data.sf.gov/d/h9wh-cg3m); block name and check from Treasure Island and Yerba Buena Island Design for Development (April 4, 2024 update), Figure T4.q, Maximum Height Plan, p. 169; use from Figure T3.d, Key Plan to the Treasure Island Land Use Table, p. 157","note":"Flex height zone: 45 ft, with towers allowed to 315 ft under the Design for Development's tower rules (T4.4.2).","fid":10},"geometry":{"type":"MultiPolygon","coordinates":[[[[-122.3722787,37.8199398],[-122.3724836,37.8198542],[-122.372712,37.8201984],[-122.3725502,37.8203488],[-122.3722787,37.8199398]]]]}},{"type":"Feature","properties":{"kind":"block","block":"C2-A","label":"Block C2-A","stage":"entitled","height_ft":45,"podium_ft":null,"base_ft":0,"use":"Residential","phase":null,"illustrative":true,"source":"illustrative: drawn to the height limit of zoning district \"45-TI\" in DataSF Zoning Map – Height and Bulk Districts (https://data.sf.gov/d/h9wh-cg3m); block name and check from Treasure Island and Yerba Buena Island Design for Development (April 4, 2024 update), Figure T4.q, Maximum Height Plan, p. 169; use from Figure T3.d, Key Plan to the Treasure Island Land Use Table, p. 157","note":"45 ft, up to 55 ft along the Shared Public Way in some cases (D4D T4.4.8).","fid":11},"geometry":{"type":"MultiPolygon","coordinates":[[[[-122.3719039,37.8190454],[-122.3719304,37.8190207],[-122.3724836,37.8198542],[-122.3722787,37.8199398],[-122.3721673,37.8197719],[-122.372341,37.8197048],[-122.3719039,37.8190454]]]]}},{"type":"Feature","properties":{"kind":"block","block":"C2-B","label":"Block C2-B","stage":"entitled","height_ft":65,"podium_ft":null,"base_ft":0,"use":"Residential","phase":null,"illustrative":true,"source":"illustrative: drawn to the height limit of zoning district \"65-TI\" in DataSF Zoning Map – Height and Bulk Districts (https://data.sf.gov/d/h9wh-cg3m); block name and check from Treasure Island and Yerba Buena Island Design for Development (April 4, 2024 update), Figure T4.q, Maximum Height Plan, p. 169; use from Figure T3.d, Key Plan to the Treasure Island Land Use Table, p. 157","fid":12},"geometry":{"type":"MultiPolygon","coordinates":[[[[-122.3727153,37.8191497],[-122.3731445,37.8197965],[-122.3728855,37.8200371],[-122.3727821,37.8198812],[-122.3728375,37.8198297],[-122.3725211,37.8193531],[-122.3727742,37.8192482],[-122.3727153,37.8191497]]]]}},{"type":"Feature","properties":{"kind":"block","block":"C2-B","label":"Block C2-B","stage":"entitled","height_ft":45,"podium_ft":null,"base_ft":0,"use":"Residential","phase":null,"illustrative":true,"source":"illustrative: drawn to the height limit of zoning district \"45-TI\" in DataSF Zoning Map – Height and Bulk Districts (https://data.sf.gov/d/h9wh-cg3m); block name and check from Treasure Island and Yerba Buena Island Design for Development (April 4, 2024 update), Figure T4.q, Maximum Height Plan, p. 169; use from Figure T3.d, Key Plan to the Treasure Island Land Use Table, p. 157","note":"45 ft, up to 55 ft along the Shared Public Way in some cases (D4D T4.4.8).","fid":13},"geometry":{"type":"MultiPolygon","coordinates":[[[[-122.3725211,37.8193531],[-122.3728375,37.8198297],[-122.3727821,37.8198812],[-122.3728855,37.8200371],[-122.3728025,37.8201143],[-122.3723455,37.8194259],[-122.3725211,37.8193531]]]]}},{"type":"Feature","properties":{"kind":"block","block":"C2-H","label":"Block C2-H","stage":"entitled","height_ft":125,"podium_ft":null,"base_ft":0,"use":"Mixed use","phase":null,"illustrative":true,"source":"illustrative: drawn to the height limit of zoning district \"125-TI\" in DataSF Zoning Map – Height and Bulk Districts (https://data.sf.gov/d/h9wh-cg3m); block name and check from Treasure Island and Yerba Buena Island Design for Development (April 4, 2024 update), Figure T4.q, Maximum Height Plan, p. 169; use from Figure T3.d, Key Plan to the Treasure Island Land Use Table, p. 157","fid":14},"geometry":{"type":"MultiPolygon","coordinates":[[[[-122.372363,37.8186188],[-122.3728012,37.8182115],[-122.3731536,37.8187424],[-122.3727153,37.8191497],[-122.372363,37.8186188]]]]}},{"type":"Feature","properties":{"kind":"block","block":"C3-A","label":"Block C3-A","stage":"entitled","height_ft":75,"podium_ft":null,"base_ft":0,"use":"Residential","phase":null,"illustrative":true,"source":"illustrative: drawn to the height limit of zoning district \"75-TI\" in DataSF Zoning Map – Height and Bulk Districts (https://data.sf.gov/d/h9wh-cg3m); block name and check from Treasure Island and Yerba Buena Island Design for Development (April 4, 2024 update), Figure T4.q, Maximum Height Plan, p. 169; use from Figure T3.d, Key Plan to the Treasure Island Land Use Table, p. 157","fid":15},"geometry":{"type":"MultiPolygon","coordinates":[[[[-122.3728378,37.8210357],[-122.3727825,37.8210605],[-122.372786,37.8210652],[-122.3727789,37.8210678],[-122.3726192,37.8208258],[-122.3726271,37.8208228],[-122.3726103,37.8207984],[-122.3725674,37.8208091],[-122.3725437,37.8207746],[-122.3726334,37.8206881],[-122.372668,37.8206886],[-122.3726883,37.8207201],[-122.3726512,37.8207546],[-122.3728378,37.8210357]]],[[[-122.3729342,37.821181],[-122.3726762,37.8212879],[-122.3726444,37.82124],[-122.3729032,37.8211344],[-122.3729342,37.821181]]]]}},{"type":"Feature","properties":{"kind":"block","block":"C3-A","label":"Block C3-A","stage":"entitled","height_ft":45,"podium_ft":null,"base_ft":0,"use":"Residential","phase":null,"illustrative":true,"source":"illustrative: drawn to the height limit of zoning district \"45-TI\" in DataSF Zoning Map – Height and Bulk Districts (https://data.sf.gov/d/h9wh-cg3m); block name and check from Treasure Island and Yerba Buena Island Design for Development (April 4, 2024 update), Figure T4.q, Maximum Height Plan, p. 169; use from Figure T3.d, Key Plan to the Treasure Island Land Use Table, p. 157","note":"45 ft, up to 55 ft along the Shared Public Way in some cases (D4D T4.4.8).","fid":16},"geometry":{"type":"MultiPolygon","coordinates":[[[[-122.3729032,37.8211344],[-122.3730625,37.8210694],[-122.3726915,37.8204944],[-122.3726614,37.8205079],[-122.3726983,37.8204736],[-122.3731173,37.8211051],[-122.3729342,37.821181],[-122.3729032,37.8211344]]],[[[-122.3726883,37.8207201],[-122.3728802,37.8210167],[-122.3728378,37.8210357],[-122.3726512,37.8207546],[-122.3726883,37.8207201]]]]}},{"type":"Feature","properties":{"kind":"block","block":"C3-B","label":"Block C3-B","stage":"entitled","height_ft":240,"podium_ft":65,"base_ft":0,"use":"Residential","phase":null,"illustrative":true,"source":"illustrative: drawn to the height limit of zoning district \"65-TI/240 Flex Zone-TI\" in DataSF Zoning Map – Height and Bulk Districts (https://data.sf.gov/d/h9wh-cg3m); block name and check from Treasure Island and Yerba Buena Island Design for Development (April 4, 2024 update), Figure T4.q, Maximum Height Plan, p. 169; use from Figure T3.d, Key Plan to the Treasure Island Land Use Table, p. 157","note":"Flex height zone: 65 ft, with towers allowed to 240 ft under the Design for Development's tower rules (T4.4.2).","fid":17},"geometry":{"type":"MultiPolygon","coordinates":[[[[-122.3730992,37.8205122],[-122.3735066,37.820342],[-122.3737866,37.8207639],[-122.3737751,37.8207687],[-122.373693,37.8206468],[-122.3732963,37.8208092],[-122.3730992,37.8205122]]]]}},{"type":"Feature","properties":{"kind":"block","block":"C3-B","label":"Block C3-B","stage":"entitled","height_ft":65,"podium_ft":null,"base_ft":0,"use":"Residential","phase":null,"illustrative":true,"source":"illustrative: drawn to the height limit of zoning district \"65-TI\" in DataSF Zoning Map – Height and Bulk Districts (https://data.sf.gov/d/h9wh-cg3m); block name and check from Treasure Island and Yerba Buena Island Design for Development (April 4, 2024 update), Figure T4.q, Maximum Height Plan, p. 169; use from Figure T3.d, Key Plan to the Treasure Island Land Use Table, p. 157","fid":18},"geometry":{"type":"MultiPolygon","coordinates":[[[[-122.3735066,37.820342],[-122.3732537,37.8204476],[-122.3731013,37.820218],[-122.3733011,37.8200323],[-122.3735066,37.820342]]]]}},{"type":"Feature","properties":{"kind":"block","block":"C3-B","label":"Block C3-B","stage":"entitled","height_ft":240,"podium_ft":45,"base_ft":0,"use":"Residential","phase":null,"illustrative":true,"source":"illustrative: drawn to the height limit of zoning district \"45-TI/240 Flex Zone-TI\" in DataSF Zoning Map – Height and Bulk Districts (https://data.sf.gov/d/h9wh-cg3m); block name and check from Treasure Island and Yerba Buena Island Design for Development (April 4, 2024 update), Figure T4.q, Maximum Height Plan, p. 169; use from Figure T3.d, Key Plan to the Treasure Island Land Use Table, p. 157","note":"Flex height zone: 45 ft, with towers allowed to 240 ft under the Design for Development's tower rules (T4.4.2).","fid":19},"geometry":{"type":"MultiPolygon","coordinates":[[[[-122.3730992,37.8205122],[-122.3732963,37.8208092],[-122.3731264,37.8208787],[-122.3732093,37.821005],[-122.3732015,37.8210083],[-122.3729215,37.8205864],[-122.3730992,37.8205122]]]]}},{"type":"Feature","properties":{"kind":"block","block":"C4-A","label":"Block C4-A","stage":"entitled","height_ft":125,"podium_ft":null,"base_ft":0,"use":"Residential","phase":null,"illustrative":true,"source":"illustrative: drawn to the height limit of zoning district \"125-TI\" in DataSF Zoning Map – Height and Bulk Districts (https://data.sf.gov/d/h9wh-cg3m); block name and check from Treasure Island and Yerba Buena Island Design for Development (April 4, 2024 update), Figure T4.q, Maximum Height Plan, p. 169; use from Figure T3.d, Key Plan to the Treasure Island Land Use Table, p. 157","fid":20},"geometry":{"type":"MultiPolygon","coordinates":[[[[-122.3738335,37.8230335],[-122.3742076,37.8228777],[-122.3745394,37.8233791],[-122.3744297,37.8234819],[-122.3741953,37.8235803],[-122.3738335,37.8230335]]]]}},{"type":"Feature","properties":{"kind":"block","block":"C4-A","label":"Block C4-A","stage":"entitled","height_ft":125,"podium_ft":null,"base_ft":0,"use":"Residential","phase":null,"illustrative":true,"source":"illustrative: drawn to the height limit of zoning district \"125-TI\" in DataSF Zoning Map – Height and Bulk Districts (https://data.sf.gov/d/h9wh-cg3m); block name and check from Treasure Island and Yerba Buena Island Design for Development (April 4, 2024 update), Figure T4.q, Maximum Height Plan, p. 169; use from Figure T3.d, Key Plan to the Treasure Island Land Use Table, p. 157","fid":21},"geometry":{"type":"MultiPolygon","coordinates":[[[[-122.3744285,37.8234825],[-122.3742889,37.8236138],[-122.3742056,37.8235958],[-122.3741954,37.8235804],[-122.3744285,37.8234825]]]]}},{"type":"Feature","properties":{"kind":"block","block":"C4-A","label":"Block C4-A","stage":"entitled","height_ft":75,"podium_ft":null,"base_ft":0,"use":"Residential","phase":null,"illustrative":true,"source":"illustrative: drawn to the height limit of zoning district \"75-TI\" in DataSF Zoning Map – Height and Bulk Districts (https://data.sf.gov/d/h9wh-cg3m); block name and check from Treasure Island and Yerba Buena Island Design for Development (April 4, 2024 update), Figure T4.q, Maximum Height Plan, p. 169; use from Figure T3.d, Key Plan to the Treasure Island Land Use Table, p. 157","fid":22},"geometry":{"type":"MultiPolygon","coordinates":[[[[-122.3736782,37.8227988],[-122.3740523,37.822643],[-122.3742076,37.8228777],[-122.3738335,37.8230335],[-122.3736782,37.8227988]]]]}},{"type":"Feature","properties":{"kind":"block","block":"C4-A","label":"Block C4-A","stage":"entitled","height_ft":75,"podium_ft":null,"base_ft":0,"use":"Residential","phase":null,"illustrative":true,"source":"illustrative: drawn to the height limit of zoning district \"75-TI\" in DataSF Zoning Map – Height and Bulk Districts (https://data.sf.gov/d/h9wh-cg3m); block name and check from Treasure Island and Yerba Buena Island Design for Development (April 4, 2024 update), Figure T4.q, Maximum Height Plan, p. 169; use from Figure T3.d, Key Plan to the Treasure Island Land Use Table, p. 157","fid":23},"geometry":{"type":"MultiPolygon","coordinates":[[[[-122.3736602,37.8222675],[-122.3733986,37.8223764],[-122.3733574,37.8223143],[-122.3735641,37.8221223],[-122.3736602,37.8222675]]]]}},{"type":"Feature","properties":{"kind":"block","block":"C4-A","label":"Block C4-A","stage":"entitled","height_ft":240,"podium_ft":75,"base_ft":0,"use":"Residential","phase":null,"illustrative":true,"source":"illustrative: drawn to the height limit of zoning district \"75-TI/240 Flex Zone-TI\" in DataSF Zoning Map – Height and Bulk Districts (https://data.sf.gov/d/h9wh-cg3m); block name and check from Treasure Island and Yerba Buena Island Design for Development (April 4, 2024 update), Figure T4.q, Maximum Height Plan, p. 169; use from Figure T3.d, Key Plan to the Treasure Island Land Use Table, p. 157","note":"Flex height zone: 75 ft, with towers allowed to 240 ft under the Design for Development's tower rules (T4.4.2).","fid":24},"geometry":{"type":"MultiPolygon","coordinates":[[[[-122.3733986,37.8223764],[-122.3737728,37.8222206],[-122.3740523,37.822643],[-122.3736782,37.8227988],[-122.3733986,37.8223764]]]]}},{"type":"Feature","properties":{"kind":"block","block":"C4-A","label":"Block C4-A","stage":"entitled","height_ft":240,"podium_ft":45,"base_ft":0,"use":"Residential","phase":null,"illustrative":true,"source":"illustrative: drawn to the height limit of zoning district \"45-TI/240 Flex Zone-TI\" in DataSF Zoning Map – Height and Bulk Districts (https://data.sf.gov/d/h9wh-cg3m); block name and check from Treasure Island and Yerba Buena Island Design for Development (April 4, 2024 update), Figure T4.q, Maximum Height Plan, p. 169; use from Figure T3.d, Key Plan to the Treasure Island Land Use Table, p. 157","note":"Flex height zone: 45 ft, with towers allowed to 240 ft under the Design for Development's tower rules (T4.4.2).","fid":25},"geometry":{"type":"MultiPolygon","coordinates":[[[[-122.3737728,37.8222206],[-122.3739752,37.8221364],[-122.3742553,37.8225585],[-122.3740523,37.822643],[-122.3737728,37.8222206]]]]}},{"type":"Feature","properties":{"kind":"block","block":"C4-A","label":"Block C4-A","stage":"entitled","height_ft":45,"podium_ft":null,"base_ft":0,"use":"Residential","phase":null,"illustrative":true,"source":"illustrative: drawn to the height limit of zoning district \"45-TI\" in DataSF Zoning Map – Height and Bulk Districts (https://data.sf.gov/d/h9wh-cg3m); block name and check from Treasure Island and Yerba Buena Island Design for Development (April 4, 2024 update), Figure T4.q, Maximum Height Plan, p. 169; use from Figure T3.d, Key Plan to the Treasure Island Land Use Table, p. 157","note":"45 ft, up to 55 ft along the Shared Public Way in some cases (D4D T4.4.8).","fid":26},"geometry":{"type":"MultiPolygon","coordinates":[[[[-122.3745394,37.8233791],[-122.3740523,37.822643],[-122.3742553,37.8225585],[-122.3747001,37.8232286],[-122.3745394,37.8233791]]]]}},{"type":"Feature","properties":{"kind":"block","block":"C4-B","label":"Block C4-B","stage":"entitled","height_ft":65,"podium_ft":null,"base_ft":0,"use":"Residential","phase":null,"illustrative":true,"source":"illustrative: drawn to the height limit of zoning district \"65-TI\" in DataSF Zoning Map – Height and Bulk Districts (https://data.sf.gov/d/h9wh-cg3m); block name and check from Treasure Island and Yerba Buena Island Design for Development (April 4, 2024 update), Figure T4.q, Maximum Height Plan, p. 169; use from Figure T3.d, Key Plan to the Treasure Island Land Use Table, p. 157","fid":27},"geometry":{"type":"MultiPolygon","coordinates":[[[[-122.3740394,37.821805],[-122.3743104,37.8215531],[-122.3751455,37.8228113],[-122.3748753,37.8230644],[-122.3747742,37.822912],[-122.3748418,37.8228487],[-122.3742048,37.8218889],[-122.3741369,37.8219519],[-122.3740394,37.821805]]]]}},{"type":"Feature","properties":{"kind":"block","block":"C4-B","label":"Block C4-B","stage":"entitled","height_ft":45,"podium_ft":null,"base_ft":0,"use":"Residential","phase":null,"illustrative":true,"source":"illustrative: drawn to the height limit of zoning district \"45-TI\" in DataSF Zoning Map – Height and Bulk Districts (https://data.sf.gov/d/h9wh-cg3m); block name and check from Treasure Island and Yerba Buena Island Design for Development (April 4, 2024 update), Figure T4.q, Maximum Height Plan, p. 169; use from Figure T3.d, Key Plan to the Treasure Island Land Use Table, p. 157","note":"45 ft, up to 55 ft along the Shared Public Way in some cases (D4D T4.4.8).","fid":28},"geometry":{"type":"MultiPolygon","coordinates":[[[[-122.3740394,37.821805],[-122.3741369,37.8219519],[-122.3742048,37.8218889],[-122.3748418,37.8228487],[-122.3747742,37.822912],[-122.3748753,37.8230644],[-122.3747934,37.8231412],[-122.3739573,37.8218813],[-122.3740394,37.821805]]]]}},{"type":"Feature","properties":{"kind":"block","block":"C5-A","label":"Block C5-A","stage":"entitled","height_ft":125,"podium_ft":null,"base_ft":0,"use":"Residential","phase":null,"illustrative":true,"source":"illustrative: drawn to the height limit of zoning district \"125-TI\" in DataSF Zoning Map – Height and Bulk Districts (https://data.sf.gov/d/h9wh-cg3m); block name and check from Treasure Island and Yerba Buena Island Design for Development (April 4, 2024 update), Figure T4.q, Maximum Height Plan, p. 169; use from Figure T3.d, Key Plan to the Treasure Island Land Use Table, p. 157","fid":29},"geometry":{"type":"MultiPolygon","coordinates":[[[[-122.3747676,37.8244451],[-122.3750206,37.8243397],[-122.3753333,37.8248122],[-122.3753882,37.8247607],[-122.3755095,37.824944],[-122.3753135,37.8251276],[-122.3752113,37.8251155],[-122.3747676,37.8244451]]]]}},{"type":"Feature","properties":{"kind":"block","block":"C5-A","label":"Block C5-A","stage":"entitled","height_ft":75,"podium_ft":null,"base_ft":0,"use":"Residential","phase":null,"illustrative":true,"source":"illustrative: drawn to the height limit of zoning district \"75-TI\" in DataSF Zoning Map – Height and Bulk Districts (https://data.sf.gov/d/h9wh-cg3m); block name and check from Treasure Island and Yerba Buena Island Design for Development (April 4, 2024 update), Figure T4.q, Maximum Height Plan, p. 169; use from Figure T3.d, Key Plan to the Treasure Island Land Use Table, p. 157","fid":30},"geometry":{"type":"MultiPolygon","coordinates":[[[[-122.3745993,37.8235687],[-122.3747067,37.8237309],[-122.3746518,37.8237824],[-122.3750206,37.8243397],[-122.3747676,37.8244451],[-122.3743452,37.8238068],[-122.3745993,37.8235687]]]]}},{"type":"Feature","properties":{"kind":"block","block":"C5-A","label":"Block C5-A","stage":"entitled","height_ft":45,"podium_ft":null,"base_ft":0,"use":"Residential","phase":null,"illustrative":true,"source":"illustrative: drawn to the height limit of zoning district \"45-TI\" in DataSF Zoning Map – Height and Bulk Districts (https://data.sf.gov/d/h9wh-cg3m); block name and check from Treasure Island and Yerba Buena Island Design for Development (April 4, 2024 update), Figure T4.q, Maximum Height Plan, p. 169; use from Figure T3.d, Key Plan to the Treasure Island Land Use Table, p. 157","note":"45 ft, up to 55 ft along the Shared Public Way in some cases (D4D T4.4.8).","fid":31},"geometry":{"type":"MultiPolygon","coordinates":[[[[-122.3753333,37.8248122],[-122.3746518,37.8237824],[-122.3747067,37.8237309],[-122.3745993,37.8235687],[-122.374693,37.8234809],[-122.3756048,37.8248547],[-122.3755095,37.824944],[-122.3753882,37.8247607],[-122.3753333,37.8248122]]]]}},{"type":"Feature","properties":{"kind":"block","block":"C5-B","label":"Block C5-B","stage":"entitled","height_ft":240,"podium_ft":65,"base_ft":0,"use":"Residential","phase":null,"illustrative":true,"source":"illustrative: drawn to the height limit of zoning district \"65-TI/240 Flex Zone-TI\" in DataSF Zoning Map – Height and Bulk Districts (https://data.sf.gov/d/h9wh-cg3m); block name and check from Treasure Island and Yerba Buena Island Design for Development (April 4, 2024 update), Figure T4.q, Maximum Height Plan, p. 169; use from Figure T3.d, Key Plan to the Treasure Island Land Use Table, p. 157","note":"Flex height zone: 65 ft, with towers allowed to 240 ft under the Design for Development's tower rules (T4.4.2).","fid":32},"geometry":{"type":"MultiPolygon","coordinates":[[[[-122.375098,37.8235334],[-122.3755105,37.8233611],[-122.375787,37.8237778],[-122.3753745,37.82395],[-122.375098,37.8235334]]]]}},{"type":"Feature","properties":{"kind":"block","block":"C5-B","label":"Block C5-B","stage":"entitled","height_ft":65,"podium_ft":null,"base_ft":0,"use":"Residential","phase":null,"illustrative":true,"source":"illustrative: drawn to the height limit of zoning district \"65-TI\" in DataSF Zoning Map – Height and Bulk Districts (https://data.sf.gov/d/h9wh-cg3m); block name and check from Treasure Island and Yerba Buena Island Design for Development (April 4, 2024 update), Figure T4.q, Maximum Height Plan, p. 169; use from Figure T3.d, Key Plan to the Treasure Island Land Use Table, p. 157","fid":33},"geometry":{"type":"MultiPolygon","coordinates":[[[[-122.3753745,37.82395],[-122.375787,37.8237778],[-122.3761579,37.8243365],[-122.3758331,37.8246409],[-122.3753745,37.82395]]]]}},{"type":"Feature","properties":{"kind":"block","block":"C5-B","label":"Block C5-B","stage":"entitled","height_ft":65,"podium_ft":null,"base_ft":0,"use":"Residential","phase":null,"illustrative":true,"source":"illustrative: drawn to the height limit of zoning district \"65-TI\" in DataSF Zoning Map – Height and Bulk Districts (https://data.sf.gov/d/h9wh-cg3m); block name and check from Treasure Island and Yerba Buena Island Design for Development (April 4, 2024 update), Figure T4.q, Maximum Height Plan, p. 169; use from Figure T3.d, Key Plan to the Treasure Island Land Use Table, p. 157","fid":34},"geometry":{"type":"MultiPolygon","coordinates":[[[[-122.3752954,37.8231184],[-122.3752768,37.8230902],[-122.37531,37.8230591],[-122.3755105,37.8233611],[-122.3752348,37.8234763],[-122.3750929,37.8232625],[-122.3752071,37.8231555],[-122.3752954,37.8231184]]]]}},{"type":"Feature","properties":{"kind":"block","block":"C5-B","label":"Block C5-B","stage":"entitled","height_ft":45,"podium_ft":null,"base_ft":0,"use":"Residential","phase":null,"illustrative":true,"source":"illustrative: drawn to the height limit of zoning district \"45-TI\" in DataSF Zoning Map – Height and Bulk Districts (https://data.sf.gov/d/h9wh-cg3m); block name and check from Treasure Island and Yerba Buena Island Design for Development (April 4, 2024 update), Figure T4.q, Maximum Height Plan, p. 169; use from Figure T3.d, Key Plan to the Treasure Island Land Use Table, p. 157","note":"45 ft, up to 55 ft along the Shared Public Way in some cases (D4D T4.4.8).","fid":35},"geometry":{"type":"MultiPolygon","coordinates":[[[[-122.3752071,37.82402],[-122.3753745,37.82395],[-122.3758331,37.8246409],[-122.3757012,37.8247644],[-122.3752071,37.82402]]]]}},{"type":"Feature","properties":{"kind":"block","block":"C5-B","label":"Block C5-B","stage":"entitled","height_ft":240,"podium_ft":45,"base_ft":0,"use":"Residential","phase":null,"illustrative":true,"source":"illustrative: drawn to the height limit of zoning district \"45-TI/240 Flex Zone-TI\" in DataSF Zoning Map – Height and Bulk Districts (https://data.sf.gov/d/h9wh-cg3m); block name and check from Treasure Island and Yerba Buena Island Design for Development (April 4, 2024 update), Figure T4.q, Maximum Height Plan, p. 169; use from Figure T3.d, Key Plan to the Treasure Island Land Use Table, p. 157","note":"Flex height zone: 45 ft, with towers allowed to 240 ft under the Design for Development's tower rules (T4.4.2).","fid":36},"geometry":{"type":"MultiPolygon","coordinates":[[[[-122.375098,37.8235334],[-122.3753745,37.82395],[-122.3752071,37.82402],[-122.3749306,37.8236033],[-122.375098,37.8235334]]]]}},{"type":"Feature","properties":{"kind":"block","block":"C6-A","label":"Block C6-A","stage":"entitled","height_ft":125,"podium_ft":null,"base_ft":0,"use":"Residential","phase":null,"illustrative":true,"source":"illustrative: drawn to the height limit of zoning district \"125-TI\" in DataSF Zoning Map – Height and Bulk Districts (https://data.sf.gov/d/h9wh-cg3m); block name and check from Treasure Island and Yerba Buena Island Design for Development (April 4, 2024 update), Figure T4.q, Maximum Height Plan, p. 169; use from Figure T3.d, Key Plan to the Treasure Island Land Use Table, p. 157","fid":37},"geometry":{"type":"MultiPolygon","coordinates":[[[[-122.3758249,37.8260427],[-122.3762159,37.8258799],[-122.3765669,37.8264103],[-122.3763068,37.826654],[-122.3762181,37.8266368],[-122.3758249,37.8260427]]]]}},{"type":"Feature","properties":{"kind":"block","block":"C6-A","label":"Block C6-A","stage":"entitled","height_ft":75,"podium_ft":null,"base_ft":0,"use":"Residential","phase":null,"illustrative":true,"source":"illustrative: drawn to the height limit of zoning district \"75-TI\" in DataSF Zoning Map – Height and Bulk Districts (https://data.sf.gov/d/h9wh-cg3m); block name and check from Treasure Island and Yerba Buena Island Design for Development (April 4, 2024 update), Figure T4.q, Maximum Height Plan, p. 169; use from Figure T3.d, Key Plan to the Treasure Island Land Use Table, p. 157","fid":38},"geometry":{"type":"MultiPolygon","coordinates":[[[[-122.3756786,37.8258217],[-122.3760696,37.8256589],[-122.3762159,37.8258799],[-122.3758249,37.8260427],[-122.3756786,37.8258217]]]]}},{"type":"Feature","properties":{"kind":"block","block":"C6-A","label":"Block C6-A","stage":"entitled","height_ft":75,"podium_ft":null,"base_ft":0,"use":"Residential","phase":null,"illustrative":true,"source":"illustrative: drawn to the height limit of zoning district \"75-TI\" in DataSF Zoning Map – Height and Bulk Districts (https://data.sf.gov/d/h9wh-cg3m); block name and check from Treasure Island and Yerba Buena Island Design for Development (April 4, 2024 update), Figure T4.q, Maximum Height Plan, p. 169; use from Figure T3.d, Key Plan to the Treasure Island Land Use Table, p. 157","fid":39},"geometry":{"type":"MultiPolygon","coordinates":[[[[-122.3756409,37.8253058],[-122.3754028,37.8254049],[-122.3753571,37.8253358],[-122.3755445,37.8251602],[-122.3756409,37.8253058]]]]}},{"type":"Feature","properties":{"kind":"block","block":"C6-A","label":"Block C6-A","stage":"entitled","height_ft":240,"podium_ft":75,"base_ft":0,"use":"Residential","phase":null,"illustrative":true,"source":"illustrative: drawn to the height limit of zoning district \"75-TI/240 Flex Zone-TI\" in DataSF Zoning Map – Height and Bulk Districts (https://data.sf.gov/d/h9wh-cg3m); block name and check from Treasure Island and Yerba Buena Island Design for Development (April 4, 2024 update), Figure T4.q, Maximum Height Plan, p. 169; use from Figure T3.d, Key Plan to the Treasure Island Land Use Table, p. 157","note":"Flex height zone: 75 ft, with towers allowed to 240 ft under the Design for Development's tower rules (T4.4.2).","fid":40},"geometry":{"type":"MultiPolygon","coordinates":[[[[-122.3754028,37.8254049],[-122.3757938,37.8252421],[-122.3760696,37.8256589],[-122.3756786,37.8258217],[-122.3754028,37.8254049]]]]}},{"type":"Feature","properties":{"kind":"block","block":"C6-A","label":"Block C6-A","stage":"entitled","height_ft":240,"podium_ft":45,"base_ft":0,"use":"Residential","phase":null,"illustrative":true,"source":"illustrative: drawn to the height limit of zoning district \"45-TI/240 Flex Zone-TI\" in DataSF Zoning Map – Height and Bulk Districts (https://data.sf.gov/d/h9wh-cg3m); block name and check from Treasure Island and Yerba Buena Island Design for Development (April 4, 2024 update), Figure T4.q, Maximum Height Plan, p. 169; use from Figure T3.d, Key Plan to the Treasure Island Land Use Table, p. 157","note":"Flex height zone: 45 ft, with towers allowed to 240 ft under the Design for Development's tower rules (T4.4.2).","fid":41},"geometry":{"type":"MultiPolygon","coordinates":[[[[-122.3757938,37.8252421],[-122.3759947,37.8251584],[-122.3762705,37.8255752],[-122.3760696,37.8256589],[-122.3757938,37.8252421]]]]}},{"type":"Feature","properties":{"kind":"block","block":"C6-A","label":"Block C6-A","stage":"entitled","height_ft":45,"podium_ft":null,"base_ft":0,"use":"Residential","phase":null,"illustrative":true,"source":"illustrative: drawn to the height limit of zoning district \"45-TI\" in DataSF Zoning Map – Height and Bulk Districts (https://data.sf.gov/d/h9wh-cg3m); block name and check from Treasure Island and Yerba Buena Island Design for Development (April 4, 2024 update), Figure T4.q, Maximum Height Plan, p. 169; use from Figure T3.d, Key Plan to the Treasure Island Land Use Table, p. 157","note":"45 ft, up to 55 ft along the Shared Public Way in some cases (D4D T4.4.8).","fid":42},"geometry":{"type":"MultiPolygon","coordinates":[[[[-122.3765669,37.8264103],[-122.3760696,37.8256589],[-122.3762705,37.8255752],[-122.3767251,37.8262621],[-122.3765669,37.8264103]]]]}},{"type":"Feature","properties":{"kind":"block","block":"C6-B","label":"Block C6-B","stage":"entitled","height_ft":65,"podium_ft":null,"base_ft":0,"use":"Residential","phase":null,"illustrative":true,"source":"illustrative: drawn to the height limit of zoning district \"65-TI\" in DataSF Zoning Map – Height and Bulk Districts (https://data.sf.gov/d/h9wh-cg3m); block name and check from Treasure Island and Yerba Buena Island Design for Development (April 4, 2024 update), Figure T4.q, Maximum Height Plan, p. 169; use from Figure T3.d, Key Plan to the Treasure Island Land Use Table, p. 157","fid":43},"geometry":{"type":"MultiPolygon","coordinates":[[[[-122.3760419,37.8248146],[-122.3763091,37.8245643],[-122.3771635,37.8258514],[-122.3768947,37.8261031],[-122.3767764,37.8259244],[-122.376834,37.8258705],[-122.3761931,37.8249022],[-122.3761356,37.8249561],[-122.3760419,37.8248146]]]]}},{"type":"Feature","properties":{"kind":"block","block":"C6-B","label":"Block C6-B","stage":"entitled","height_ft":45,"podium_ft":null,"base_ft":0,"use":"Residential","phase":null,"illustrative":true,"source":"illustrative: drawn to the height limit of zoning district \"45-TI\" in DataSF Zoning Map – Height and Bulk Districts (https://data.sf.gov/d/h9wh-cg3m); block name and check from Treasure Island and Yerba Buena Island Design for Development (April 4, 2024 update), Figure T4.q, Maximum Height Plan, p. 169; use from Figure T3.d, Key Plan to the Treasure Island Land Use Table, p. 157","note":"45 ft, up to 55 ft along the Shared Public Way in some cases (D4D T4.4.8).","fid":44},"geometry":{"type":"MultiPolygon","coordinates":[[[[-122.3760419,37.8248146],[-122.3761356,37.8249561],[-122.3761931,37.8249022],[-122.376834,37.8258705],[-122.3767764,37.8259244],[-122.3768947,37.8261031],[-122.3768116,37.826181],[-122.3759588,37.8248924],[-122.3760419,37.8248146]]]]}},{"type":"Feature","properties":{"kind":"block","block":"C7-A","label":"Block C7-A","stage":"entitled","height_ft":125,"podium_ft":null,"base_ft":0,"use":"Residential","phase":null,"illustrative":true,"source":"illustrative: drawn to the height limit of zoning district \"125-TI\" in DataSF Zoning Map – Height and Bulk Districts (https://data.sf.gov/d/h9wh-cg3m); block name and check from Treasure Island and Yerba Buena Island Design for Development (April 4, 2024 update), Figure T4.q, Maximum Height Plan, p. 169; use from Figure T3.d, Key Plan to the Treasure Island Land Use Table, p. 157","fid":45},"geometry":{"type":"MultiPolygon","coordinates":[[[[-122.3766453,37.8272823],[-122.3768754,37.8271865],[-122.3770328,37.8274243],[-122.3770896,37.8273711],[-122.3772085,37.8275507],[-122.3770214,37.827726],[-122.3769264,37.827707],[-122.3766453,37.8272823]]]]}},{"type":"Feature","properties":{"kind":"block","block":"C7-A","label":"Block C7-A","stage":"entitled","height_ft":75,"podium_ft":null,"base_ft":0,"use":"Residential","phase":null,"illustrative":true,"source":"illustrative: drawn to the height limit of zoning district \"75-TI\" in DataSF Zoning Map – Height and Bulk Districts (https://data.sf.gov/d/h9wh-cg3m); block name and check from Treasure Island and Yerba Buena Island Design for Development (April 4, 2024 update), Figure T4.q, Maximum Height Plan, p. 169; use from Figure T3.d, Key Plan to the Treasure Island Land Use Table, p. 157","fid":46},"geometry":{"type":"MultiPolygon","coordinates":[[[[-122.3765909,37.8266175],[-122.3766816,37.8267546],[-122.3766248,37.8268078],[-122.3768754,37.8271865],[-122.3766453,37.8272823],[-122.3763529,37.8268405],[-122.3765909,37.8266175]]]]}},{"type":"Feature","properties":{"kind":"block","block":"C7-A","label":"Block C7-A","stage":"entitled","height_ft":45,"podium_ft":null,"base_ft":0,"use":"Residential","phase":null,"illustrative":true,"source":"illustrative: drawn to the height limit of zoning district \"45-TI\" in DataSF Zoning Map – Height and Bulk Districts (https://data.sf.gov/d/h9wh-cg3m); block name and check from Treasure Island and Yerba Buena Island Design for Development (April 4, 2024 update), Figure T4.q, Maximum Height Plan, p. 169; use from Figure T3.d, Key Plan to the Treasure Island Land Use Table, p. 157","note":"45 ft, up to 55 ft along the Shared Public Way in some cases (D4D T4.4.8).","fid":47},"geometry":{"type":"MultiPolygon","coordinates":[[[[-122.3770328,37.8274243],[-122.3766248,37.8268078],[-122.3766816,37.8267546],[-122.3765909,37.8266175],[-122.3767018,37.8265136],[-122.3773194,37.8274468],[-122.3772085,37.8275507],[-122.3770896,37.8273711],[-122.3770328,37.8274243]]]]}},{"type":"Feature","properties":{"kind":"block","block":"C7-B","label":"Block C7-B","stage":"entitled","height_ft":240,"podium_ft":65,"base_ft":0,"use":"Residential","phase":null,"illustrative":true,"source":"illustrative: drawn to the height limit of zoning district \"65-TI/240 Flex Zone-TI\" in DataSF Zoning Map – Height and Bulk Districts (https://data.sf.gov/d/h9wh-cg3m); block name and check from Treasure Island and Yerba Buena Island Design for Development (April 4, 2024 update), Figure T4.q, Maximum Height Plan, p. 169; use from Figure T3.d, Key Plan to the Treasure Island Land Use Table, p. 157","note":"Flex height zone: 65 ft, with towers allowed to 240 ft under the Design for Development's tower rules (T4.4.2).","fid":48},"geometry":{"type":"MultiPolygon","coordinates":[[[[-122.3770519,37.8268064],[-122.3776356,37.8265626],[-122.3778762,37.8269251],[-122.3774159,37.8273564],[-122.3770519,37.8268064]]]]}},{"type":"Feature","properties":{"kind":"block","block":"C7-B","label":"Block C7-B","stage":"entitled","height_ft":65,"podium_ft":null,"base_ft":0,"use":"Residential","phase":null,"illustrative":true,"source":"illustrative: drawn to the height limit of zoning district \"65-TI\" in DataSF Zoning Map – Height and Bulk Districts (https://data.sf.gov/d/h9wh-cg3m); block name and check from Treasure Island and Yerba Buena Island Design for Development (April 4, 2024 update), Figure T4.q, Maximum Height Plan, p. 169; use from Figure T3.d, Key Plan to the Treasure Island Land Use Table, p. 157","fid":49},"geometry":{"type":"MultiPolygon","coordinates":[[[[-122.3776356,37.8265626],[-122.3772438,37.8267263],[-122.3769943,37.8263493],[-122.3773024,37.8260607],[-122.3776356,37.8265626]]]]}},{"type":"Feature","properties":{"kind":"block","block":"C8-A","label":"Block C8-A","stage":"entitled","height_ft":65,"podium_ft":null,"base_ft":0,"use":"Residential","phase":null,"illustrative":true,"source":"illustrative: drawn to the height limit of zoning district \"65-TI\" in DataSF Zoning Map – Height and Bulk Districts (https://data.sf.gov/d/h9wh-cg3m); block name and check from Treasure Island and Yerba Buena Island Design for Development (April 4, 2024 update), Figure T4.q, Maximum Height Plan, p. 169; use from Figure T3.d, Key Plan to the Treasure Island Land Use Table, p. 157","fid":50},"geometry":{"type":"MultiPolygon","coordinates":[[[[-122.3752687,37.8278443],[-122.3757142,37.8274269],[-122.376027,37.8278995],[-122.375339,37.8279506],[-122.3752687,37.8278443]]]]}},{"type":"Feature","properties":{"kind":"block","block":"C8-B","label":"Block C8-B","stage":"entitled","height_ft":65,"podium_ft":null,"base_ft":0,"use":"Residential","phase":null,"illustrative":true,"source":"illustrative: drawn to the height limit of zoning district \"65-TI\" in DataSF Zoning Map – Height and Bulk Districts (https://data.sf.gov/d/h9wh-cg3m); block name and check from Treasure Island and Yerba Buena Island Design for Development (April 4, 2024 update), Figure T4.q, Maximum Height Plan, p. 169; use from Figure T3.d, Key Plan to the Treasure Island Land Use Table, p. 157","fid":51},"geometry":{"type":"MultiPolygon","coordinates":[[[[-122.3758091,37.8273381],[-122.3761083,37.8270577],[-122.3761859,37.8270628],[-122.3766801,37.8278095],[-122.3766622,37.8278523],[-122.3761734,37.8278886],[-122.3758091,37.8273381]]]]}},{"type":"Feature","properties":{"kind":"block","block":"C9-A","label":"Block C9-A","stage":"entitled","height_ft":125,"podium_ft":null,"base_ft":0,"use":"Residential","phase":null,"illustrative":true,"source":"illustrative: drawn to the height limit of zoning district \"125-TI\" in DataSF Zoning Map – Height and Bulk Districts (https://data.sf.gov/d/h9wh-cg3m); block name and check from Treasure Island and Yerba Buena Island Design for Development (April 4, 2024 update), Figure T4.q, Maximum Height Plan, p. 169; use from Figure T3.d, Key Plan to the Treasure Island Land Use Table, p. 157","fid":52},"geometry":{"type":"MultiPolygon","coordinates":[[[[-122.374765,37.8270833],[-122.3751312,37.8269308],[-122.3754597,37.8274272],[-122.3752294,37.827643],[-122.3751286,37.8276327],[-122.374765,37.8270833]]]]}},{"type":"Feature","properties":{"kind":"block","block":"C9-A","label":"Block C9-A","stage":"entitled","height_ft":240,"podium_ft":65,"base_ft":0,"use":"Residential","phase":null,"illustrative":true,"source":"illustrative: drawn to the height limit of zoning district \"65-TI/240 Flex Zone-TI\" in DataSF Zoning Map – Height and Bulk Districts (https://data.sf.gov/d/h9wh-cg3m); block name and check from Treasure Island and Yerba Buena Island Design for Development (April 4, 2024 update), Figure T4.q, Maximum Height Plan, p. 169; use from Figure T3.d, Key Plan to the Treasure Island Land Use Table, p. 157","note":"Flex height zone: 65 ft, with towers allowed to 240 ft under the Design for Development's tower rules (T4.4.2).","fid":53},"geometry":{"type":"MultiPolygon","coordinates":[[[[-122.3743141,37.8264019],[-122.3746803,37.8262494],[-122.3749538,37.8266628],[-122.3745876,37.8268152],[-122.3743141,37.8264019]]]]}},{"type":"Feature","properties":{"kind":"block","block":"C9-A","label":"Block C9-A","stage":"entitled","height_ft":65,"podium_ft":null,"base_ft":0,"use":"Residential","phase":null,"illustrative":true,"source":"illustrative: drawn to the height limit of zoning district \"65-TI\" in DataSF Zoning Map – Height and Bulk Districts (https://data.sf.gov/d/h9wh-cg3m); block name and check from Treasure Island and Yerba Buena Island Design for Development (April 4, 2024 update), Figure T4.q, Maximum Height Plan, p. 169; use from Figure T3.d, Key Plan to the Treasure Island Land Use Table, p. 157","fid":54},"geometry":{"type":"MultiPolygon","coordinates":[[[[-122.3745876,37.8268152],[-122.3749538,37.8266628],[-122.3751312,37.8269308],[-122.374765,37.8270833],[-122.3745876,37.8268152]]]]}},{"type":"Feature","properties":{"kind":"block","block":"C9-A","label":"Block C9-A","stage":"entitled","height_ft":65,"podium_ft":null,"base_ft":0,"use":"Residential","phase":null,"illustrative":true,"source":"illustrative: drawn to the height limit of zoning district \"65-TI\" in DataSF Zoning Map – Height and Bulk Districts (https://data.sf.gov/d/h9wh-cg3m); block name and check from Treasure Island and Yerba Buena Island Design for Development (April 4, 2024 update), Figure T4.q, Maximum Height Plan, p. 169; use from Figure T3.d, Key Plan to the Treasure Island Land Use Table, p. 157","fid":55},"geometry":{"type":"MultiPolygon","coordinates":[[[[-122.3745786,37.8262918],[-122.3743141,37.8264019],[-122.374268,37.8263323],[-122.3744763,37.8261372],[-122.3745786,37.8262918]]]]}},{"type":"Feature","properties":{"kind":"block","block":"C9-A","label":"Block C9-A","stage":"entitled","height_ft":240,"podium_ft":45,"base_ft":0,"use":"Residential","phase":null,"illustrative":true,"source":"illustrative: drawn to the height limit of zoning district \"45-TI/240 Flex Zone-TI\" in DataSF Zoning Map – Height and Bulk Districts (https://data.sf.gov/d/h9wh-cg3m); block name and check from Treasure Island and Yerba Buena Island Design for Development (April 4, 2024 update), Figure T4.q, Maximum Height Plan, p. 169; use from Figure T3.d, Key Plan to the Treasure Island Land Use Table, p. 157","note":"Flex height zone: 45 ft, with towers allowed to 240 ft under the Design for Development's tower rules (T4.4.2).","fid":56},"geometry":{"type":"MultiPolygon","coordinates":[[[[-122.3746803,37.8262494],[-122.37488,37.8261663],[-122.3751535,37.8265796],[-122.3749538,37.8266628],[-122.3746803,37.8262494]]]]}},{"type":"Feature","properties":{"kind":"block","block":"C9-A","label":"Block C9-A","stage":"entitled","height_ft":45,"podium_ft":null,"base_ft":0,"use":"Residential","phase":null,"illustrative":true,"source":"illustrative: drawn to the height limit of zoning district \"45-TI\" in DataSF Zoning Map – Height and Bulk Districts (https://data.sf.gov/d/h9wh-cg3m); block name and check from Treasure Island and Yerba Buena Island Design for Development (April 4, 2024 update), Figure T4.q, Maximum Height Plan, p. 169; use from Figure T3.d, Key Plan to the Treasure Island Land Use Table, p. 157","note":"45 ft, up to 55 ft along the Shared Public Way in some cases (D4D T4.4.8).","fid":57},"geometry":{"type":"MultiPolygon","coordinates":[[[[-122.3754597,37.8274272],[-122.3749538,37.8266628],[-122.3751535,37.8265796],[-122.3756169,37.8272799],[-122.3754597,37.8274272]]]]}},{"type":"Feature","properties":{"kind":"block","block":"C9-B","label":"Block C9-B","stage":"entitled","height_ft":65,"podium_ft":null,"base_ft":0,"use":"Residential","phase":null,"illustrative":true,"source":"illustrative: drawn to the height limit of zoning district \"65-TI\" in DataSF Zoning Map – Height and Bulk Districts (https://data.sf.gov/d/h9wh-cg3m); block name and check from Treasure Island and Yerba Buena Island Design for Development (April 4, 2024 update), Figure T4.q, Maximum Height Plan, p. 169; use from Figure T3.d, Key Plan to the Treasure Island Land Use Table, p. 157","fid":58},"geometry":{"type":"MultiPolygon","coordinates":[[[[-122.3748994,37.8257408],[-122.3751063,37.825547],[-122.3751847,37.8255498],[-122.3760569,37.8268678],[-122.3758027,37.8271059],[-122.3756948,37.8269428],[-122.3757479,37.8268931],[-122.3750571,37.8258493],[-122.375004,37.825899],[-122.3748994,37.8257408]]]]}},{"type":"Feature","properties":{"kind":"block","block":"C9-B","label":"Block C9-B","stage":"entitled","height_ft":45,"podium_ft":null,"base_ft":0,"use":"Residential","phase":null,"illustrative":true,"source":"illustrative: drawn to the height limit of zoning district \"45-TI\" in DataSF Zoning Map – Height and Bulk Districts (https://data.sf.gov/d/h9wh-cg3m); block name and check from Treasure Island and Yerba Buena Island Design for Development (April 4, 2024 update), Figure T4.q, Maximum Height Plan, p. 169; use from Figure T3.d, Key Plan to the Treasure Island Land Use Table, p. 157","note":"45 ft, up to 55 ft along the Shared Public Way in some cases (D4D T4.4.8).","fid":59},"geometry":{"type":"MultiPolygon","coordinates":[[[[-122.3748994,37.8257408],[-122.375004,37.825899],[-122.3750571,37.8258493],[-122.3757479,37.8268931],[-122.3756948,37.8269428],[-122.3758027,37.8271059],[-122.3757118,37.8271911],[-122.3748085,37.825826],[-122.3748994,37.8257408]]]]}},{"type":"Feature","properties":{"kind":"block","block":"C10-A","label":"Block C10-A","stage":"entitled","height_ft":125,"podium_ft":null,"base_ft":0,"use":"Residential","phase":null,"illustrative":true,"source":"illustrative: drawn to the height limit of zoning district \"125-TI\" in DataSF Zoning Map – Height and Bulk Districts (https://data.sf.gov/d/h9wh-cg3m); block name and check from Treasure Island and Yerba Buena Island Design for Development (April 4, 2024 update), Figure T4.q, Maximum Height Plan, p. 169; use from Figure T3.d, Key Plan to the Treasure Island Land Use Table, p. 157","fid":60},"geometry":{"type":"MultiPolygon","coordinates":[[[[-122.3736929,37.8254631],[-122.3739446,37.8253583],[-122.3742564,37.8258295],[-122.3743223,37.8257677],[-122.3744311,37.8259321],[-122.3742136,37.8261358],[-122.3741266,37.8261185],[-122.3736929,37.8254631]]]]}},{"type":"Feature","properties":{"kind":"block","block":"C10-A","label":"Block C10-A","stage":"entitled","height_ft":65,"podium_ft":null,"base_ft":0,"use":"Residential","phase":null,"illustrative":true,"source":"illustrative: drawn to the height limit of zoning district \"65-TI\" in DataSF Zoning Map – Height and Bulk Districts (https://data.sf.gov/d/h9wh-cg3m); block name and check from Treasure Island and Yerba Buena Island Design for Development (April 4, 2024 update), Figure T4.q, Maximum Height Plan, p. 169; use from Figure T3.d, Key Plan to the Treasure Island Land Use Table, p. 157","fid":61},"geometry":{"type":"MultiPolygon","coordinates":[[[[-122.37353,37.8245704],[-122.3736278,37.8247181],[-122.3735618,37.8247799],[-122.3739446,37.8253583],[-122.3736929,37.8254631],[-122.3732659,37.8248179],[-122.37353,37.8245704]]]]}},{"type":"Feature","properties":{"kind":"block","block":"C10-A","label":"Block C10-A","stage":"entitled","height_ft":45,"podium_ft":null,"base_ft":0,"use":"Residential","phase":null,"illustrative":true,"source":"illustrative: drawn to the height limit of zoning district \"45-TI\" in DataSF Zoning Map – Height and Bulk Districts (https://data.sf.gov/d/h9wh-cg3m); block name and check from Treasure Island and Yerba Buena Island Design for Development (April 4, 2024 update), Figure T4.q, Maximum Height Plan, p. 169; use from Figure T3.d, Key Plan to the Treasure Island Land Use Table, p. 157","note":"45 ft, up to 55 ft along the Shared Public Way in some cases (D4D T4.4.8).","fid":62},"geometry":{"type":"MultiPolygon","coordinates":[[[[-122.3742564,37.8258295],[-122.3735618,37.8247799],[-122.3736278,37.8247181],[-122.37353,37.8245704],[-122.3736219,37.8244844],[-122.3745229,37.8258461],[-122.3744311,37.8259321],[-122.3743223,37.8257677],[-122.3742564,37.8258295]]]]}},{"type":"Feature","properties":{"kind":"block","block":"C10-B","label":"Block C10-B","stage":"entitled","height_ft":65,"podium_ft":null,"base_ft":0,"use":"Residential","phase":null,"illustrative":true,"source":"illustrative: drawn to the height limit of zoning district \"65-TI\" in DataSF Zoning Map – Height and Bulk Districts (https://data.sf.gov/d/h9wh-cg3m); block name and check from Treasure Island and Yerba Buena Island Design for Development (April 4, 2024 update), Figure T4.q, Maximum Height Plan, p. 169; use from Figure T3.d, Key Plan to the Treasure Island Land Use Table, p. 157","fid":63},"geometry":{"type":"MultiPolygon","coordinates":[[[[-122.3743083,37.8249554],[-122.374687,37.8247977],[-122.3750524,37.82535],[-122.3747542,37.8256294],[-122.3743083,37.8249554]]]]}},{"type":"Feature","properties":{"kind":"block","block":"C10-B","label":"Block C10-B","stage":"entitled","height_ft":65,"podium_ft":null,"base_ft":0,"use":"Residential","phase":null,"illustrative":true,"source":"illustrative: drawn to the height limit of zoning district \"65-TI\" in DataSF Zoning Map – Height and Bulk Districts (https://data.sf.gov/d/h9wh-cg3m); block name and check from Treasure Island and Yerba Buena Island Design for Development (April 4, 2024 update), Figure T4.q, Maximum Height Plan, p. 169; use from Figure T3.d, Key Plan to the Treasure Island Land Use Table, p. 157","fid":64},"geometry":{"type":"MultiPolygon","coordinates":[[[[-122.3744042,37.8243703],[-122.3741441,37.8244786],[-122.3739466,37.8241802],[-122.3740949,37.8240413],[-122.3741875,37.824043],[-122.3744042,37.8243703]]]]}},{"type":"Feature","properties":{"kind":"block","block":"C10-B","label":"Block C10-B","stage":"entitled","height_ft":240,"podium_ft":65,"base_ft":0,"use":"Residential","phase":null,"illustrative":true,"source":"illustrative: drawn to the height limit of zoning district \"65-TI/240 Flex Zone-TI\" in DataSF Zoning Map – Height and Bulk Districts (https://data.sf.gov/d/h9wh-cg3m); block name and check from Treasure Island and Yerba Buena Island Design for Development (April 4, 2024 update), Figure T4.q, Maximum Height Plan, p. 169; use from Figure T3.d, Key Plan to the Treasure Island Land Use Table, p. 157","note":"Flex height zone: 65 ft, with towers allowed to 240 ft under the Design for Development's tower rules (T4.4.2).","fid":65},"geometry":{"type":"MultiPolygon","coordinates":[[[[-122.3740254,37.824528],[-122.3744042,37.8243703],[-122.374687,37.8247977],[-122.3743083,37.8249554],[-122.3740254,37.824528]]]]}},{"type":"Feature","properties":{"kind":"block","block":"C10-B","label":"Block C10-B","stage":"entitled","height_ft":45,"podium_ft":null,"base_ft":0,"use":"Residential","phase":null,"illustrative":true,"source":"illustrative: drawn to the height limit of zoning district \"45-TI\" in DataSF Zoning Map – Height and Bulk Districts (https://data.sf.gov/d/h9wh-cg3m); block name and check from Treasure Island and Yerba Buena Island Design for Development (April 4, 2024 update), Figure T4.q, Maximum Height Plan, p. 169; use from Figure T3.d, Key Plan to the Treasure Island Land Use Table, p. 157","note":"45 ft, up to 55 ft along the Shared Public Way in some cases (D4D T4.4.8).","fid":66},"geometry":{"type":"MultiPolygon","coordinates":[[[[-122.3741402,37.8250254],[-122.3743083,37.8249554],[-122.3747542,37.8256294],[-122.3746219,37.8257533],[-122.3741402,37.8250254]]]]}},{"type":"Feature","properties":{"kind":"block","block":"C10-B","label":"Block C10-B","stage":"entitled","height_ft":240,"podium_ft":45,"base_ft":0,"use":"Residential","phase":null,"illustrative":true,"source":"illustrative: drawn to the height limit of zoning district \"45-TI/240 Flex Zone-TI\" in DataSF Zoning Map – Height and Bulk Districts (https://data.sf.gov/d/h9wh-cg3m); block name and check from Treasure Island and Yerba Buena Island Design for Development (April 4, 2024 update), Figure T4.q, Maximum Height Plan, p. 169; use from Figure T3.d, Key Plan to the Treasure Island Land Use Table, p. 157","note":"Flex height zone: 45 ft, with towers allowed to 240 ft under the Design for Development's tower rules (T4.4.2).","fid":67},"geometry":{"type":"MultiPolygon","coordinates":[[[[-122.3740254,37.824528],[-122.3743083,37.8249554],[-122.3741402,37.8250254],[-122.3738573,37.824598],[-122.3740254,37.824528]]]]}},{"type":"Feature","properties":{"kind":"block","block":"C11","label":"Block C11","stage":"entitled","height_ft":65,"podium_ft":null,"base_ft":0,"use":"Residential","phase":null,"illustrative":true,"source":"illustrative: drawn to the height limit of zoning district \"65-TI\" in DataSF Zoning Map – Height and Bulk Districts (https://data.sf.gov/d/h9wh-cg3m); block name and check from Treasure Island and Yerba Buena Island Design for Development (April 4, 2024 update), Figure T4.q, Maximum Height Plan, p. 169; use from Figure T3.d, Key Plan to the Treasure Island Land Use Table, p. 157","fid":68},"geometry":{"type":"MultiPolygon","coordinates":[[[[-122.3738542,37.8235698],[-122.3738481,37.8235606],[-122.373864,37.823554],[-122.374051,37.8238367],[-122.373228,37.8246077],[-122.3731243,37.8246038],[-122.3727498,37.8240378],[-122.3738542,37.8235698]]]]}},{"type":"Feature","properties":{"kind":"block","block":"C12","label":"Block C12","stage":"entitled","height_ft":65,"podium_ft":null,"base_ft":0,"use":"Residential","phase":null,"illustrative":true,"source":"illustrative: drawn to the height limit of zoning district \"65-TI\" in DataSF Zoning Map – Height and Bulk Districts (https://data.sf.gov/d/h9wh-cg3m); block name and check from Treasure Island and Yerba Buena Island Design for Development (April 4, 2024 update), Figure T4.q, Maximum Height Plan, p. 169; use from Figure T3.d, Key Plan to the Treasure Island Land Use Table, p. 157","fid":69},"geometry":{"type":"MultiPolygon","coordinates":[[[[-122.3714134,37.824604],[-122.3725753,37.8241117],[-122.3730277,37.8247953],[-122.3721866,37.8255832],[-122.3720563,37.8255756],[-122.3714134,37.824604]]]]}},{"type":"Feature","properties":{"kind":"block","block":"C13","label":"Block C13","stage":"entitled","height_ft":65,"podium_ft":null,"base_ft":0,"use":"Residential","phase":null,"illustrative":true,"source":"illustrative: drawn to the height limit of zoning district \"65-TI\" in DataSF Zoning Map – Height and Bulk Districts (https://data.sf.gov/d/h9wh-cg3m); block name and check from Treasure Island and Yerba Buena Island Design for Development (April 4, 2024 update), Figure T4.q, Maximum Height Plan, p. 169; use from Figure T3.d, Key Plan to the Treasure Island Land Use Table, p. 157","fid":70},"geometry":{"type":"MultiPolygon","coordinates":[[[[-122.3722096,37.8258074],[-122.3731281,37.824947],[-122.3740291,37.8263087],[-122.3731918,37.827093],[-122.3730581,37.8270896],[-122.3722096,37.8258074]]]]}},{"type":"Feature","properties":{"kind":"block","block":"E1","label":"Block E1","stage":"entitled","height_ft":240,"podium_ft":65,"base_ft":0,"use":"Residential","phase":null,"illustrative":true,"source":"illustrative: drawn to the height limit of zoning district \"65-TI/240 Flex Zone-TI\" in DataSF Zoning Map – Height and Bulk Districts (https://data.sf.gov/d/h9wh-cg3m); block name and check from Treasure Island and Yerba Buena Island Design for Development (April 4, 2024 update), Figure T4.q, Maximum Height Plan, p. 169; use from Figure T3.d, Key Plan to the Treasure Island Land Use Table, p. 157","note":"Flex height zone: 65 ft, with towers allowed to 240 ft under the Design for Development's tower rules (T4.4.2).","fid":71},"geometry":{"type":"MultiPolygon","coordinates":[[[[-122.3664817,37.8201975],[-122.3659015,37.8207233],[-122.3657937,37.820821],[-122.3655041,37.8203832],[-122.3663677,37.8200252],[-122.3664817,37.8201975]]]]}},{"type":"Feature","properties":{"kind":"block","block":"E1","label":"Block E1","stage":"entitled","height_ft":65,"podium_ft":null,"base_ft":0,"use":"Residential","phase":null,"illustrative":true,"source":"illustrative: drawn to the height limit of zoning district \"65-TI\" in DataSF Zoning Map – Height and Bulk Districts (https://data.sf.gov/d/h9wh-cg3m); block name and check from Treasure Island and Yerba Buena Island Design for Development (April 4, 2024 update), Figure T4.q, Maximum Height Plan, p. 169; use from Figure T3.d, Key Plan to the Treasure Island Land Use Table, p. 157","fid":72},"geometry":{"type":"MultiPolygon","coordinates":[[[[-122.3657937,37.820821],[-122.3659015,37.8207233],[-122.3664817,37.8201975],[-122.3665631,37.8203206],[-122.3658751,37.8209441],[-122.3657937,37.820821]]]]}},{"type":"Feature","properties":{"kind":"block","block":"E1","label":"Block E1","stage":"entitled","height_ft":240,"podium_ft":65,"base_ft":0,"use":"Residential","phase":null,"illustrative":true,"source":"illustrative: drawn to the height limit of zoning district \"65-TI/240 Flex Zone-TI\" in DataSF Zoning Map – Height and Bulk Districts (https://data.sf.gov/d/h9wh-cg3m); block name and check from Treasure Island and Yerba Buena Island Design for Development (April 4, 2024 update), Figure T4.q, Maximum Height Plan, p. 169; use from Figure T3.d, Key Plan to the Treasure Island Land Use Table, p. 157","note":"Flex height zone: 65 ft, with towers allowed to 240 ft under the Design for Development's tower rules (T4.4.2).","fid":73},"geometry":{"type":"MultiPolygon","coordinates":[[[[-122.3658751,37.8209441],[-122.3665341,37.8203469],[-122.3665631,37.8203206],[-122.3668368,37.8207343],[-122.3661472,37.8213553],[-122.3658751,37.8209441]]]]}},{"type":"Feature","properties":{"kind":"block","block":"E2","label":"Block E2","stage":"entitled","height_ft":240,"podium_ft":85,"base_ft":0,"use":"Residential","phase":null,"illustrative":true,"source":"illustrative: drawn to the height limit of zoning district \"85-TI/240 Flex Zone-TI\" in DataSF Zoning Map – Height and Bulk Districts (https://data.sf.gov/d/h9wh-cg3m); block name and check from Treasure Island and Yerba Buena Island Design for Development (April 4, 2024 update), Figure T4.q, Maximum Height Plan, p. 169; use from Figure T3.d, Key Plan to the Treasure Island Land Use Table, p. 157","note":"Flex height zone: 85 ft, with towers allowed to 240 ft under the Design for Development's tower rules (T4.4.2).","fid":74},"geometry":{"type":"MultiPolygon","coordinates":[[[[-122.3671148,37.8211545],[-122.3670841,37.8211823],[-122.3664268,37.821778],[-122.366284,37.8215622],[-122.3669627,37.8209246],[-122.3671148,37.8211545]]]]}},{"type":"Feature","properties":{"kind":"block","block":"E2","label":"Block E2","stage":"entitled","height_ft":240,"podium_ft":65,"base_ft":0,"use":"Residential","phase":null,"illustrative":true,"source":"illustrative: drawn to the height limit of zoning district \"65-TI/240 Flex Zone-TI\" in DataSF Zoning Map – Height and Bulk Districts (https://data.sf.gov/d/h9wh-cg3m); block name and check from Treasure Island and Yerba Buena Island Design for Development (April 4, 2024 update), Figure T4.q, Maximum Height Plan, p. 169; use from Figure T3.d, Key Plan to the Treasure Island Land Use Table, p. 157","note":"Flex height zone: 65 ft, with towers allowed to 240 ft under the Design for Development's tower rules (T4.4.2).","fid":75},"geometry":{"type":"MultiPolygon","coordinates":[[[[-122.3668792,37.8224618],[-122.3670466,37.8223101],[-122.3675672,37.8218383],[-122.3678487,37.8222639],[-122.3672055,37.8228468],[-122.3671338,37.8228466],[-122.3668792,37.8224618]]]]}},{"type":"Feature","properties":{"kind":"block","block":"E2","label":"Block E2","stage":"entitled","height_ft":240,"podium_ft":65,"base_ft":0,"use":"Residential","phase":null,"illustrative":true,"source":"illustrative: drawn to the height limit of zoning district \"65-TI/240 Flex Zone-TI\" in DataSF Zoning Map – Height and Bulk Districts (https://data.sf.gov/d/h9wh-cg3m); block name and check from Treasure Island and Yerba Buena Island Design for Development (April 4, 2024 update), Figure T4.q, Maximum Height Plan, p. 169; use from Figure T3.d, Key Plan to the Treasure Island Land Use Table, p. 157","note":"Flex height zone: 65 ft, with towers allowed to 240 ft under the Design for Development's tower rules (T4.4.2).","fid":76},"geometry":{"type":"MultiPolygon","coordinates":[[[[-122.3664268,37.821778],[-122.3670841,37.8211823],[-122.3671148,37.8211545],[-122.3672676,37.8213855],[-122.3665796,37.822009],[-122.3664268,37.821778]]]]}},{"type":"Feature","properties":{"kind":"block","block":"E2","label":"Block E2","stage":"entitled","height_ft":65,"podium_ft":null,"base_ft":0,"use":"Residential","phase":null,"illustrative":true,"source":"illustrative: drawn to the height limit of zoning district \"65-TI\" in DataSF Zoning Map – Height and Bulk Districts (https://data.sf.gov/d/h9wh-cg3m); block name and check from Treasure Island and Yerba Buena Island Design for Development (April 4, 2024 update), Figure T4.q, Maximum Height Plan, p. 169; use from Figure T3.d, Key Plan to the Treasure Island Land Use Table, p. 157","fid":77},"geometry":{"type":"MultiPolygon","coordinates":[[[[-122.3665796,37.822009],[-122.3672365,37.8214137],[-122.3672676,37.8213855],[-122.3675672,37.8218383],[-122.3668792,37.8224618],[-122.3665796,37.822009]]]]}},{"type":"Feature","properties":{"kind":"block","block":"E3","label":"Block E3","stage":"entitled","height_ft":240,"podium_ft":85,"base_ft":0,"use":"Residential","phase":null,"illustrative":true,"source":"illustrative: drawn to the height limit of zoning district \"85-TI/240 Flex Zone-TI\" in DataSF Zoning Map – Height and Bulk Districts (https://data.sf.gov/d/h9wh-cg3m); block name and check from Treasure Island and Yerba Buena Island Design for Development (April 4, 2024 update), Figure T4.q, Maximum Height Plan, p. 169; use from Figure T3.d, Key Plan to the Treasure Island Land Use Table, p. 157","note":"Flex height zone: 85 ft, with towers allowed to 240 ft under the Design for Development's tower rules (T4.4.2).","fid":78},"geometry":{"type":"MultiPolygon","coordinates":[[[[-122.3663019,37.8218912],[-122.3662641,37.8219254],[-122.3657963,37.8223493],[-122.3656676,37.8221548],[-122.3661732,37.8216966],[-122.3663019,37.8218912]]]]}},{"type":"Feature","properties":{"kind":"block","block":"E3","label":"Block E3","stage":"entitled","height_ft":65,"podium_ft":null,"base_ft":0,"use":"Residential","phase":null,"illustrative":true,"source":"illustrative: drawn to the height limit of zoning district \"65-TI\" in DataSF Zoning Map – Height and Bulk Districts (https://data.sf.gov/d/h9wh-cg3m); block name and check from Treasure Island and Yerba Buena Island Design for Development (April 4, 2024 update), Figure T4.q, Maximum Height Plan, p. 169; use from Figure T3.d, Key Plan to the Treasure Island Land Use Table, p. 157","fid":79},"geometry":{"type":"MultiPolygon","coordinates":[[[[-122.3659492,37.8225804],[-122.3664547,37.8221222],[-122.3667543,37.822575],[-122.3662487,37.8230332],[-122.3659492,37.8225804]]]]}},{"type":"Feature","properties":{"kind":"block","block":"E3","label":"Block E3","stage":"entitled","height_ft":240,"podium_ft":65,"base_ft":0,"use":"Residential","phase":null,"illustrative":true,"source":"illustrative: drawn to the height limit of zoning district \"65-TI/240 Flex Zone-TI\" in DataSF Zoning Map – Height and Bulk Districts (https://data.sf.gov/d/h9wh-cg3m); block name and check from Treasure Island and Yerba Buena Island Design for Development (April 4, 2024 update), Figure T4.q, Maximum Height Plan, p. 169; use from Figure T3.d, Key Plan to the Treasure Island Land Use Table, p. 157","note":"Flex height zone: 65 ft, with towers allowed to 240 ft under the Design for Development's tower rules (T4.4.2).","fid":80},"geometry":{"type":"MultiPolygon","coordinates":[[[[-122.3657963,37.8223493],[-122.3662641,37.8219254],[-122.3663019,37.8218912],[-122.3664547,37.8221222],[-122.3659492,37.8225804],[-122.3657963,37.8223493]]]]}},{"type":"Feature","properties":{"kind":"block","block":"E3","label":"Block E3","stage":"entitled","height_ft":240,"podium_ft":65,"base_ft":0,"use":"Residential","phase":null,"illustrative":true,"source":"illustrative: drawn to the height limit of zoning district \"65-TI/240 Flex Zone-TI\" in DataSF Zoning Map – Height and Bulk Districts (https://data.sf.gov/d/h9wh-cg3m); block name and check from Treasure Island and Yerba Buena Island Design for Development (April 4, 2024 update), Figure T4.q, Maximum Height Plan, p. 169; use from Figure T3.d, Key Plan to the Treasure Island Land Use Table, p. 157","note":"Flex height zone: 65 ft, with towers allowed to 240 ft under the Design for Development's tower rules (T4.4.2).","fid":81},"geometry":{"type":"MultiPolygon","coordinates":[[[[-122.3662487,37.8230332],[-122.3667543,37.822575],[-122.3670358,37.8230006],[-122.3665852,37.823409],[-122.3664956,37.8234064],[-122.3662487,37.8230332]]]]}},{"type":"Feature","properties":{"kind":"block","block":"E4","label":"Block E4","stage":"entitled","height_ft":240,"podium_ft":65,"base_ft":0,"use":"Residential","phase":null,"illustrative":true,"source":"illustrative: drawn to the height limit of zoning district \"65-TI/240 Flex Zone-TI\" in DataSF Zoning Map – Height and Bulk Districts (https://data.sf.gov/d/h9wh-cg3m); block name and check from Treasure Island and Yerba Buena Island Design for Development (April 4, 2024 update), Figure T4.q, Maximum Height Plan, p. 169; use from Figure T3.d, Key Plan to the Treasure Island Land Use Table, p. 157","note":"Flex height zone: 65 ft, with towers allowed to 240 ft under the Design for Development's tower rules (T4.4.2).","fid":82},"geometry":{"type":"MultiPolygon","coordinates":[[[[-122.3652447,37.8215154],[-122.3657502,37.8210573],[-122.3660317,37.8214828],[-122.3655262,37.821941],[-122.3652447,37.8215154]]]]}},{"type":"Feature","properties":{"kind":"block","block":"E4","label":"Block E4","stage":"entitled","height_ft":65,"podium_ft":null,"base_ft":0,"use":"Residential","phase":null,"illustrative":true,"source":"illustrative: drawn to the height limit of zoning district \"65-TI\" in DataSF Zoning Map – Height and Bulk Districts (https://data.sf.gov/d/h9wh-cg3m); block name and check from Treasure Island and Yerba Buena Island Design for Development (April 4, 2024 update), Figure T4.q, Maximum Height Plan, p. 169; use from Figure T3.d, Key Plan to the Treasure Island Land Use Table, p. 157","fid":83},"geometry":{"type":"MultiPolygon","coordinates":[[[[-122.3651632,37.8213923],[-122.3656329,37.8209667],[-122.3656688,37.8209342],[-122.3657502,37.8210573],[-122.3652447,37.8215154],[-122.3651632,37.8213923]]]]}},{"type":"Feature","properties":{"kind":"block","block":"E4","label":"Block E4","stage":"entitled","height_ft":240,"podium_ft":65,"base_ft":0,"use":"Residential","phase":null,"illustrative":true,"source":"illustrative: drawn to the height limit of zoning district \"65-TI/240 Flex Zone-TI\" in DataSF Zoning Map – Height and Bulk Districts (https://data.sf.gov/d/h9wh-cg3m); block name and check from Treasure Island and Yerba Buena Island Design for Development (April 4, 2024 update), Figure T4.q, Maximum Height Plan, p. 169; use from Figure T3.d, Key Plan to the Treasure Island Land Use Table, p. 157","note":"Flex height zone: 65 ft, with towers allowed to 240 ft under the Design for Development's tower rules (T4.4.2).","fid":84},"geometry":{"type":"MultiPolygon","coordinates":[[[[-122.3656688,37.8209342],[-122.3651632,37.8213923],[-122.3648814,37.8209663],[-122.3653295,37.8205601],[-122.3654205,37.8205589],[-122.3656688,37.8209342]]]]}},{"type":"Feature","properties":{"kind":"block","block":"E5","label":"Block E5","stage":"entitled","height_ft":240,"podium_ft":85,"base_ft":0,"use":"Residential","phase":null,"illustrative":true,"source":"illustrative: drawn to the height limit of zoning district \"85-TI/240 Flex Zone-TI\" in DataSF Zoning Map – Height and Bulk Districts (https://data.sf.gov/d/h9wh-cg3m); block name and check from Treasure Island and Yerba Buena Island Design for Development (April 4, 2024 update), Figure T4.q, Maximum Height Plan, p. 169; use from Figure T3.d, Key Plan to the Treasure Island Land Use Table, p. 157","note":"Flex height zone: 85 ft, with towers allowed to 240 ft under the Design for Development's tower rules (T4.4.2).","fid":85},"geometry":{"type":"MultiPolygon","coordinates":[[[[-122.3656681,37.8224655],[-122.3656342,37.8224963],[-122.3651702,37.8229168],[-122.3650415,37.8227223],[-122.3655394,37.822271],[-122.3656681,37.8224655]]]]}},{"type":"Feature","properties":{"kind":"block","block":"E5","label":"Block E5","stage":"entitled","height_ft":240,"podium_ft":65,"base_ft":0,"use":"Residential","phase":null,"illustrative":true,"source":"illustrative: drawn to the height limit of zoning district \"65-TI/240 Flex Zone-TI\" in DataSF Zoning Map – Height and Bulk Districts (https://data.sf.gov/d/h9wh-cg3m); block name and check from Treasure Island and Yerba Buena Island Design for Development (April 4, 2024 update), Figure T4.q, Maximum Height Plan, p. 169; use from Figure T3.d, Key Plan to the Treasure Island Land Use Table, p. 157","note":"Flex height zone: 65 ft, with towers allowed to 240 ft under the Design for Development's tower rules (T4.4.2).","fid":86},"geometry":{"type":"MultiPolygon","coordinates":[[[[-122.3656226,37.8236007],[-122.3661206,37.8231494],[-122.3664021,37.8235749],[-122.365954,37.823981],[-122.365875,37.8239822],[-122.3656226,37.8236007]]]]}},{"type":"Feature","properties":{"kind":"block","block":"E5","label":"Block E5","stage":"entitled","height_ft":65,"podium_ft":null,"base_ft":0,"use":"Residential","phase":null,"illustrative":true,"source":"illustrative: drawn to the height limit of zoning district \"65-TI\" in DataSF Zoning Map – Height and Bulk Districts (https://data.sf.gov/d/h9wh-cg3m); block name and check from Treasure Island and Yerba Buena Island Design for Development (April 4, 2024 update), Figure T4.q, Maximum Height Plan, p. 169; use from Figure T3.d, Key Plan to the Treasure Island Land Use Table, p. 157","fid":87},"geometry":{"type":"MultiPolygon","coordinates":[[[[-122.365323,37.8231478],[-122.365821,37.8226965],[-122.3661206,37.8231494],[-122.3656226,37.8236007],[-122.365323,37.8231478]]]]}},{"type":"Feature","properties":{"kind":"block","block":"E5","label":"Block E5","stage":"entitled","height_ft":240,"podium_ft":65,"base_ft":0,"use":"Residential","phase":null,"illustrative":true,"source":"illustrative: drawn to the height limit of zoning district \"65-TI/240 Flex Zone-TI\" in DataSF Zoning Map – Height and Bulk Districts (https://data.sf.gov/d/h9wh-cg3m); block name and check from Treasure Island and Yerba Buena Island Design for Development (April 4, 2024 update), Figure T4.q, Maximum Height Plan, p. 169; use from Figure T3.d, Key Plan to the Treasure Island Land Use Table, p. 157","note":"Flex height zone: 65 ft, with towers allowed to 240 ft under the Design for Development's tower rules (T4.4.2).","fid":88},"geometry":{"type":"MultiPolygon","coordinates":[[[[-122.3651702,37.8229168],[-122.3656342,37.8224963],[-122.3656681,37.8224655],[-122.365821,37.8226965],[-122.365323,37.8231478],[-122.3651702,37.8229168]]]]}},{"type":"Feature","properties":{"kind":"block","block":"E6","label":"Block E6","stage":"entitled","height_ft":65,"podium_ft":null,"base_ft":0,"use":"Residential","phase":null,"illustrative":true,"source":"illustrative: drawn to the height limit of zoning district \"65-TI\" in DataSF Zoning Map – Height and Bulk Districts (https://data.sf.gov/d/h9wh-cg3m); block name and check from Treasure Island and Yerba Buena Island Design for Development (April 4, 2024 update), Figure T4.q, Maximum Height Plan, p. 169; use from Figure T3.d, Key Plan to the Treasure Island Land Use Table, p. 157","fid":89},"geometry":{"type":"MultiPolygon","coordinates":[[[[-122.3645371,37.8219598],[-122.3648514,37.8216749],[-122.3650351,37.8215085],[-122.3651165,37.8216316],[-122.3646185,37.8220829],[-122.3645371,37.8219598]]]]}},{"type":"Feature","properties":{"kind":"block","block":"E6","label":"Block E6","stage":"entitled","height_ft":240,"podium_ft":65,"base_ft":0,"use":"Residential","phase":null,"illustrative":true,"source":"illustrative: drawn to the height limit of zoning district \"65-TI/240 Flex Zone-TI\" in DataSF Zoning Map – Height and Bulk Districts (https://data.sf.gov/d/h9wh-cg3m); block name and check from Treasure Island and Yerba Buena Island Design for Development (April 4, 2024 update), Figure T4.q, Maximum Height Plan, p. 169; use from Figure T3.d, Key Plan to the Treasure Island Land Use Table, p. 157","note":"Flex height zone: 65 ft, with towers allowed to 240 ft under the Design for Development's tower rules (T4.4.2).","fid":90},"geometry":{"type":"MultiPolygon","coordinates":[[[[-122.3650351,37.8215085],[-122.3645371,37.8219598],[-122.3642552,37.8215337],[-122.3646829,37.8211461],[-122.3647951,37.8211458],[-122.3650351,37.8215085]]]]}},{"type":"Feature","properties":{"kind":"block","block":"E6","label":"Block E6","stage":"entitled","height_ft":240,"podium_ft":65,"base_ft":0,"use":"Residential","phase":null,"illustrative":true,"source":"illustrative: drawn to the height limit of zoning district \"65-TI/240 Flex Zone-TI\" in DataSF Zoning Map – Height and Bulk Districts (https://data.sf.gov/d/h9wh-cg3m); block name and check from Treasure Island and Yerba Buena Island Design for Development (April 4, 2024 update), Figure T4.q, Maximum Height Plan, p. 169; use from Figure T3.d, Key Plan to the Treasure Island Land Use Table, p. 157","note":"Flex height zone: 65 ft, with towers allowed to 240 ft under the Design for Development's tower rules (T4.4.2).","fid":91},"geometry":{"type":"MultiPolygon","coordinates":[[[[-122.3646185,37.8220829],[-122.3651165,37.8216316],[-122.365398,37.8220571],[-122.3649,37.8225084],[-122.3646185,37.8220829]]]]}},{"type":"Feature","properties":{"kind":"block","block":"E7","label":"Block E7","stage":"entitled","height_ft":240,"podium_ft":85,"base_ft":0,"use":"Residential","phase":null,"illustrative":true,"source":"illustrative: drawn to the height limit of zoning district \"85-TI/240 Flex Zone-TI\" in DataSF Zoning Map – Height and Bulk Districts (https://data.sf.gov/d/h9wh-cg3m); block name and check from Treasure Island and Yerba Buena Island Design for Development (April 4, 2024 update), Figure T4.q, Maximum Height Plan, p. 169; use from Figure T3.d, Key Plan to the Treasure Island Land Use Table, p. 157","note":"Flex height zone: 85 ft, with towers allowed to 240 ft under the Design for Development's tower rules (T4.4.2).","fid":92},"geometry":{"type":"MultiPolygon","coordinates":[[[[-122.3650419,37.8230331],[-122.3650079,37.8230638],[-122.3645439,37.8234843],[-122.3644152,37.8232898],[-122.3649132,37.8228385],[-122.3650419,37.8230331]]]]}},{"type":"Feature","properties":{"kind":"block","block":"E7","label":"Block E7","stage":"entitled","height_ft":240,"podium_ft":65,"base_ft":0,"use":"Residential","phase":null,"illustrative":true,"source":"illustrative: drawn to the height limit of zoning district \"65-TI/240 Flex Zone-TI\" in DataSF Zoning Map – Height and Bulk Districts (https://data.sf.gov/d/h9wh-cg3m); block name and check from Treasure Island and Yerba Buena Island Design for Development (April 4, 2024 update), Figure T4.q, Maximum Height Plan, p. 169; use from Figure T3.d, Key Plan to the Treasure Island Land Use Table, p. 157","note":"Flex height zone: 65 ft, with towers allowed to 240 ft under the Design for Development's tower rules (T4.4.2).","fid":93},"geometry":{"type":"MultiPolygon","coordinates":[[[[-122.3645439,37.8234843],[-122.3650079,37.8230638],[-122.3650419,37.8230331],[-122.3651947,37.8232641],[-122.3646967,37.8237154],[-122.3645439,37.8234843]]]]}},{"type":"Feature","properties":{"kind":"block","block":"E7","label":"Block E7","stage":"entitled","height_ft":240,"podium_ft":65,"base_ft":0,"use":"Residential","phase":null,"illustrative":true,"source":"illustrative: drawn to the height limit of zoning district \"65-TI/240 Flex Zone-TI\" in DataSF Zoning Map – Height and Bulk Districts (https://data.sf.gov/d/h9wh-cg3m); block name and check from Treasure Island and Yerba Buena Island Design for Development (April 4, 2024 update), Figure T4.q, Maximum Height Plan, p. 169; use from Figure T3.d, Key Plan to the Treasure Island Land Use Table, p. 157","note":"Flex height zone: 65 ft, with towers allowed to 240 ft under the Design for Development's tower rules (T4.4.2).","fid":94},"geometry":{"type":"MultiPolygon","coordinates":[[[[-122.3649963,37.8241682],[-122.3654943,37.8237169],[-122.3657758,37.8241425],[-122.3653234,37.8245525],[-122.365251,37.8245532],[-122.3649963,37.8241682]]]]}},{"type":"Feature","properties":{"kind":"block","block":"E7","label":"Block E7","stage":"entitled","height_ft":65,"podium_ft":null,"base_ft":0,"use":"Residential","phase":null,"illustrative":true,"source":"illustrative: drawn to the height limit of zoning district \"65-TI\" in DataSF Zoning Map – Height and Bulk Districts (https://data.sf.gov/d/h9wh-cg3m); block name and check from Treasure Island and Yerba Buena Island Design for Development (April 4, 2024 update), Figure T4.q, Maximum Height Plan, p. 169; use from Figure T3.d, Key Plan to the Treasure Island Land Use Table, p. 157","fid":95},"geometry":{"type":"MultiPolygon","coordinates":[[[[-122.3646967,37.8237154],[-122.3651947,37.8232641],[-122.3654943,37.8237169],[-122.3649963,37.8241682],[-122.3646967,37.8237154]]]]}},{"type":"Feature","properties":{"kind":"block","block":"E8","label":"Block E8","stage":"entitled","height_ft":240,"podium_ft":65,"base_ft":0,"use":"Residential","phase":null,"illustrative":true,"source":"illustrative: drawn to the height limit of zoning district \"65-TI/240 Flex Zone-TI\" in DataSF Zoning Map – Height and Bulk Districts (https://data.sf.gov/d/h9wh-cg3m); block name and check from Treasure Island and Yerba Buena Island Design for Development (April 4, 2024 update), Figure T4.q, Maximum Height Plan, p. 169; use from Figure T3.d, Key Plan to the Treasure Island Land Use Table, p. 157","note":"Flex height zone: 65 ft, with towers allowed to 240 ft under the Design for Development's tower rules (T4.4.2).","fid":96},"geometry":{"type":"MultiPolygon","coordinates":[[[[-122.3644088,37.8220761],[-122.3639095,37.8225285],[-122.3636225,37.8220946],[-122.3636352,37.8220956],[-122.3640543,37.8217158],[-122.3641613,37.8217019],[-122.3644088,37.8220761]]]]}},{"type":"Feature","properties":{"kind":"block","block":"E8","label":"Block E8","stage":"entitled","height_ft":65,"podium_ft":null,"base_ft":0,"use":"Residential","phase":null,"illustrative":true,"source":"illustrative: drawn to the height limit of zoning district \"65-TI\" in DataSF Zoning Map – Height and Bulk Districts (https://data.sf.gov/d/h9wh-cg3m); block name and check from Treasure Island and Yerba Buena Island Design for Development (April 4, 2024 update), Figure T4.q, Maximum Height Plan, p. 169; use from Figure T3.d, Key Plan to the Treasure Island Land Use Table, p. 157","fid":97},"geometry":{"type":"MultiPolygon","coordinates":[[[[-122.3639095,37.8225285],[-122.3643767,37.8221051],[-122.3644088,37.8220761],[-122.3644902,37.8221991],[-122.3639909,37.8226516],[-122.3639095,37.8225285]]]]}},{"type":"Feature","properties":{"kind":"block","block":"E8","label":"Block E8","stage":"entitled","height_ft":240,"podium_ft":65,"base_ft":0,"use":"Residential","phase":null,"illustrative":true,"source":"illustrative: drawn to the height limit of zoning district \"65-TI/240 Flex Zone-TI\" in DataSF Zoning Map – Height and Bulk Districts (https://data.sf.gov/d/h9wh-cg3m); block name and check from Treasure Island and Yerba Buena Island Design for Development (April 4, 2024 update), Figure T4.q, Maximum Height Plan, p. 169; use from Figure T3.d, Key Plan to the Treasure Island Land Use Table, p. 157","note":"Flex height zone: 65 ft, with towers allowed to 240 ft under the Design for Development's tower rules (T4.4.2).","fid":98},"geometry":{"type":"MultiPolygon","coordinates":[[[[-122.3639909,37.8226516],[-122.3644902,37.8221991],[-122.3647717,37.8226247],[-122.3642725,37.8230771],[-122.3639909,37.8226516]]]]}},{"type":"Feature","properties":{"kind":"block","block":"IC1","label":"Block IC1","stage":"entitled","height_ft":240,"podium_ft":65,"base_ft":0,"use":"Mixed use","phase":null,"illustrative":true,"source":"illustrative: drawn to the height limit of zoning district \"65-TI/240 Flex Zone-TI\" in DataSF Zoning Map – Height and Bulk Districts (https://data.sf.gov/d/h9wh-cg3m); block name and check from Treasure Island and Yerba Buena Island Design for Development (April 4, 2024 update), Figure T4.q, Maximum Height Plan, p. 169; use from Figure T3.d, Key Plan to the Treasure Island Land Use Table, p. 157","note":"Flex height zone: 65 ft, with towers allowed to 240 ft under the Design for Development's tower rules (T4.4.2).","fid":99},"geometry":{"type":"MultiPolygon","coordinates":[[[[-122.3671079,37.8207881],[-122.3678813,37.8200615],[-122.3687624,37.8213934],[-122.3677782,37.8218013],[-122.3671079,37.8207881]]]]}},{"type":"Feature","properties":{"kind":"block","block":"IC2","label":"Block IC2","stage":"entitled","height_ft":240,"podium_ft":65,"base_ft":0,"use":"Mixed use","phase":null,"illustrative":true,"source":"illustrative: drawn to the height limit of zoning district \"65-TI/240 Flex Zone-TI\" in DataSF Zoning Map – Height and Bulk Districts (https://data.sf.gov/d/h9wh-cg3m); block name and check from Treasure Island and Yerba Buena Island Design for Development (April 4, 2024 update), Figure T4.q, Maximum Height Plan, p. 169; use from Figure T3.d, Key Plan to the Treasure Island Land Use Table, p. 157","note":"Flex height zone: 65 ft, with towers allowed to 240 ft under the Design for Development's tower rules (T4.4.2).","fid":100},"geometry":{"type":"MultiPolygon","coordinates":[[[[-122.3665526,37.8199486],[-122.3675367,37.8195407],[-122.3677702,37.8198936],[-122.3669844,37.8206013],[-122.3665526,37.8199486]]]]}},{"type":"Feature","properties":{"kind":"block","block":"IC3","label":"Block IC3","stage":"entitled","height_ft":240,"podium_ft":65,"base_ft":0,"use":"Mixed use","phase":null,"illustrative":true,"source":"illustrative: drawn to the height limit of zoning district \"65-TI/240 Flex Zone-TI\" in DataSF Zoning Map – Height and Bulk Districts (https://data.sf.gov/d/h9wh-cg3m); block name and check from Treasure Island and Yerba Buena Island Design for Development (April 4, 2024 update), Figure T4.q, Maximum Height Plan, p. 169; use from Figure T3.d, Key Plan to the Treasure Island Land Use Table, p. 157","note":"Flex height zone: 65 ft, with towers allowed to 240 ft under the Design for Development's tower rules (T4.4.2).","fid":101},"geometry":{"type":"MultiPolygon","coordinates":[[[[-122.3677143,37.8194671],[-122.368695,37.8190606],[-122.367912,37.8197659],[-122.3677143,37.8194671]]]]}},{"type":"Feature","properties":{"kind":"block","block":"IC4","label":"Block IC4","stage":"entitled","height_ft":240,"podium_ft":65,"base_ft":0,"use":"Mixed use","phase":null,"illustrative":true,"source":"illustrative: drawn to the height limit of zoning district \"65-TI/240 Flex Zone-TI\" in DataSF Zoning Map – Height and Bulk Districts (https://data.sf.gov/d/h9wh-cg3m); block name and check from Treasure Island and Yerba Buena Island Design for Development (April 4, 2024 update), Figure T4.q, Maximum Height Plan, p. 169; use from Figure T3.d, Key Plan to the Treasure Island Land Use Table, p. 157","note":"Flex height zone: 65 ft, with towers allowed to 240 ft under the Design for Development's tower rules (T4.4.2).","fid":102},"geometry":{"type":"MultiPolygon","coordinates":[[[[-122.368647,37.8193421],[-122.3689361,37.8197793],[-122.3695033,37.8195432],[-122.3698538,37.820073],[-122.3688714,37.8204802],[-122.3692258,37.8210158],[-122.3692307,37.8210114],[-122.3693309,37.8211629],[-122.3689427,37.8213238],[-122.3680208,37.8199304],[-122.368647,37.8193421]]]]}},{"type":"Feature","properties":{"kind":"block","block":"IC4","label":"Block IC4","stage":"entitled","height_ft":315,"podium_ft":65,"base_ft":0,"use":"Mixed use","phase":null,"illustrative":true,"source":"illustrative: drawn to the height limit of zoning district \"65-TI/315 Flex Zone-TI\" in DataSF Zoning Map – Height and Bulk Districts (https://data.sf.gov/d/h9wh-cg3m); block name and check from Treasure Island and Yerba Buena Island Design for Development (April 4, 2024 update), Figure T4.q, Maximum Height Plan, p. 169; use from Figure T3.d, Key Plan to the Treasure Island Land Use Table, p. 157","note":"Flex height zone: 65 ft, with towers allowed to 315 ft under the Design for Development's tower rules (T4.4.2).","fid":103},"geometry":{"type":"MultiPolygon","coordinates":[[[[-122.368647,37.8193421],[-122.369093,37.8189231],[-122.3695033,37.8195432],[-122.3689361,37.8197793],[-122.368647,37.8193421]]]]}},{"type":"Feature","properties":{"kind":"block","block":"M1-A","label":"Block M1-A","stage":"entitled","height_ft":315,"podium_ft":65,"base_ft":0,"use":"Mixed use","phase":null,"illustrative":true,"source":"illustrative: drawn to the height limit of zoning district \"65-TI/315 Flex Zone-TI\" in DataSF Zoning Map – Height and Bulk Districts (https://data.sf.gov/d/h9wh-cg3m); block name and check from Treasure Island and Yerba Buena Island Design for Development (April 4, 2024 update), Figure T4.q, Maximum Height Plan, p. 169; use from Figure T3.d, Key Plan to the Treasure Island Land Use Table, p. 157","note":"Flex height zone: 65 ft, with towers allowed to 315 ft under the Design for Development's tower rules (T4.4.2).","fid":104},"geometry":{"type":"MultiPolygon","coordinates":[[[[-122.3695228,37.8180893],[-122.3700916,37.8178525],[-122.3702432,37.8180817],[-122.3696758,37.8183205],[-122.3695228,37.8180893]]]]}},{"type":"Feature","properties":{"kind":"block","block":"M1-A","label":"Block M1-A","stage":"entitled","height_ft":65,"podium_ft":null,"base_ft":0,"use":"Mixed use","phase":null,"illustrative":true,"source":"illustrative: drawn to the height limit of zoning district \"65-TI\" in DataSF Zoning Map – Height and Bulk Districts (https://data.sf.gov/d/h9wh-cg3m); block name and check from Treasure Island and Yerba Buena Island Design for Development (April 4, 2024 update), Figure T4.q, Maximum Height Plan, p. 169; use from Figure T3.d, Key Plan to the Treasure Island Land Use Table, p. 157","fid":105},"geometry":{"type":"MultiPolygon","coordinates":[[[[-122.3689334,37.8183346],[-122.3695228,37.8180893],[-122.3696758,37.8183205],[-122.3690877,37.8185679],[-122.3689334,37.8183346]]]]}},{"type":"Feature","properties":{"kind":"block","block":"M1-A","label":"Block M1-A","stage":"entitled","height_ft":50,"podium_ft":null,"base_ft":0,"use":"Mixed use","phase":null,"illustrative":true,"source":"illustrative: drawn to the height limit of zoning district \"50-TI\" in DataSF Zoning Map – Height and Bulk Districts (https://data.sf.gov/d/h9wh-cg3m); block name and check from Treasure Island and Yerba Buena Island Design for Development (April 4, 2024 update), Figure T4.q, Maximum Height Plan, p. 169; use from Figure T3.d, Key Plan to the Treasure Island Land Use Table, p. 157","fid":106},"geometry":{"type":"MultiPolygon","coordinates":[[[[-122.3700916,37.8178525],[-122.3689334,37.8183346],[-122.3688436,37.8181988],[-122.3699991,37.8177126],[-122.3700916,37.8178525]]]]}},{"type":"Feature","properties":{"kind":"block","block":"M1-B","label":"Block M1-B","stage":"entitled","height_ft":125,"podium_ft":null,"base_ft":0,"use":"Mixed use","phase":null,"illustrative":true,"source":"illustrative: drawn to the height limit of zoning district \"125-TI\" in DataSF Zoning Map – Height and Bulk Districts (https://data.sf.gov/d/h9wh-cg3m); block name and check from Treasure Island and Yerba Buena Island Design for Development (April 4, 2024 update), Figure T4.q, Maximum Height Plan, p. 169; use from Figure T3.d, Key Plan to the Treasure Island Land Use Table, p. 157","fid":107},"geometry":{"type":"MultiPolygon","coordinates":[[[[-122.3689379,37.817268],[-122.3695379,37.8170156],[-122.3698242,37.8174483],[-122.3692242,37.8177008],[-122.3689379,37.817268]]]]}},{"type":"Feature","properties":{"kind":"block","block":"M1-B","label":"Block M1-B","stage":"entitled","height_ft":240,"podium_ft":65,"base_ft":0,"use":"Mixed use","phase":null,"illustrative":true,"source":"illustrative: drawn to the height limit of zoning district \"65-TI/240 Flex Zone-TI\" in DataSF Zoning Map – Height and Bulk Districts (https://data.sf.gov/d/h9wh-cg3m); block name and check from Treasure Island and Yerba Buena Island Design for Development (April 4, 2024 update), Figure T4.q, Maximum Height Plan, p. 169; use from Figure T3.d, Key Plan to the Treasure Island Land Use Table, p. 157","note":"Flex height zone: 65 ft, with towers allowed to 240 ft under the Design for Development's tower rules (T4.4.2).","fid":108},"geometry":{"type":"MultiPolygon","coordinates":[[[[-122.3689379,37.817268],[-122.3692242,37.8177008],[-122.3686687,37.8179345],[-122.3683824,37.8175017],[-122.3689379,37.817268]]]]}},{"type":"Feature","properties":{"kind":"block","block":"M1-B","label":"Block M1-B","stage":"entitled","height_ft":50,"podium_ft":null,"base_ft":0,"use":"Mixed use","phase":null,"illustrative":true,"source":"illustrative: drawn to the height limit of zoning district \"50-TI\" in DataSF Zoning Map – Height and Bulk Districts (https://data.sf.gov/d/h9wh-cg3m); block name and check from Treasure Island and Yerba Buena Island Design for Development (April 4, 2024 update), Figure T4.q, Maximum Height Plan, p. 169; use from Figure T3.d, Key Plan to the Treasure Island Land Use Table, p. 157","fid":109},"geometry":{"type":"MultiPolygon","coordinates":[[[[-122.3686687,37.8179345],[-122.3698242,37.8174483],[-122.3699056,37.8175713],[-122.3687501,37.8180575],[-122.3686687,37.8179345]]]]}},{"type":"Feature","properties":{"kind":"block","block":"P1","label":"Block P1","stage":"entitled","height_ft":45,"podium_ft":null,"base_ft":0,"use":"Mixed use (sailing center)","phase":null,"illustrative":true,"source":"illustrative: drawn to the height limit of zoning district \"45-TI\" in DataSF Zoning Map – Height and Bulk Districts (https://data.sf.gov/d/h9wh-cg3m); block name and check from Treasure Island and Yerba Buena Island Design for Development (April 4, 2024 update), Figure T4.q, Maximum Height Plan, p. 169; use from Figure T3.d, Key Plan to the Treasure Island Land Use Table, p. 157","note":"45 ft, up to 55 ft along the Shared Public Way in some cases (D4D T4.4.8).","fid":110},"geometry":{"type":"MultiPolygon","coordinates":[[[[-122.3644102,37.819173],[-122.3644834,37.8191422],[-122.3652854,37.8203546],[-122.364392,37.8211642],[-122.363696,37.8209858],[-122.3644102,37.819173]]]]}},{"type":"Feature","properties":{"kind":"block","block":"School","label":"School","stage":"entitled","height_ft":45,"podium_ft":null,"base_ft":0,"use":"School (public, civic and institutional)","phase":null,"illustrative":true,"source":"illustrative: drawn to the height limit of zoning district \"45-TI\" in DataSF Zoning Map – Height and Bulk Districts (https://data.sf.gov/d/h9wh-cg3m); block name and check from Treasure Island and Yerba Buena Island Design for Development (April 4, 2024 update), Figure T4.q, Maximum Height Plan, p. 169; use from Figure T3.d, Key Plan to the Treasure Island Land Use Table, p. 157","note":"45 ft, up to 55 ft along the Shared Public Way in some cases (D4D T4.4.8).","fid":111},"geometry":{"type":"MultiPolygon","coordinates":[[[[-122.3731099,37.827402],[-122.3740505,37.8265209],[-122.3742185,37.8265328],[-122.3753486,37.8282405],[-122.3735943,37.8289709],[-122.3728444,37.8278377],[-122.3731863,37.8275174],[-122.3731099,37.827402]]]]}},{"type":"Feature","properties":{"kind":"landmark","block":"C2.4","label":"Isle House","stage":"complete","height_ft":220,"podium_ft":null,"base_ft":0,"use":"Residential","phase":null,"illustrative":false,"source":"footprint: OpenStreetMap w1249412094 via Overture 2026-09-23.1; stories: DBI permit 201912169619 (https://data.sf.gov/resource/i98e-djp9.json?permit_number=201912169619), marked complete 2024-12-10; height: 67 m as mapped in OpenStreetMap","stories":22,"homes":250,"note":"22 stories (DBI permit); the 2019 Planning memo described the C2.4 design at about 19 stories and 200 ft before it grew to the permitted 22.","fid":112},"geometry":{"type":"Polygon","coordinates":[[[-122.372337,37.8194294],[-122.3727742,37.8192482],[-122.3724188,37.8186984],[-122.3723222,37.8186306],[-122.3720044,37.8189156],[-122.372337,37.8194294]]]}},{"type":"Feature","properties":{"kind":"building","block":"C2.2","label":"Hawkins","stage":"complete","height_ft":62,"podium_ft":null,"base_ft":0,"use":"Residential","phase":null,"illustrative":true,"source":"illustrative: footprint: OpenStreetMap w1249412093 via Overture 2026-09-23.1; stories: DBI permit 201912169614 (https://data.sf.gov/resource/i98e-djp9.json?permit_number=201912169614), marked complete 2025-08-29; height estimated from the permitted stories at 10.3 ft a story (6 × 10.3 ft), the average of the two Phase 1 towers in SF Planning memo to the Planning Commission, Treasure Island Subphase 1C, Blocks C2.1 & C2.4 (Record 2007.0903PHA, Aug 22, 2019), p. 2 (https://sfplanning.s3.amazonaws.com/commissions/cpcpackets/2007.0903PHA.pdf)","stories":6,"homes":178,"note":"No mapped height: the height is estimated from the permitted stories.","fid":113},"geometry":{"type":"Polygon","coordinates":[[[-122.372341,37.8197048],[-122.3718958,37.8190332],[-122.3714626,37.8194431],[-122.3717791,37.819922],[-122.372341,37.8197048]]]}},{"type":"Feature","properties":{"kind":"building","label":"Maceo May","stage":"complete","height_ft":62,"podium_ft":null,"base_ft":0,"use":"Residential","phase":null,"illustrative":true,"source":"illustrative: footprint: OpenStreetMap r19685981 via Overture 2026-09-23.1; stories: DBI permit 201810223762 (https://data.sf.gov/resource/i98e-djp9.json?permit_number=201810223762), marked complete 2023-12-28; height estimated from the permitted stories at 10.3 ft a story (6 × 10.3 ft), the average of the two Phase 1 towers in SF Planning memo to the Planning Commission, Treasure Island Subphase 1C, Blocks C2.1 & C2.4 (Record 2007.0903PHA, Aug 22, 2019), p. 2 (https://sfplanning.s3.amazonaws.com/commissions/cpcpackets/2007.0903PHA.pdf)","stories":6,"homes":105,"note":"No mapped height: the height is estimated from the permitted stories.","fid":114},"geometry":{"type":"Polygon","coordinates":[[[-122.3730625,37.8210694],[-122.3726915,37.8204944],[-122.3726452,37.8205152],[-122.3723308,37.8208016],[-122.3726195,37.8212502],[-122.3730625,37.8210694]],[[-122.3726334,37.8206881],[-122.372668,37.8206886],[-122.3728802,37.8210167],[-122.3727825,37.8210605],[-122.372786,37.8210652],[-122.3727789,37.8210678],[-122.3726192,37.8208258],[-122.3726271,37.8208228],[-122.3726103,37.8207984],[-122.3725674,37.8208091],[-122.3725437,37.8207746],[-122.3726334,37.8206881]]]}},{"type":"Feature","properties":{"kind":"building","label":"Star View Court","stage":"complete","height_ft":72,"podium_ft":null,"base_ft":0,"use":"Residential","phase":null,"illustrative":true,"source":"illustrative: footprint: OpenStreetMap w1212173437 via Overture 2026-09-23.1; stories: DBI permit 201912139581 (https://data.sf.gov/resource/i98e-djp9.json?permit_number=201912139581), marked complete 2024-06-27; height estimated from the permitted stories at 10.3 ft a story (7 × 10.3 ft), the average of the two Phase 1 towers in SF Planning memo to the Planning Commission, Treasure Island Subphase 1C, Blocks C2.1 & C2.4 (Record 2007.0903PHA, Aug 22, 2019), p. 2 (https://sfplanning.s3.amazonaws.com/commissions/cpcpackets/2007.0903PHA.pdf)","stories":7,"homes":138,"note":"No mapped height: the height is estimated from the permitted stories.","fid":115},"geometry":{"type":"Polygon","coordinates":[[[-122.3732302,37.8221525],[-122.3735976,37.8218103],[-122.3731269,37.8211011],[-122.3726629,37.8212934],[-122.3732302,37.8221525]]]}},{"type":"Feature","properties":{"kind":"building","block":"C3.4","label":"490 Avenue of the Palms","stage":"complete","height_ft":62,"podium_ft":null,"base_ft":0,"use":"Residential","phase":null,"illustrative":true,"source":"illustrative: footprint: OpenStreetMap w1272162518 via Overture 2026-09-23.1; stories: DBI permit 202011199306 (https://data.sf.gov/resource/i98e-djp9.json?permit_number=202011199306), marked complete 2026-03-09; height estimated from the permitted stories at 10.3 ft a story (6 × 10.3 ft), the average of the two Phase 1 towers in SF Planning memo to the Planning Commission, Treasure Island Subphase 1C, Blocks C2.1 & C2.4 (Record 2007.0903PHA, Aug 22, 2019), p. 2 (https://sfplanning.s3.amazonaws.com/commissions/cpcpackets/2007.0903PHA.pdf)","stories":6,"homes":148,"note":"No mapped height: the height is estimated from the permitted stories.","fid":116},"geometry":{"type":"Polygon","coordinates":[[[-122.3736767,37.8217176],[-122.3741333,37.8213005],[-122.373693,37.8206468],[-122.3731264,37.8208787],[-122.3736767,37.8217176]]]}},{"type":"Feature","properties":{"kind":"building","label":"The Bristol","stage":"complete","height_ft":62,"podium_ft":null,"base_ft":0,"use":"Residential","phase":null,"illustrative":true,"source":"illustrative: footprint: OpenStreetMap w813225688 via Overture 2026-09-23.1; stories: DBI permit 201808137195 (https://data.sf.gov/resource/i98e-djp9.json?permit_number=201808137195), marked complete 2022-06-24; height estimated from the permitted stories at 10.3 ft a story (6 × 10.3 ft), the average of the two Phase 1 towers in SF Planning memo to the Planning Commission, Treasure Island Subphase 1C, Blocks C2.1 & C2.4 (Record 2007.0903PHA, Aug 22, 2019), p. 2 (https://sfplanning.s3.amazonaws.com/commissions/cpcpackets/2007.0903PHA.pdf)","stories":6,"homes":124,"note":"No mapped height: the height is estimated from the permitted stories.","fid":117},"geometry":{"type":"Polygon","coordinates":[[[-122.3655769,37.8116017],[-122.3656927,37.8114689],[-122.3653766,37.8112894],[-122.3653334,37.8113398],[-122.3651339,37.8112343],[-122.3651669,37.8111857],[-122.3649508,37.8110562],[-122.3645955,37.8114797],[-122.3645056,37.8117572],[-122.3648597,37.8118327],[-122.3648623,37.811822],[-122.3649274,37.8118352],[-122.3649351,37.8118125],[-122.3650866,37.811792],[-122.3652215,37.8117561],[-122.3653685,37.8117036],[-122.3654528,37.8116646],[-122.3655403,37.8116122],[-122.3655406,37.811583],[-122.3655769,37.8116017]]]}},{"type":"Feature","properties":{"kind":"building","block":"4Y","label":"Meadow Drive townhouses","stage":"complete","height_ft":35,"podium_ft":null,"base_ft":0,"use":"Residential","phase":null,"illustrative":true,"source":"illustrative: footprints: OpenStreetMap w1228080320, w1228080321, w1228080322, w1249412140, w1375946326 via Overture 2026-09-23.1; stories: DBI permits 201905170929 (https://data.sf.gov/resource/i98e-djp9.json?permit_number=201905170929), 201905170931 (https://data.sf.gov/resource/i98e-djp9.json?permit_number=201905170931), 201905170934 (https://data.sf.gov/resource/i98e-djp9.json?permit_number=201905170934), 201905170935 (https://data.sf.gov/resource/i98e-djp9.json?permit_number=201905170935), marked complete 2025-02-20 and 2025-02-24; height: drawn to the 35-ft limit of zoning district \"35-Low Rise YBI\" (https://data.sf.gov/d/h9wh-cg3m); the permits give 3 and 4 stories","stories":null,"homes":30,"note":"Five buildings of 3 and 4 stories under four permits that can't be matched one to one, so they're drawn together at their district's 35-ft limit.","fid":118},"geometry":{"type":"MultiPolygon","coordinates":[[[[-122.3664936,37.8105049],[-122.3664488,37.8106928],[-122.3660909,37.8106395],[-122.3661342,37.8104513],[-122.3664936,37.8105049]]],[[[-122.365675,37.8105382],[-122.3659961,37.8104758],[-122.3660414,37.8106601],[-122.3657317,37.8107203],[-122.365675,37.8105382]]],[[[-122.3656877,37.8108093],[-122.3653555,37.8111146],[-122.3651883,37.8110011],[-122.3655205,37.8106958],[-122.3656877,37.8108093]]],[[[-122.3664048,37.8109623],[-122.3660135,37.8110823],[-122.3659387,37.8109299],[-122.36633,37.81081],[-122.3664048,37.8109623]]],[[[-122.3657776,37.8113493],[-122.3656044,37.8112556],[-122.3658169,37.8110105],[-122.3659901,37.8111043],[-122.3657776,37.8113493]]]]}}]}
