{
 "type": "FeatureCollection",
 "properties": {
  "project": "willow-village",
  "illustrative": true,
  "summary": "Illustrative massing: each building in the approved 2022 Willow Village master plan (Sheet G3.04) is drawn on its plan footprint, which the permit calls illustrative, and extruded to its maximum height, from 15 ft to 118 ft for the meeting and collaboration space. Real buildings step down from their maximum. Parks, the town square and the elevated park aren't massed. Nothing has been built; Meta paused the project in May 2026.",
  "note": "Buildings are drawn to their maximum heights in the approved 2022 master plan; real buildings step down from them.",
  "sourceUrl": "https://www.menlopark.gov/files/sharedassets/public/v/2/community-development/documents/projects/under-review/willow-village/october-2022/masterplan-plan-set.pdf",
  "sourceLabel": "Master plan, 2022 (PDF)",
  "georeference": {
   "sheet_g3_04": {
    "scale_m_per_unit": 0.42199,
    "rotation_deg": 1.765,
    "rms_m": 0.46,
    "controls": [
     {
      "label": "G3.04 site boundary vs the legal-description site boundary: trimmed RMS over the closest 80% of 2202 points",
      "residual_m": 0.46
     }
    ],
    "method": "trimmed ICP",
    "points": 2202,
    "inlier_share": 0.8,
    "median_m": 0.45,
    "p90_m": 1.32,
    "nominal_scale_m_per_unit": 0.42333,
    "check_rms_m": 5.61,
    "check_note": "Roof corners in the sheet's aerial base against OpenStreetMap footprints; roofs, eaves and the aerial's own placement add a few metres, so this checks the fit only coarsely.",
    "check_points": [
     {
      "label": "roof SW corner, building south of O'Brien Drive roundabout",
      "residual_m": 8.64
     },
     {
      "label": "roof NW corner, same building",
      "residual_m": 4.97
     },
     {
      "label": "roof NE corner, same building",
      "residual_m": 4.9
     },
     {
      "label": "roof SW corner, building on Adams Court",
      "residual_m": 5.1
     },
     {
      "label": "roof SE corner, building on Adams Court",
      "residual_m": 2.8
     }
    ]
   },
   "check_against_site": {
    "buildings_m2": 105998,
    "outside_site_m2": 0,
    "outside_site_share": 0.0,
    "unlabelled_shapes_left_out_m2": [
     377
    ]
   }
  },
  "documents": {
   "master_plan": {
    "title": "Willow Village Master Plan, Conditional Development Permit plan set (Oct 19, 2022; approved Dec 13, 2022)",
    "url": "https://www.menlopark.gov/files/sharedassets/public/v/2/community-development/documents/projects/under-review/willow-village/october-2022/masterplan-plan-set.pdf",
    "sha256": "a1f943b4ab3bb7891eab5c28677329fef275e28aea1bcc3c0910885db32c2705",
    "pages": "Sheet G3.04 (PDF p. 20): footprints, building maximum heights, CDP standards"
   },
   "cdp": {
    "title": "Notice of terms and conditions of the Willow Village Conditional Development Permit",
    "url": "https://www.menlopark.gov/files/sharedassets/public/v/1/community-development/documents/projects/under-review/willow-village/notice-of-terms-and-conditions-of-conditional-development-permit.pdf",
    "sha256": "3510de24e3bf4d4b1f4a82f15c5642a18e8de54209c40e6d87ea2759184a112b",
    "pages": "Section 2.3.5 (p. 5): heights may not exceed G3.04's maxima; 2.2.3: illustrative plans"
   },
   "architectural_control_plans": {
    "url": "https://www.menlopark.gov/Government/Departments/Community-Development/Projects/Approved-projects/Willow-Village",
    "finding": "Approved June-Sept 2023 for the Phase 1 buildings; their maximum heights match G3.04 (RS7 75.98 ft against 76.06 ft). No ACP for RS4 and RS5.",
    "checked": {
     "O1": {
      "acp": "https://www.menlopark.gov/files/sharedassets/public/v/1/community-development/documents/projects/under-review/willow-village/architectural-control-plans/office-campus.pdf",
      "page": 108,
      "max_ft": 67.46
     },
     "O2": {
      "acp": "https://www.menlopark.gov/files/sharedassets/public/v/1/community-development/documents/projects/under-review/willow-village/architectural-control-plans/office-campus.pdf",
      "page": 109,
      "max_ft": 83.41
     },
     "O3": {
      "acp": "https://www.menlopark.gov/files/sharedassets/public/v/1/community-development/documents/projects/under-review/willow-village/architectural-control-plans/office-campus.pdf",
      "page": 110,
      "max_ft": 83.13
     },
     "O4": {
      "acp": "https://www.menlopark.gov/files/sharedassets/public/v/1/community-development/documents/projects/under-review/willow-village/architectural-control-plans/office-campus.pdf",
      "page": 111,
      "max_ft": 82.31
     },
     "O5": {
      "acp": "https://www.menlopark.gov/files/sharedassets/public/v/1/community-development/documents/projects/under-review/willow-village/architectural-control-plans/office-campus.pdf",
      "page": 112,
      "max_ft": 83.17
     },
     "O6": {
      "acp": "https://www.menlopark.gov/files/sharedassets/public/v/1/community-development/documents/projects/under-review/willow-village/architectural-control-plans/office-campus.pdf",
      "page": 113,
      "max_ft": 82.27
     },
     "SG": {
      "acp": "https://www.menlopark.gov/files/sharedassets/public/v/1/community-development/documents/projects/under-review/willow-village/architectural-control-plans/office-campus.pdf",
      "page": 114,
      "max_ft": 83.29
     },
     "NG": {
      "acp": "https://www.menlopark.gov/files/sharedassets/public/v/1/community-development/documents/projects/under-review/willow-village/architectural-control-plans/office-campus.pdf",
      "page": 115,
      "max_ft": 92.55
     },
     "O7": {
      "acp": "https://www.menlopark.gov/files/sharedassets/public/v/1/community-development/documents/projects/under-review/willow-village/architectural-control-plans/meeting-and-collaboration-space-and-elevated-park.pdf",
      "page": 29,
      "max_ft": 118.04
     },
     "TS1": {
      "acp": "https://www.menlopark.gov/files/sharedassets/public/v/1/community-development/documents/projects/under-review/willow-village/architectural-control-plans/willow-village-hotel.pdf",
      "page": 28,
      "max_ft": 84.48
     },
     "TS2": {
      "acp": "https://www.menlopark.gov/files/sharedassets/public/v/1/community-development/documents/projects/under-review/willow-village/architectural-control-plans/town-square.pdf",
      "page": 19,
      "max_ft": 35.32
     },
     "RS2": {
      "acp": "https://www.menlopark.gov/files/sharedassets/public/v/1/community-development/documents/projects/under-review/willow-village/architectural-control-plans/mixed-use-parcel-2.pdf",
      "page": 39,
      "max_ft": 78.14
     },
     "RS3": {
      "acp": "https://www.menlopark.gov/files/sharedassets/public/v/1/community-development/documents/projects/under-review/willow-village/architectural-control-plans/mixed-use-parcel-3-plan-set.pdf",
      "page": 34,
      "max_ft": 84.15
     },
     "RS6": {
      "acp": "https://www.menlopark.gov/files/sharedassets/public/v/1/community-development/documents/projects/under-review/willow-village/architectural-control-plans/willow-village-parcel-6.pdf",
      "page": 35,
      "max_ft": 79.78
     },
     "RS7": {
      "acp": "https://www.menlopark.gov/files/sharedassets/public/v/1/community-development/documents/projects/under-review/willow-village/architectural-control-plans/willow-village-parcel-7.pdf",
      "page": 27,
      "max_ft": 75.98
     }
    }
   }
  },
  "license": "Building shapes and heights from public City of Menlo Park documents; placed on the site boundary traced from the development agreement (City of Menlo Park parcels, CC0); checked against OpenStreetMap (ODbL 1.0) via Overture Maps."
 },
 "features": [
  {
   "type": "Feature",
   "properties": {
    "kind": "building",
    "block": "TS1",
    "label": "Hotel (TS1)",
    "stage": "entitled",
    "height_ft": 84.48,
    "podium_ft": null,
    "base_ft": 0,
    "use": "hotel, retail",
    "phase": null,
    "illustrative": true,
    "source": "illustrative: footprint and maximum height (84.48 ft) traced from Willow Village Master Plan, Conditional Development Permit plan set (Oct 19, 2022; approved Dec 13, 2022), Sheet G3.04, Illustrative Building Height Plan (PDF p. 20); CDP Section 2.3.5 caps heights at G3.04's maxima (O zone: 120 ft)",
    "note": "The approved architectural control plans (2023) give 84.48 ft."
   },
   "geometry": {
    "type": "MultiPolygon",
    "coordinates": [
     [
      [
       [
        -122.1508445,
        37.47929
       ],
       [
        -122.1508626,
        37.4793125
       ],
       [
        -122.1508484,
        37.4793153
       ],
       [
        -122.1508297,
        37.4793879
       ],
       [
        -122.1508126,
        37.4794034
       ],
       [
        -122.150804,
        37.479439
       ],
       [
        -122.1507898,
        37.4794418
       ],
       [
        -122.1507904,
        37.4794659
       ],
       [
        -122.1506045,
        37.4798229
       ],
       [
        -122.1505435,
        37.4798062
       ],
       [
        -122.15052,
        37.4797895
       ],
       [
        -122.1504986,
        37.4797931
       ],
       [
        -122.1504776,
        37.479782
       ],
       [
        -122.1504774,
        37.4797731
       ],
       [
        -122.1504215,
        37.4797678
       ],
       [
        -122.1503796,
        37.4797457
       ],
       [
        -122.1503348,
        37.4797388
       ],
       [
        -122.1502848,
        37.4797131
       ],
       [
        -122.1502738,
        37.4797196
       ],
       [
        -122.1502289,
        37.4797064
       ],
       [
        -122.1502093,
        37.4796878
       ],
       [
        -122.1501582,
        37.4796823
       ],
       [
        -122.1501531,
        37.4796697
       ],
       [
        -122.1501293,
        37.4796701
       ],
       [
        -122.1501155,
        37.4796596
       ],
       [
        -122.1501069,
        37.4796655
       ],
       [
        -122.1499992,
        37.4796255
       ],
       [
        -122.1499736,
        37.4796234
       ],
       [
        -122.1499573,
        37.4796084
       ],
       [
        -122.1499872,
        37.4795356
       ],
       [
        -122.1500057,
        37.4795163
       ],
       [
        -122.1500142,
        37.4794781
       ],
       [
        -122.150042,
        37.4794447
       ],
       [
        -122.1500415,
        37.4794282
       ],
       [
        -122.1500558,
        37.4794254
       ],
       [
        -122.1500612,
        37.4793911
       ],
       [
        -122.1501018,
        37.4793067
       ],
       [
        -122.1501281,
        37.4792783
       ],
       [
        -122.150129,
        37.4792542
       ],
       [
        -122.1501562,
        37.4791992
       ],
       [
        -122.1501704,
        37.4791964
       ],
       [
        -122.1501743,
        37.4791646
       ],
       [
        -122.1502106,
        37.479093
       ],
       [
        -122.1507723,
        37.4792684
       ],
       [
        -122.1507836,
        37.4792758
       ],
       [
        -122.1507844,
        37.4793037
       ],
       [
        -122.1508093,
        37.479283
       ],
       [
        -122.1508445,
        37.47929
       ]
      ]
     ]
    ]
   }
  },
  {
   "type": "Feature",
   "properties": {
    "kind": "building",
    "block": "TS2",
    "label": "Town Square retail TS2",
    "stage": "entitled",
    "height_ft": 35.32,
    "podium_ft": null,
    "base_ft": 0,
    "use": "retail",
    "phase": null,
    "illustrative": true,
    "source": "illustrative: footprint and maximum height (35.32 ft) traced from Willow Village Master Plan, Conditional Development Permit plan set (Oct 19, 2022; approved Dec 13, 2022), Sheet G3.04, Illustrative Building Height Plan (PDF p. 20); CDP Section 2.3.5 caps heights at G3.04's maxima (O zone: 120 ft)",
    "note": "The approved architectural control plans (2023) give 35.32 ft."
   },
   "geometry": {
    "type": "MultiPolygon",
    "coordinates": [
     [
      [
       [
        -122.1491781,
        37.4789867
       ],
       [
        -122.1491773,
        37.4790742
       ],
       [
        -122.149095,
        37.479087
       ],
       [
        -122.1490906,
        37.4789869
       ],
       [
        -122.1491681,
        37.4789703
       ],
       [
        -122.1491781,
        37.4789867
       ]
      ]
     ],
     [
      [
       [
        -122.1497489,
        37.4790275
       ],
       [
        -122.1497438,
        37.4790745
       ],
       [
        -122.1497248,
        37.4790761
       ],
       [
        -122.1497225,
        37.4791104
       ],
       [
        -122.1497117,
        37.479122
       ],
       [
        -122.1496649,
        37.4790987
       ],
       [
        -122.1496347,
        37.4791005
       ],
       [
        -122.1496137,
        37.4790856
       ],
       [
        -122.1496043,
        37.4790921
       ],
       [
        -122.1495387,
        37.4790793
       ],
       [
        -122.1495177,
        37.479067
       ],
       [
        -122.1494812,
        37.4790727
       ],
       [
        -122.1494524,
        37.4790656
       ],
       [
        -122.1494314,
        37.4790533
       ],
       [
        -122.1494391,
        37.4790455
       ],
       [
        -122.1494293,
        37.4790368
       ],
       [
        -122.1494324,
        37.4789746
       ],
       [
        -122.1494754,
        37.4789751
       ],
       [
        -122.1494933,
        37.4789888
       ],
       [
        -122.1495073,
        37.4789784
       ],
       [
        -122.1495423,
        37.4789778
       ],
       [
        -122.1495506,
        37.4789929
       ],
       [
        -122.1496526,
        37.4789987
       ],
       [
        -122.1497489,
        37.4790275
       ]
      ]
     ]
    ]
   }
  },
  {
   "type": "Feature",
   "properties": {
    "kind": "building",
    "block": "O1",
    "label": "Office building O1",
    "stage": "entitled",
    "height_ft": 67.46,
    "podium_ft": null,
    "base_ft": 0,
    "use": "office",
    "phase": null,
    "illustrative": true,
    "source": "illustrative: footprint and maximum height (67.46 ft) traced from Willow Village Master Plan, Conditional Development Permit plan set (Oct 19, 2022; approved Dec 13, 2022), Sheet G3.04, Illustrative Building Height Plan (PDF p. 20); CDP Section 2.3.5 caps heights at G3.04's maxima (O zone: 120 ft)",
    "note": "The approved architectural control plans (2023) give 67.46 ft."
   },
   "geometry": {
    "type": "MultiPolygon",
    "coordinates": [
     [
      [
       [
        -122.1478151,
        37.4774378
       ],
       [
        -122.1478112,
        37.4774671
       ],
       [
        -122.1477988,
        37.4774812
       ],
       [
        -122.1477829,
        37.4774815
       ],
       [
        -122.1477833,
        37.4774942
       ],
       [
        -122.1477579,
        37.4774984
       ],
       [
        -122.1477269,
        37.4775294
       ],
       [
        -122.1476826,
        37.4775365
       ],
       [
        -122.147669,
        37.4775621
       ],
       [
        -122.1476312,
        37.4775767
       ],
       [
        -122.1476314,
        37.4775856
       ],
       [
        -122.1475564,
        37.4776442
       ],
       [
        -122.1475466,
        37.4776367
       ],
       [
        -122.147525,
        37.4776508
       ],
       [
        -122.1474964,
        37.4776539
       ],
       [
        -122.1474883,
        37.4776477
       ],
       [
        -122.1474536,
        37.4776597
       ],
       [
        -122.1473632,
        37.4776689
       ],
       [
        -122.1473319,
        37.4776612
       ],
       [
        -122.1473156,
        37.4776735
       ],
       [
        -122.1471188,
        37.4776947
       ],
       [
        -122.1471051,
        37.4776879
       ],
       [
        -122.1470729,
        37.4777005
       ],
       [
        -122.1470504,
        37.4776933
       ],
       [
        -122.1470348,
        37.477705
       ],
       [
        -122.1469521,
        37.4777064
       ],
       [
        -122.1469047,
        37.4777174
       ],
       [
        -122.1468792,
        37.4777178
       ],
       [
        -122.1468627,
        37.4776978
       ],
       [
        -122.1468463,
        37.4776182
       ],
       [
        -122.1468552,
        37.4775965
       ],
       [
        -122.1468452,
        37.4775789
       ],
       [
        -122.147007,
        37.4775609
       ],
       [
        -122.1470062,
        37.4775305
       ],
       [
        -122.147017,
        37.4775202
       ],
       [
        -122.1470024,
        37.4775077
       ],
       [
        -122.147014,
        37.4774968
       ],
       [
        -122.1469951,
        37.4774749
       ],
       [
        -122.1469944,
        37.4774508
       ],
       [
        -122.1469102,
        37.4774561
       ],
       [
        -122.1469036,
        37.4774448
       ],
       [
        -122.1469136,
        37.4774338
       ],
       [
        -122.1468981,
        37.4774195
       ],
       [
        -122.1469015,
        37.47737
       ],
       [
        -122.146886,
        37.4773271
       ],
       [
        -122.1469146,
        37.4773241
       ],
       [
        -122.1469143,
        37.4773114
       ],
       [
        -122.1469714,
        37.4773079
       ],
       [
        -122.146984,
        37.4773001
       ],
       [
        -122.1472474,
        37.4772765
       ],
       [
        -122.1472182,
        37.4772542
       ],
       [
        -122.1472008,
        37.4771429
       ],
       [
        -122.1473274,
        37.4770492
       ],
       [
        -122.1473588,
        37.4770438
       ],
       [
        -122.1473759,
        37.4770283
       ],
       [
        -122.1473856,
        37.4770344
       ],
       [
        -122.1474076,
        37.4770226
       ],
       [
        -122.1474286,
        37.4770337
       ],
       [
        -122.147429,
        37.4770502
       ],
       [
        -122.1474434,
        37.4770524
       ],
       [
        -122.1474504,
        37.4770752
       ],
       [
        -122.1474859,
        37.4770936
       ],
       [
        -122.1474862,
        37.477105
       ],
       [
        -122.1474958,
        37.4771048
       ],
       [
        -122.1475448,
        37.4771534
       ],
       [
        -122.1475452,
        37.4771686
       ],
       [
        -122.1475612,
        37.4771696
       ],
       [
        -122.1476037,
        37.4772133
       ],
       [
        -122.1476045,
        37.4772399
       ],
       [
        -122.1476299,
        37.4772407
       ],
       [
        -122.1476191,
        37.4772523
       ],
       [
        -122.1476256,
        37.4772573
       ],
       [
        -122.1476067,
        37.4772639
       ],
       [
        -122.1475914,
        37.4772857
       ],
       [
        -122.1476033,
        37.4773147
       ],
       [
        -122.1476192,
        37.4773144
       ],
       [
        -122.1476518,
        37.477343
       ],
       [
        -122.1476557,
        37.4773671
       ],
       [
        -122.1477099,
        37.4773725
       ],
       [
        -122.1477128,
        37.477361
       ],
       [
        -122.1477365,
        37.4773555
       ],
       [
        -122.1478151,
        37.4774378
       ]
      ]
     ]
    ]
   }
  },
  {
   "type": "Feature",
   "properties": {
    "kind": "building",
    "block": "O2",
    "label": "Office building O2",
    "stage": "entitled",
    "height_ft": 83.41,
    "podium_ft": null,
    "base_ft": 0,
    "use": "office",
    "phase": null,
    "illustrative": true,
    "source": "illustrative: footprint and maximum height (83.41 ft) traced from Willow Village Master Plan, Conditional Development Permit plan set (Oct 19, 2022; approved Dec 13, 2022), Sheet G3.04, Illustrative Building Height Plan (PDF p. 20); CDP Section 2.3.5 caps heights at G3.04's maxima (O zone: 120 ft)",
    "note": "The approved architectural control plans (2023) give 83.41 ft."
   },
   "geometry": {
    "type": "MultiPolygon",
    "coordinates": [
     [
      [
       [
        -122.1482906,
        37.4779521
       ],
       [
        -122.1482909,
        37.4779622
       ],
       [
        -122.148255,
        37.4779882
       ],
       [
        -122.148236,
        37.4779898
       ],
       [
        -122.14823,
        37.4780064
       ],
       [
        -122.148192,
        37.4780121
       ],
       [
        -122.1481784,
        37.4780364
       ],
       [
        -122.1480938,
        37.4780952
       ],
       [
        -122.1480278,
        37.4781177
       ],
       [
        -122.1480265,
        37.4781278
       ],
       [
        -122.1480076,
        37.4781332
       ],
       [
        -122.1479154,
        37.4782048
       ],
       [
        -122.1478991,
        37.4781924
       ],
       [
        -122.1478014,
        37.4782154
       ],
       [
        -122.1477282,
        37.4782167
       ],
       [
        -122.1477253,
        37.4782282
       ],
       [
        -122.1476794,
        37.4782378
       ],
       [
        -122.1474592,
        37.4782721
       ],
       [
        -122.1474221,
        37.478255
       ],
       [
        -122.1474137,
        37.4782361
       ],
       [
        -122.1474222,
        37.4782277
       ],
       [
        -122.1474067,
        37.4782134
       ],
       [
        -122.1473926,
        37.4781629
       ],
       [
        -122.1474046,
        37.4781386
       ],
       [
        -122.1474333,
        37.4781381
       ],
       [
        -122.1474615,
        37.4781224
       ],
       [
        -122.1474508,
        37.4780795
       ],
       [
        -122.14746,
        37.4780692
       ],
       [
        -122.1474454,
        37.4780568
       ],
       [
        -122.147452,
        37.4780357
       ],
       [
        -122.1474258,
        37.4780108
       ],
       [
        -122.1473554,
        37.4780253
       ],
       [
        -122.1473292,
        37.4779396
       ],
       [
        -122.1473377,
        37.4779286
       ],
       [
        -122.1473201,
        37.4778991
       ],
       [
        -122.147331,
        37.4778901
       ],
       [
        -122.1473865,
        37.4778828
       ],
       [
        -122.147429,
        37.4778668
       ],
       [
        -122.1477,
        37.4778241
       ],
       [
        -122.1477312,
        37.477802
       ],
       [
        -122.1477722,
        37.4777886
       ],
       [
        -122.147772,
        37.4777797
       ],
       [
        -122.1477972,
        37.4777704
       ],
       [
        -122.1478,
        37.4777589
       ],
       [
        -122.14782,
        37.477763
       ],
       [
        -122.1478428,
        37.4777531
       ],
       [
        -122.1478517,
        37.4777289
       ],
       [
        -122.1478708,
        37.4777285
       ],
       [
        -122.1478892,
        37.4777041
       ],
       [
        -122.1479271,
        37.4776908
       ],
       [
        -122.1479425,
        37.4776728
       ],
       [
        -122.1479647,
        37.4776711
       ],
       [
        -122.1480055,
        37.4776489
       ],
       [
        -122.1480508,
        37.4776772
       ],
       [
        -122.1481015,
        37.4777258
       ],
       [
        -122.1481115,
        37.4777459
       ],
       [
        -122.148096,
        37.4777589
       ],
       [
        -122.1480468,
        37.4777648
       ],
       [
        -122.1480728,
        37.4777846
       ],
       [
        -122.1480748,
        37.4777986
       ],
       [
        -122.1481038,
        37.4778133
       ],
       [
        -122.1481043,
        37.4778297
       ],
       [
        -122.1481202,
        37.4778307
       ],
       [
        -122.148124,
        37.477851
       ],
       [
        -122.1481611,
        37.4778706
       ],
       [
        -122.1481943,
        37.4778612
       ],
       [
        -122.1482002,
        37.4778471
       ],
       [
        -122.1482492,
        37.4778919
       ],
       [
        -122.1482742,
        37.4779333
       ],
       [
        -122.1482918,
        37.4779356
       ],
       [
        -122.1483049,
        37.4779493
       ],
       [
        -122.1482906,
        37.4779521
       ]
      ]
     ]
    ]
   }
  },
  {
   "type": "Feature",
   "properties": {
    "kind": "building",
    "block": "O3",
    "label": "Office building O3",
    "stage": "entitled",
    "height_ft": 83.13,
    "podium_ft": null,
    "base_ft": 0,
    "use": "office",
    "phase": null,
    "illustrative": true,
    "source": "illustrative: footprint and maximum height (83.13 ft) traced from Willow Village Master Plan, Conditional Development Permit plan set (Oct 19, 2022; approved Dec 13, 2022), Sheet G3.04, Illustrative Building Height Plan (PDF p. 20); CDP Section 2.3.5 caps heights at G3.04's maxima (O zone: 120 ft)",
    "note": "The approved architectural control plans (2023) give 83.13 ft."
   },
   "geometry": {
    "type": "MultiPolygon",
    "coordinates": [
     [
      [
       [
        -122.1486903,
        37.4786033
       ],
       [
        -122.1486478,
        37.4786218
       ],
       [
        -122.148627,
        37.4786158
       ],
       [
        -122.1486145,
        37.4786236
       ],
       [
        -122.1485521,
        37.4786133
       ],
       [
        -122.1485359,
        37.4786021
       ],
       [
        -122.1484857,
        37.4786284
       ],
       [
        -122.1484666,
        37.4786287
       ],
       [
        -122.1484673,
        37.4786515
       ],
       [
        -122.1484855,
        37.4786791
       ],
       [
        -122.1484214,
        37.4787311
       ],
       [
        -122.1483949,
        37.478713
       ],
       [
        -122.1483519,
        37.4787385
       ],
       [
        -122.148276,
        37.478755
       ],
       [
        -122.1482763,
        37.4787664
       ],
       [
        -122.1482542,
        37.4787732
       ],
       [
        -122.148148,
        37.4787877
       ],
       [
        -122.1481302,
        37.4787766
       ],
       [
        -122.1481052,
        37.478796
       ],
       [
        -122.1479879,
        37.478812
       ],
       [
        -122.1479782,
        37.4788058
       ],
       [
        -122.1479056,
        37.4788261
       ],
       [
        -122.1478136,
        37.4788379
       ],
       [
        -122.1478023,
        37.4788317
       ],
       [
        -122.1477867,
        37.4788434
       ],
       [
        -122.1477217,
        37.4788509
       ],
       [
        -122.1477095,
        37.4788441
       ],
       [
        -122.1476946,
        37.4788526
       ],
       [
        -122.1476857,
        37.4788458
       ],
       [
        -122.1476725,
        37.4788568
       ],
       [
        -122.1476233,
        37.4788615
       ],
       [
        -122.1475961,
        37.4788581
       ],
       [
        -122.1475767,
        37.4788445
       ],
       [
        -122.1475598,
        37.4787497
       ],
       [
        -122.1475766,
        37.4787266
       ],
       [
        -122.1476213,
        37.4787296
       ],
       [
        -122.1476187,
        37.4786345
       ],
       [
        -122.1476083,
        37.4786056
       ],
       [
        -122.1475273,
        37.4786095
       ],
       [
        -122.1475,
        37.4784832
       ],
       [
        -122.1475172,
        37.4784727
       ],
       [
        -122.1475616,
        37.4784681
       ],
       [
        -122.1475698,
        37.4784743
       ],
       [
        -122.147617,
        37.4784558
       ],
       [
        -122.1476275,
        37.4784626
       ],
       [
        -122.1476407,
        37.4784516
       ],
       [
        -122.1476978,
        37.4784442
       ],
       [
        -122.1477083,
        37.478451
       ],
       [
        -122.1477596,
        37.4784343
       ],
       [
        -122.1478167,
        37.4784269
       ],
       [
        -122.1478248,
        37.4784331
       ],
       [
        -122.1478373,
        37.4784228
       ],
       [
        -122.1478486,
        37.4784289
       ],
       [
        -122.1478595,
        37.4784211
       ],
       [
        -122.1479926,
        37.4783998
       ],
       [
        -122.1480783,
        37.478392
       ],
       [
        -122.148088,
        37.4783994
       ],
       [
        -122.148113,
        37.4783812
       ],
       [
        -122.1481588,
        37.4783677
       ],
       [
        -122.1481815,
        37.4783851
       ],
       [
        -122.1481823,
        37.4783559
       ],
       [
        -122.1482343,
        37.478336
       ],
       [
        -122.1482511,
        37.4783401
       ],
       [
        -122.1483477,
        37.478296
       ],
       [
        -122.1483554,
        37.4782857
       ],
       [
        -122.1483159,
        37.4782369
       ],
       [
        -122.1483135,
        37.4782078
       ],
       [
        -122.1484315,
        37.4781576
       ],
       [
        -122.1485597,
        37.4783671
       ],
       [
        -122.148508,
        37.4783869
       ],
       [
        -122.1485218,
        37.478435
       ],
       [
        -122.1485563,
        37.4784737
       ],
       [
        -122.1485574,
        37.478513
       ],
       [
        -122.1485838,
        37.478491
       ],
       [
        -122.1486249,
        37.4784814
       ],
       [
        -122.148683,
        37.4785704
       ],
       [
        -122.1486903,
        37.4786033
       ]
      ]
     ]
    ]
   }
  },
  {
   "type": "Feature",
   "properties": {
    "kind": "building",
    "block": "O4",
    "label": "Office building O4 and Town Square retail TS3",
    "stage": "entitled",
    "height_ft": 82.31,
    "podium_ft": null,
    "base_ft": 0,
    "use": "office, retail",
    "phase": null,
    "illustrative": true,
    "source": "illustrative: footprint and maximum height (82.31 ft) traced from Willow Village Master Plan, Conditional Development Permit plan set (Oct 19, 2022; approved Dec 13, 2022), Sheet G3.04, Illustrative Building Height Plan (PDF p. 20); CDP Section 2.3.5 caps heights at G3.04's maxima (O zone: 120 ft)",
    "note": "Includes Town Square retail building TS3 (maximum 37.77 ft), which G3.04 draws as the west end of O4 without a dividing line. The approved architectural control plans (2023) give 82.31 ft."
   },
   "geometry": {
    "type": "MultiPolygon",
    "coordinates": [
     [
      [
       [
        -122.1488806,
        37.4793367
       ],
       [
        -122.148876,
        37.4794028
       ],
       [
        -122.1486979,
        37.4794059
       ],
       [
        -122.1486722,
        37.4793987
       ],
       [
        -122.1486376,
        37.4794107
       ],
       [
        -122.1482381,
        37.4794088
       ],
       [
        -122.1482226,
        37.4794217
       ],
       [
        -122.1481733,
        37.4794238
       ],
       [
        -122.1480847,
        37.4794431
       ],
       [
        -122.1480718,
        37.4794357
       ],
       [
        -122.1480388,
        37.4794503
       ],
       [
        -122.1480165,
        37.4794519
       ],
       [
        -122.1480028,
        37.4794439
       ],
       [
        -122.1479769,
        37.4794589
       ],
       [
        -122.147964,
        37.4794516
       ],
       [
        -122.1479515,
        37.4794606
       ],
       [
        -122.1479229,
        37.4794611
       ],
       [
        -122.1479231,
        37.4794688
       ],
       [
        -122.1477597,
        37.4794868
       ],
       [
        -122.1477419,
        37.479477
       ],
       [
        -122.1477152,
        37.4793734
       ],
       [
        -122.1477195,
        37.4793531
       ],
       [
        -122.1477576,
        37.4793499
       ],
       [
        -122.1477905,
        37.4793341
       ],
       [
        -122.1477718,
        37.4792304
       ],
       [
        -122.1476907,
        37.4792331
       ],
       [
        -122.1476793,
        37.4792219
       ],
       [
        -122.1477041,
        37.4791986
       ],
       [
        -122.1476771,
        37.4791991
       ],
       [
        -122.1476601,
        37.4791043
       ],
       [
        -122.1477534,
        37.4790811
       ],
       [
        -122.147839,
        37.4790682
       ],
       [
        -122.1478574,
        37.4790736
       ],
       [
        -122.1478929,
        37.4790609
       ],
       [
        -122.1479359,
        37.4790627
       ],
       [
        -122.1479467,
        37.4790524
       ],
       [
        -122.1481051,
        37.4790256
       ],
       [
        -122.148164,
        37.4790245
       ],
       [
        -122.1481891,
        37.479014
       ],
       [
        -122.148302,
        37.4790107
       ],
       [
        -122.1483158,
        37.4790187
       ],
       [
        -122.148345,
        37.47901
       ],
       [
        -122.1483587,
        37.479018
       ],
       [
        -122.1484006,
        37.479009
       ],
       [
        -122.1486456,
        37.4790048
       ],
       [
        -122.1486639,
        37.4790349
       ],
       [
        -122.1487196,
        37.4790339
       ],
       [
        -122.1487681,
        37.4790064
       ],
       [
        -122.1488699,
        37.4790047
       ],
       [
        -122.1488772,
        37.4791555
       ],
       [
        -122.1488328,
        37.4791588
       ],
       [
        -122.1488315,
        37.4791702
       ],
       [
        -122.1488025,
        37.479158
       ],
       [
        -122.148755,
        37.4791677
       ],
       [
        -122.1487103,
        37.4791596
       ],
       [
        -122.1486852,
        37.4791753
       ],
       [
        -122.148681,
        37.4791956
       ],
       [
        -122.1486851,
        37.4792298
       ],
       [
        -122.1487079,
        37.4792472
       ],
       [
        -122.1487538,
        37.47924
       ],
       [
        -122.1487747,
        37.4792473
       ],
       [
        -122.1488765,
        37.4792442
       ],
       [
        -122.1488813,
        37.479305
       ],
       [
        -122.148872,
        37.4793141
       ],
       [
        -122.1488806,
        37.4793367
       ]
      ]
     ]
    ]
   }
  },
  {
   "type": "Feature",
   "properties": {
    "kind": "building",
    "block": "O5",
    "label": "Office building O5",
    "stage": "entitled",
    "height_ft": 83.17,
    "podium_ft": null,
    "base_ft": 0,
    "use": "office",
    "phase": null,
    "illustrative": true,
    "source": "illustrative: footprint and maximum height (83.17 ft) traced from Willow Village Master Plan, Conditional Development Permit plan set (Oct 19, 2022; approved Dec 13, 2022), Sheet G3.04, Illustrative Building Height Plan (PDF p. 20); CDP Section 2.3.5 caps heights at G3.04's maxima (O zone: 120 ft)",
    "note": "The approved architectural control plans (2023) give 83.17 ft."
   },
   "geometry": {
    "type": "MultiPolygon",
    "coordinates": [
     [
      [
       [
        -122.1470852,
        37.478503
       ],
       [
        -122.1470714,
        37.478639
       ],
       [
        -122.147046,
        37.4786419
       ],
       [
        -122.1470347,
        37.4786333
       ],
       [
        -122.1469967,
        37.4786403
       ],
       [
        -122.1469823,
        37.4786678
       ],
       [
        -122.1469913,
        37.4786759
       ],
       [
        -122.1469855,
        37.4787558
       ],
       [
        -122.1470205,
        37.4787552
       ],
       [
        -122.1470416,
        37.4787701
       ],
       [
        -122.1470525,
        37.4787636
       ],
       [
        -122.1470625,
        37.4787799
       ],
       [
        -122.1470592,
        37.4788307
       ],
       [
        -122.1470447,
        37.4788556
       ],
       [
        -122.1470553,
        37.478865
       ],
       [
        -122.1470434,
        37.4788943
       ],
       [
        -122.1470036,
        37.478895
       ],
       [
        -122.1469874,
        37.4788826
       ],
       [
        -122.1469765,
        37.4788917
       ],
       [
        -122.1469493,
        37.4788884
       ],
       [
        -122.1469368,
        37.4788962
       ],
       [
        -122.1467981,
        37.4788872
       ],
       [
        -122.1467628,
        37.4788764
       ],
       [
        -122.1467519,
        37.4788829
       ],
       [
        -122.1466738,
        37.4788779
       ],
       [
        -122.1466433,
        37.478867
       ],
       [
        -122.1466212,
        37.478875
       ],
       [
        -122.1465604,
        37.4788647
       ],
       [
        -122.1464873,
        37.4788659
       ],
       [
        -122.1464711,
        37.4788548
       ],
       [
        -122.1464586,
        37.4788626
       ],
       [
        -122.1464423,
        37.4788515
       ],
       [
        -122.1464346,
        37.478858
       ],
       [
        -122.1464184,
        37.4788481
       ],
       [
        -122.1464074,
        37.4788546
       ],
       [
        -122.1463904,
        37.4788416
       ],
       [
        -122.1463818,
        37.4788487
       ],
       [
        -122.1463355,
        37.4788445
       ],
       [
        -122.1462938,
        37.4788312
       ],
       [
        -122.146286,
        37.4788377
       ],
       [
        -122.1462381,
        37.4788322
       ],
       [
        -122.1462011,
        37.4788176
       ],
       [
        -122.146163,
        37.4788208
       ],
       [
        -122.1460464,
        37.4788051
       ],
       [
        -122.1459984,
        37.4787945
       ],
       [
        -122.1459978,
        37.478773
       ],
       [
        -122.1459823,
        37.4787859
       ],
       [
        -122.1459187,
        37.478787
       ],
       [
        -122.14585,
        37.4787781
       ],
       [
        -122.1458178,
        37.4787647
       ],
       [
        -122.1458271,
        37.4787556
       ],
       [
        -122.1458174,
        37.4787482
       ],
       [
        -122.145821,
        37.4787063
       ],
       [
        -122.1458444,
        37.4786311
       ],
       [
        -122.1459289,
        37.4786372
       ],
       [
        -122.1459423,
        37.4786053
       ],
       [
        -122.1459468,
        37.4785342
       ],
       [
        -122.1458777,
        37.4785087
       ],
       [
        -122.1458763,
        37.478458
       ],
       [
        -122.1458941,
        37.4784134
       ],
       [
        -122.1458905,
        37.4783957
       ],
       [
        -122.1459006,
        37.4783872
       ],
       [
        -122.1459661,
        37.4783839
       ],
       [
        -122.1459843,
        37.478394
       ],
       [
        -122.1460128,
        37.4783897
       ],
       [
        -122.1460291,
        37.4784021
       ],
       [
        -122.1460416,
        37.478393
       ],
       [
        -122.1460752,
        37.4784026
       ],
       [
        -122.1461309,
        37.4784016
       ],
       [
        -122.1460916,
        37.4783717
       ],
       [
        -122.1461439,
        37.4784116
       ],
       [
        -122.1462093,
        37.4784168
       ],
       [
        -122.1462239,
        37.4784279
       ],
       [
        -122.146278,
        37.4784283
       ],
       [
        -122.146304,
        37.4784481
       ],
       [
        -122.1463033,
        37.4784227
       ],
       [
        -122.1463558,
        37.4784218
       ],
       [
        -122.1463282,
        37.4783995
       ],
       [
        -122.1463307,
        37.4783741
       ],
       [
        -122.1463132,
        37.4783744
       ],
       [
        -122.1463121,
        37.4783662
       ],
       [
        -122.1466975,
        37.4783465
       ],
       [
        -122.1466845,
        37.4783661
       ],
       [
        -122.1466983,
        37.4783766
       ],
       [
        -122.1466988,
        37.4783969
       ],
       [
        -122.146679,
        37.4784277
       ],
       [
        -122.1466955,
        37.4784477
       ],
       [
        -122.1466947,
        37.4784794
       ],
       [
        -122.1468268,
        37.4784809
       ],
       [
        -122.1468414,
        37.4784908
       ],
       [
        -122.1468699,
        37.4784839
       ],
       [
        -122.1468933,
        37.4784956
       ],
       [
        -122.1469082,
        37.4784871
       ],
       [
        -122.1469746,
        37.4785018
       ],
       [
        -122.1469895,
        37.4784933
       ],
       [
        -122.1470218,
        37.4785105
       ],
       [
        -122.1470358,
        37.4785001
       ],
       [
        -122.1470517,
        37.4784998
       ],
       [
        -122.1470672,
        37.4785116
       ],
       [
        -122.1470852,
        37.478503
       ]
      ]
     ]
    ]
   }
  },
  {
   "type": "Feature",
   "properties": {
    "kind": "building",
    "block": "O6",
    "label": "Office building O6",
    "stage": "entitled",
    "height_ft": 82.27,
    "podium_ft": null,
    "base_ft": 0,
    "use": "office",
    "phase": null,
    "illustrative": true,
    "source": "illustrative: footprint and maximum height (82.27 ft) traced from Willow Village Master Plan, Conditional Development Permit plan set (Oct 19, 2022; approved Dec 13, 2022), Sheet G3.04, Illustrative Building Height Plan (PDF p. 20); CDP Section 2.3.5 caps heights at G3.04's maxima (O zone: 120 ft)",
    "note": "The approved architectural control plans (2023) give 82.27 ft."
   },
   "geometry": {
    "type": "MultiPolygon",
    "coordinates": [
     [
      [
       [
        -122.1470783,
        37.4781899
       ],
       [
        -122.1470674,
        37.4782003
       ],
       [
        -122.1470761,
        37.4782267
       ],
       [
        -122.1470668,
        37.4782358
       ],
       [
        -122.1470766,
        37.4782445
       ],
       [
        -122.1470772,
        37.4782686
       ],
       [
        -122.1470681,
        37.4782827
       ],
       [
        -122.1470521,
        37.4782817
       ],
       [
        -122.1470412,
        37.4782908
       ],
       [
        -122.1470068,
        37.4782831
       ],
       [
        -122.1469919,
        37.4782916
       ],
       [
        -122.1469757,
        37.4782792
       ],
       [
        -122.1469601,
        37.4782922
       ],
       [
        -122.1468773,
        37.4782898
       ],
       [
        -122.1468636,
        37.4782818
       ],
       [
        -122.1468503,
        37.4782903
       ],
       [
        -122.1468342,
        37.4782829
       ],
       [
        -122.1467532,
        37.4782881
       ],
       [
        -122.1466999,
        37.4782599
       ],
       [
        -122.1466975,
        37.4783465
       ],
       [
        -122.1463121,
        37.4783662
       ],
       [
        -122.1463252,
        37.4782892
       ],
       [
        -122.1463245,
        37.4782664
       ],
       [
        -122.1463132,
        37.4782577
       ],
       [
        -122.1462365,
        37.4782476
       ],
       [
        -122.1462363,
        37.4782413
       ],
       [
        -122.1460592,
        37.4782241
       ],
       [
        -122.1460097,
        37.4782161
       ],
       [
        -122.1459975,
        37.4782068
       ],
       [
        -122.1459442,
        37.4782071
       ],
       [
        -122.1459373,
        37.4781856
       ],
       [
        -122.1459621,
        37.4781053
       ],
       [
        -122.1459612,
        37.4780736
       ],
       [
        -122.1460088,
        37.4780664
       ],
       [
        -122.1460378,
        37.4780786
       ],
       [
        -122.1460642,
        37.4780566
       ],
       [
        -122.1460557,
        37.4780377
       ],
       [
        -122.146069,
        37.4779995
       ],
       [
        -122.146068,
        37.4779614
       ],
       [
        -122.1460186,
        37.4779585
       ],
       [
        -122.145996,
        37.4779475
       ],
       [
        -122.1459925,
        37.4779361
       ],
       [
        -122.1460131,
        37.4778749
       ],
       [
        -122.1460164,
        37.4778216
       ],
       [
        -122.1460783,
        37.4778142
       ],
       [
        -122.1460896,
        37.4778216
       ],
       [
        -122.1461933,
        37.4778312
       ],
       [
        -122.1462159,
        37.4778422
       ],
       [
        -122.146246,
        37.4778379
       ],
       [
        -122.1464794,
        37.4778757
       ],
       [
        -122.1465669,
        37.477878
       ],
       [
        -122.1465807,
        37.477886
       ],
       [
        -122.146594,
        37.4778775
       ],
       [
        -122.1466959,
        37.4778795
       ],
       [
        -122.1467104,
        37.4778894
       ],
       [
        -122.1467182,
        37.477883
       ],
       [
        -122.1467359,
        37.4778903
       ],
       [
        -122.1467469,
        37.4778825
       ],
       [
        -122.1467771,
        37.4778819
       ],
       [
        -122.1468219,
        37.4778926
       ],
       [
        -122.1468487,
        37.4778845
       ],
       [
        -122.1468585,
        37.4778919
       ],
       [
        -122.1469332,
        37.4778881
       ],
       [
        -122.1469635,
        37.4778901
       ],
       [
        -122.1469781,
        37.4779
       ],
       [
        -122.1470161,
        37.477893
       ],
       [
        -122.1470687,
        37.4778997
       ],
       [
        -122.1470816,
        37.4779058
       ],
       [
        -122.147085,
        37.4780288
       ],
       [
        -122.1470677,
        37.4780354
       ],
       [
        -122.147004,
        37.4780327
       ],
       [
        -122.1470043,
        37.4780454
       ],
       [
        -122.1469948,
        37.4780455
       ],
       [
        -122.1469849,
        37.4780641
       ],
       [
        -122.1470004,
        37.4780784
       ],
       [
        -122.1470018,
        37.4781291
       ],
       [
        -122.1469738,
        37.4781524
       ],
       [
        -122.1470597,
        37.4781522
       ],
       [
        -122.1470775,
        37.478162
       ],
       [
        -122.1470783,
        37.4781899
       ]
      ]
     ]
    ]
   }
  },
  {
   "type": "Feature",
   "properties": {
    "kind": "building",
    "block": "O7",
    "label": "Meeting and collaboration space (O7)",
    "stage": "entitled",
    "height_ft": 118.04,
    "podium_ft": null,
    "base_ft": 0,
    "use": "office",
    "phase": null,
    "illustrative": true,
    "source": "illustrative: footprint and maximum height (118.04 ft) traced from Willow Village Master Plan, Conditional Development Permit plan set (Oct 19, 2022; approved Dec 13, 2022), Sheet G3.04, Illustrative Building Height Plan (PDF p. 20); CDP Section 2.3.5 caps heights at G3.04's maxima (O zone: 120 ft)",
    "note": "118 ft is the top of the atrium roof; the architectural control plans give a weighted average of about 60 ft. The elevated park runs over this building and is not drawn. The approved architectural control plans (2023) give 118.04 ft."
   },
   "geometry": {
    "type": "MultiPolygon",
    "coordinates": [
     [
      [
       [
        -122.149667,
        37.479933
       ],
       [
        -122.1496768,
        37.4799976
       ],
       [
        -122.149658,
        37.480008
       ],
       [
        -122.1496491,
        37.4800025
       ],
       [
        -122.1496186,
        37.4800252
       ],
       [
        -122.1495804,
        37.4800233
       ],
       [
        -122.1495744,
        37.4800361
       ],
       [
        -122.1494576,
        37.4800724
       ],
       [
        -122.1494326,
        37.480088
       ],
       [
        -122.1494221,
        37.4800825
       ],
       [
        -122.1493206,
        37.4801255
       ],
       [
        -122.1492922,
        37.4801336
       ],
       [
        -122.1492754,
        37.4801282
       ],
       [
        -122.1492307,
        37.4801537
       ],
       [
        -122.149221,
        37.4801475
       ],
       [
        -122.1492054,
        37.4801604
       ],
       [
        -122.149188,
        37.4801646
       ],
       [
        -122.1491799,
        37.4801584
       ],
       [
        -122.1491534,
        37.4801766
       ],
       [
        -122.1490978,
        37.4801826
       ],
       [
        -122.1490792,
        37.4801981
       ],
       [
        -122.1489733,
        37.4802253
       ],
       [
        -122.1489628,
        37.4802198
       ],
       [
        -122.1489241,
        37.4802287
       ],
       [
        -122.1489228,
        37.4802389
       ],
       [
        -122.148733,
        37.480284
       ],
       [
        -122.1486537,
        37.4802918
       ],
       [
        -122.1486334,
        37.4803048
       ],
       [
        -122.1485716,
        37.4803173
       ],
       [
        -122.1485619,
        37.4803111
       ],
       [
        -122.1485289,
        37.4803256
       ],
       [
        -122.1485064,
        37.4803184
       ],
       [
        -122.1484766,
        37.4803341
       ],
       [
        -122.1483293,
        37.4803595
       ],
       [
        -122.148299,
        37.4803562
       ],
       [
        -122.1480391,
        37.480395
       ],
       [
        -122.1480214,
        37.4803877
       ],
       [
        -122.1479963,
        37.4803995
       ],
       [
        -122.1479738,
        37.4803923
       ],
       [
        -122.1479439,
        37.4804043
       ],
       [
        -122.1479262,
        37.480397
       ],
       [
        -122.1478851,
        37.4804078
       ],
       [
        -122.1478452,
        37.4804022
       ],
       [
        -122.1477247,
        37.4804195
       ],
       [
        -122.1477046,
        37.4804116
       ],
       [
        -122.1476913,
        37.48042
       ],
       [
        -122.1475912,
        37.4804256
       ],
       [
        -122.1475514,
        37.4804263
       ],
       [
        -122.1475401,
        37.4804189
       ],
       [
        -122.1475292,
        37.4804267
       ],
       [
        -122.1475019,
        37.4804195
       ],
       [
        -122.147491,
        37.4804273
       ],
       [
        -122.1472698,
        37.4804274
       ],
       [
        -122.1471743,
        37.4804252
       ],
       [
        -122.1471645,
        37.4804178
       ],
       [
        -122.14705,
        37.4804198
       ],
       [
        -122.1469931,
        37.4804024
       ],
       [
        -122.1469798,
        37.4804134
       ],
       [
        -122.1469129,
        37.4804095
       ],
       [
        -122.1468999,
        37.4803995
       ],
       [
        -122.1468826,
        37.4804074
       ],
       [
        -122.1468665,
        37.4804001
       ],
       [
        -122.1468661,
        37.4803849
       ],
       [
        -122.1468356,
        37.480374
       ],
       [
        -122.1467718,
        37.4803105
       ],
       [
        -122.1467531,
        37.4802987
       ],
       [
        -122.1467381,
        37.4803009
       ],
       [
        -122.1467225,
        37.4802542
       ],
       [
        -122.1466904,
        37.4802434
       ],
       [
        -122.1466851,
        37.480227
       ],
       [
        -122.146674,
        37.4802272
       ],
       [
        -122.1466623,
        37.4802071
       ],
       [
        -122.146635,
        37.4801962
       ],
       [
        -122.1466347,
        37.4801873
       ],
       [
        -122.146586,
        37.4801501
       ],
       [
        -122.1465857,
        37.4801399
       ],
       [
        -122.1465396,
        37.4801407
       ],
       [
        -122.1465399,
        37.4801534
       ],
       [
        -122.1465177,
        37.4801551
       ],
       [
        -122.146518,
        37.4801677
       ],
       [
        -122.146493,
        37.4801847
       ],
       [
        -122.146483,
        37.4801658
       ],
       [
        -122.1464523,
        37.4801499
       ],
       [
        -122.1464516,
        37.480122
       ],
       [
        -122.1464387,
        37.4801326
       ],
       [
        -122.1464212,
        37.4801187
       ],
       [
        -122.1464037,
        37.480119
       ],
       [
        -122.146285,
        37.4801997
       ],
       [
        -122.146239,
        37.4802068
       ],
       [
        -122.1462307,
        37.4801943
       ],
       [
        -122.1462419,
        37.480137
       ],
       [
        -122.1462623,
        37.4800967
       ],
       [
        -122.1462546,
        37.4800759
       ],
       [
        -122.146263,
        37.4800339
       ],
       [
        -122.146282,
        37.4800038
       ],
       [
        -122.146273,
        37.4799932
       ],
       [
        -122.1462854,
        37.4799828
       ],
       [
        -122.1462773,
        37.4799741
       ],
       [
        -122.1462899,
        37.479913
       ],
       [
        -122.1463024,
        37.4799026
       ],
       [
        -122.1462942,
        37.4798964
       ],
       [
        -122.1462984,
        37.4798748
       ],
       [
        -122.1463109,
        37.4798645
       ],
       [
        -122.1463027,
        37.479857
       ],
       [
        -122.1463267,
        37.4797748
       ],
       [
        -122.1463194,
        37.4797679
       ],
       [
        -122.1463263,
        37.4797323
       ],
       [
        -122.1463323,
        37.4797157
       ],
       [
        -122.1463449,
        37.4797142
       ],
       [
        -122.1463517,
        37.4796685
       ],
       [
        -122.1463769,
        37.4796604
       ],
       [
        -122.1463829,
        37.4796464
       ],
       [
        -122.1464004,
        37.4796461
       ],
       [
        -122.1464001,
        37.4796359
       ],
       [
        -122.1464189,
        37.4796242
       ],
       [
        -122.1464395,
        37.4796226
       ],
       [
        -122.1464424,
        37.4796111
       ],
       [
        -122.1464772,
        37.4796041
       ],
       [
        -122.1464769,
        37.4795915
       ],
       [
        -122.1464972,
        37.4795784
       ],
       [
        -122.1464974,
        37.4795873
       ],
       [
        -122.1465332,
        37.4795563
       ],
       [
        -122.14659,
        37.4795388
       ],
       [
        -122.1465928,
        37.4795248
       ],
       [
        -122.1466102,
        37.4795232
       ],
       [
        -122.1466271,
        37.4795014
       ],
       [
        -122.1466648,
        37.4794817
       ],
       [
        -122.1466924,
        37.4795015
       ],
       [
        -122.1466916,
        37.4794711
       ],
       [
        -122.1467074,
        37.4794695
       ],
       [
        -122.1467181,
        37.4794529
       ],
       [
        -122.1467388,
        37.4794525
       ],
       [
        -122.1467386,
        37.4794436
       ],
       [
        -122.1467621,
        37.4794306
       ],
       [
        -122.1467954,
        37.4794262
       ],
       [
        -122.1467982,
        37.4794134
       ],
       [
        -122.1468189,
        37.4794131
       ],
       [
        -122.1468312,
        37.4793977
       ],
       [
        -122.1468662,
        37.479397
       ],
       [
        -122.1468705,
        37.4793792
       ],
       [
        -122.1469162,
        37.4793657
       ],
       [
        -122.1469741,
        37.4793176
       ],
       [
        -122.146996,
        37.4793344
       ],
       [
        -122.1470797,
        37.4792919
       ],
       [
        -122.1471209,
        37.4792861
       ],
       [
        -122.1471332,
        37.4792707
       ],
       [
        -122.1471949,
        37.4792582
       ],
       [
        -122.1472146,
        37.4792794
       ],
       [
        -122.1472201,
        37.4793059
       ],
       [
        -122.147233,
        37.4793108
       ],
       [
        -122.1472404,
        37.4793487
       ],
       [
        -122.1472531,
        37.4793498
       ],
       [
        -122.1472635,
        37.47938
       ],
       [
        -122.1472881,
        37.4794049
       ],
       [
        -122.1472938,
        37.4794404
       ],
       [
        -122.1473181,
        37.4794577
       ],
       [
        -122.1473355,
        37.4795106
       ],
       [
        -122.1473483,
        37.4795117
       ],
       [
        -122.1473737,
        37.4795683
       ],
       [
        -122.14744,
        37.4796673
       ],
       [
        -122.147452,
        37.4797063
       ],
       [
        -122.1474899,
        37.4797464
       ],
       [
        -122.147491,
        37.4797857
       ],
       [
        -122.1474972,
        37.4797805
       ],
       [
        -122.1475135,
        37.4797929
       ],
       [
        -122.1475371,
        37.4798432
       ],
       [
        -122.1476321,
        37.4798251
       ],
       [
        -122.1476587,
        37.4798094
       ],
       [
        -122.1477865,
        37.4797691
       ],
       [
        -122.1479429,
        37.4797284
       ],
       [
        -122.1479921,
        37.4797237
       ],
       [
        -122.1480473,
        37.4797037
       ],
       [
        -122.1482753,
        37.4796617
       ],
       [
        -122.1483468,
        37.4796605
       ],
       [
        -122.1483847,
        37.4796484
       ],
       [
        -122.1484768,
        37.479643
       ],
       [
        -122.1484809,
        37.4796734
       ],
       [
        -122.1485095,
        37.4796729
       ],
       [
        -122.1485603,
        37.4796682
       ],
       [
        -122.1485359,
        37.4796496
       ],
       [
        -122.1485419,
        37.4796381
       ],
       [
        -122.148596,
        37.4796371
       ],
       [
        -122.1486098,
        37.4796451
       ],
       [
        -122.1486277,
        37.4796328
       ],
       [
        -122.1488488,
        37.479629
       ],
       [
        -122.1489205,
        37.4796315
       ],
       [
        -122.1489342,
        37.4796395
       ],
       [
        -122.1489586,
        37.4796309
       ],
       [
        -122.1489757,
        37.4796426
       ],
       [
        -122.148992,
        37.4796303
       ],
       [
        -122.1492457,
        37.4796525
       ],
       [
        -122.149274,
        37.4796704
       ],
       [
        -122.1492872,
        37.4796594
       ],
       [
        -122.1493319,
        37.4796624
       ],
       [
        -122.1493316,
        37.4796535
       ],
       [
        -122.1493676,
        37.4796314
       ],
       [
        -122.1493931,
        37.4796309
       ],
       [
        -122.1494076,
        37.4796408
       ],
       [
        -122.1494154,
        37.4796343
       ],
       [
        -122.1494444,
        37.4796453
       ],
       [
        -122.1494447,
        37.4796579
       ],
       [
        -122.1493924,
        37.4796664
       ],
       [
        -122.1493382,
        37.4796623
       ],
       [
        -122.1493081,
        37.4797237
       ],
       [
        -122.1493088,
        37.4797491
       ],
       [
        -122.1494455,
        37.4797467
       ],
       [
        -122.1494724,
        37.4797386
       ],
       [
        -122.1494825,
        37.4797004
       ],
       [
        -122.1494984,
        37.4797026
       ],
       [
        -122.1494816,
        37.4797258
       ],
       [
        -122.1494931,
        37.4797382
       ],
       [
        -122.1494724,
        37.4797969
       ],
       [
        -122.1494764,
        37.4798273
       ],
       [
        -122.1495273,
        37.4798264
       ],
       [
        -122.149577,
        37.4798408
       ],
       [
        -122.1495794,
        37.4798712
       ],
       [
        -122.1496196,
        37.4798857
       ],
       [
        -122.1496522,
        37.4799143
       ],
       [
        -122.1496527,
        37.4799308
       ],
       [
        -122.149667,
        37.479933
       ]
      ],
      [
       [
        -122.1470183,
        37.4802491
       ],
       [
        -122.1469794,
        37.4802815
       ],
       [
        -122.1469588,
        37.4802831
       ],
       [
        -122.1469596,
        37.4803148
       ],
       [
        -122.1469946,
        37.4803142
       ],
       [
        -122.1469974,
        37.4802977
       ],
       [
        -122.1470196,
        37.4802973
       ],
       [
        -122.1470183,
        37.4802491
       ]
      ],
      [
       [
        -122.1470614,
        37.4802547
       ],
       [
        -122.1471472,
        37.4802014
       ],
       [
        -122.1471259,
        37.4801851
       ],
       [
        -122.1470993,
        37.4801856
       ],
       [
        -122.1470965,
        37.480197
       ],
       [
        -122.1470214,
        37.4802465
       ],
       [
        -122.1470226,
        37.4802883
       ],
       [
        -122.1470614,
        37.4802547
       ]
      ],
      [
       [
        -122.1474216,
        37.4800405
       ],
       [
        -122.1473691,
        37.4800414
       ],
       [
        -122.1473014,
        37.4800679
       ],
       [
        -122.1472783,
        37.4800962
       ],
       [
        -122.1472451,
        37.4801044
       ],
       [
        -122.147228,
        37.4801187
       ],
       [
        -122.1472283,
        37.4801301
       ],
       [
        -122.1471838,
        37.4801308
       ],
       [
        -122.1471841,
        37.4801423
       ],
       [
        -122.147139,
        37.4801798
       ],
       [
        -122.1471978,
        37.4801788
       ],
       [
        -122.1471976,
        37.4801699
       ],
       [
        -122.1472151,
        37.4801696
       ],
       [
        -122.1472288,
        37.4801478
       ],
       [
        -122.1472291,
        37.4801592
       ],
       [
        -122.1473024,
        37.480106
       ],
       [
        -122.1473342,
        37.4801054
       ],
       [
        -122.1473371,
        37.4800927
       ],
       [
        -122.147397,
        37.4800726
       ],
       [
        -122.1473967,
        37.4800612
       ],
       [
        -122.1474216,
        37.4800405
       ]
      ],
      [
       [
        -122.1488298,
        37.4796902
       ],
       [
        -122.1488226,
        37.4796586
       ],
       [
        -122.148795,
        37.47964
       ],
       [
        -122.1486964,
        37.4796405
       ],
       [
        -122.1486551,
        37.4797033
       ],
       [
        -122.1486558,
        37.4797274
       ],
       [
        -122.1487415,
        37.4797209
       ],
       [
        -122.148756,
        37.4797257
       ],
       [
        -122.1487564,
        37.4797409
       ],
       [
        -122.1488056,
        37.4797362
       ],
       [
        -122.1488051,
        37.4797198
       ],
       [
        -122.1488298,
        37.4796902
       ]
      ]
     ]
    ]
   }
  },
  {
   "type": "Feature",
   "properties": {
    "kind": "building",
    "block": "NG",
    "label": "North Garage",
    "stage": "entitled",
    "height_ft": 92.55,
    "podium_ft": null,
    "base_ft": 0,
    "use": "parking",
    "phase": null,
    "illustrative": true,
    "source": "illustrative: footprint and maximum height (92.55 ft) traced from Willow Village Master Plan, Conditional Development Permit plan set (Oct 19, 2022; approved Dec 13, 2022), Sheet G3.04, Illustrative Building Height Plan (PDF p. 20); CDP Section 2.3.5 caps heights at G3.04's maxima (O zone: 120 ft)",
    "note": "The approved architectural control plans (2023) give 92.55 ft."
   },
   "geometry": {
    "type": "MultiPolygon",
    "coordinates": [
     [
      [
       [
        -122.1463283,
        37.4790462
       ],
       [
        -122.1463315,
        37.4792522
       ],
       [
        -122.1463441,
        37.4792755
       ],
       [
        -122.1463286,
        37.4793493
       ],
       [
        -122.1463162,
        37.4793609
       ],
       [
        -122.1463244,
        37.4793684
       ],
       [
        -122.146316,
        37.4794104
       ],
       [
        -122.1462997,
        37.4794278
       ],
       [
        -122.1463073,
        37.479441
       ],
       [
        -122.1462917,
        37.4794552
       ],
       [
        -122.1463015,
        37.4794639
       ],
       [
        -122.1462951,
        37.4795185
       ],
       [
        -122.1463094,
        37.4795183
       ],
       [
        -122.1463241,
        37.479532
       ],
       [
        -122.14631,
        37.4795398
       ],
       [
        -122.1463107,
        37.4795665
       ],
       [
        -122.1462919,
        37.4795769
       ],
       [
        -122.1462923,
        37.4795921
       ],
       [
        -122.1462732,
        37.4795925
       ],
       [
        -122.1462692,
        37.4796204
       ],
       [
        -122.1462515,
        37.4796417
       ],
       [
        -122.1462608,
        37.4796624
       ],
       [
        -122.1462522,
        37.4796968
       ],
       [
        -122.1462397,
        37.4797072
       ],
       [
        -122.1462438,
        37.4797388
       ],
       [
        -122.1462309,
        37.4797923
       ],
       [
        -122.146217,
        37.4798052
       ],
       [
        -122.1462251,
        37.4798114
       ],
       [
        -122.1462143,
        37.479823
       ],
       [
        -122.1462225,
        37.4798343
       ],
       [
        -122.1461503,
        37.4801627
       ],
       [
        -122.1461322,
        37.4801998
       ],
       [
        -122.146136,
        37.4802226
       ],
       [
        -122.1461163,
        37.4803155
       ],
       [
        -122.1461023,
        37.4803284
       ],
       [
        -122.1461105,
        37.4803359
       ],
       [
        -122.1460896,
        37.4803857
       ],
       [
        -122.1460978,
        37.4803944
       ],
       [
        -122.1460811,
        37.4804239
       ],
       [
        -122.1460892,
        37.4804301
       ],
       [
        -122.1460819,
        37.480453
       ],
       [
        -122.1460391,
        37.4804601
       ],
       [
        -122.146031,
        37.4805135
       ],
       [
        -122.1460025,
        37.4805178
       ],
       [
        -122.1459893,
        37.4805003
       ],
       [
        -122.1459977,
        37.4804596
       ],
       [
        -122.1459801,
        37.4804486
       ],
       [
        -122.1458887,
        37.4804285
       ],
       [
        -122.1458634,
        37.4804353
       ],
       [
        -122.1457516,
        37.4804194
       ],
       [
        -122.1457345,
        37.4804077
       ],
       [
        -122.1457244,
        37.4804148
       ],
       [
        -122.1456509,
        37.480406
       ],
       [
        -122.1455791,
        37.4803958
       ],
       [
        -122.1455389,
        37.4803813
       ],
       [
        -122.1455072,
        37.4803856
       ],
       [
        -122.145432,
        37.4803704
       ],
       [
        -122.1454348,
        37.4802994
       ],
       [
        -122.1454491,
        37.4802395
       ],
       [
        -122.1454615,
        37.4802292
       ],
       [
        -122.1454533,
        37.4802204
       ],
       [
        -122.1454731,
        37.4801275
       ],
       [
        -122.1454868,
        37.4801057
       ],
       [
        -122.14549,
        37.4800473
       ],
       [
        -122.1455117,
        37.4799671
       ],
       [
        -122.1455218,
        37.4799587
       ],
       [
        -122.1455128,
        37.4799493
       ],
       [
        -122.1455252,
        37.4799389
       ],
       [
        -122.145517,
        37.4799302
       ],
       [
        -122.1455294,
        37.479916
       ],
       [
        -122.1455212,
        37.4799073
       ],
       [
        -122.1455368,
        37.4798373
       ],
       [
        -122.1455492,
        37.4798257
       ],
       [
        -122.145541,
        37.4798182
       ],
       [
        -122.1455664,
        37.4796998
       ],
       [
        -122.1455832,
        37.4796742
       ],
       [
        -122.1455792,
        37.4796425
       ],
       [
        -122.1455932,
        37.4796296
       ],
       [
        -122.145585,
        37.4796209
       ],
       [
        -122.1456105,
        37.4795063
       ],
       [
        -122.1456214,
        37.4794972
       ],
       [
        -122.1456189,
        37.4794643
       ],
       [
        -122.1456436,
        37.4793789
       ],
       [
        -122.145647,
        37.4793294
       ],
       [
        -122.1456869,
        37.4791588
       ],
       [
        -122.1457025,
        37.4791458
       ],
       [
        -122.1456911,
        37.4791372
       ],
       [
        -122.1456937,
        37.4791156
       ],
       [
        -122.1457421,
        37.4789625
       ],
       [
        -122.1457563,
        37.4789598
       ],
       [
        -122.1457605,
        37.478999
       ],
       [
        -122.1457816,
        37.4790126
       ],
       [
        -122.1458772,
        37.4790185
       ],
       [
        -122.1458807,
        37.4790299
       ],
       [
        -122.1459252,
        37.4790253
       ],
       [
        -122.1460018,
        37.4790354
       ],
       [
        -122.1462222,
        37.4790658
       ],
       [
        -122.1462408,
        37.4790763
       ],
       [
        -122.1462494,
        37.4790704
       ],
       [
        -122.1462624,
        37.4790803
       ],
       [
        -122.1462733,
        37.4790725
       ],
       [
        -122.1463021,
        37.4790784
       ],
       [
        -122.1463283,
        37.4790462
       ]
      ]
     ]
    ]
   }
  },
  {
   "type": "Feature",
   "properties": {
    "kind": "building",
    "block": "SG",
    "label": "South Garage",
    "stage": "entitled",
    "height_ft": 83.29,
    "podium_ft": null,
    "base_ft": 0,
    "use": "parking",
    "phase": null,
    "illustrative": true,
    "source": "illustrative: footprint and maximum height (83.29 ft) traced from Willow Village Master Plan, Conditional Development Permit plan set (Oct 19, 2022; approved Dec 13, 2022), Sheet G3.04, Illustrative Building Height Plan (PDF p. 20); CDP Section 2.3.5 caps heights at G3.04's maxima (O zone: 120 ft)",
    "note": "The approved architectural control plans (2023) give 83.29 ft."
   },
   "geometry": {
    "type": "MultiPolygon",
    "coordinates": [
     [
      [
       [
        -122.1468858,
        37.4770279
       ],
       [
        -122.146868,
        37.4770738
       ],
       [
        -122.1468522,
        37.4770766
       ],
       [
        -122.1468596,
        37.4771158
       ],
       [
        -122.1468425,
        37.4771301
       ],
       [
        -122.1468304,
        37.4771233
       ],
       [
        -122.1468125,
        37.4771382
       ],
       [
        -122.1467958,
        37.4772273
       ],
       [
        -122.1467779,
        37.4772422
       ],
       [
        -122.1467873,
        37.4772655
       ],
       [
        -122.1467447,
        37.4774526
       ],
       [
        -122.1467291,
        37.4774656
       ],
       [
        -122.1466966,
        37.4774408
       ],
       [
        -122.1466975,
        37.4774724
       ],
       [
        -122.1466835,
        37.4774854
       ],
       [
        -122.146689,
        37.4775106
       ],
       [
        -122.1466789,
        37.4775514
       ],
       [
        -122.1466658,
        37.4775637
       ],
       [
        -122.1466748,
        37.4775743
       ],
       [
        -122.1466585,
        37.4775892
       ],
       [
        -122.1466676,
        37.4776023
       ],
       [
        -122.146654,
        37.4776292
       ],
       [
        -122.146655,
        37.4776634
       ],
       [
        -122.1466379,
        37.4776814
       ],
       [
        -122.1466387,
        37.4777081
       ],
       [
        -122.1466118,
        37.4777149
       ],
       [
        -122.1466099,
        37.4777048
       ],
       [
        -122.1465682,
        37.4776903
       ],
       [
        -122.1465413,
        37.4776983
       ],
       [
        -122.1465123,
        37.4776849
       ],
       [
        -122.146455,
        37.4776846
       ],
       [
        -122.1464245,
        37.4776737
       ],
       [
        -122.1464024,
        37.4776805
       ],
       [
        -122.1463921,
        37.4777111
       ],
       [
        -122.1463746,
        37.4777088
       ],
       [
        -122.1463377,
        37.4776993
       ],
       [
        -122.146332,
        37.4776639
       ],
       [
        -122.1461867,
        37.4776474
       ],
       [
        -122.1461848,
        37.477636
       ],
       [
        -122.1461559,
        37.4776277
       ],
       [
        -122.146145,
        37.4776367
       ],
       [
        -122.1461265,
        37.4776263
       ],
       [
        -122.1461148,
        37.477636
       ],
       [
        -122.1460909,
        37.4776339
       ],
       [
        -122.1460706,
        37.4776196
       ],
       [
        -122.1460525,
        37.4776269
       ],
       [
        -122.1460251,
        37.4776134
       ],
       [
        -122.1460435,
        37.4775307
       ],
       [
        -122.1460602,
        37.4775
       ],
       [
        -122.146052,
        37.4774912
       ],
       [
        -122.1461142,
        37.4772074
       ],
       [
        -122.1461324,
        37.4771728
       ],
       [
        -122.1461284,
        37.4771437
       ],
       [
        -122.1461431,
        37.4771263
       ],
       [
        -122.1461354,
        37.4771081
       ],
       [
        -122.146153,
        37.4770831
       ],
       [
        -122.1461439,
        37.4770699
       ],
       [
        -122.1461619,
        37.477029
       ],
       [
        -122.1461609,
        37.4769935
       ],
       [
        -122.1461794,
        37.4769729
       ],
       [
        -122.1461708,
        37.476949
       ],
       [
        -122.1461886,
        37.4769017
       ],
       [
        -122.1461864,
        37.476879
       ],
       [
        -122.1462004,
        37.476866
       ],
       [
        -122.1461906,
        37.4768561
       ],
       [
        -122.1462045,
        37.4768431
       ],
       [
        -122.1461963,
        37.4768344
       ],
       [
        -122.1462119,
        37.4767644
       ],
       [
        -122.146226,
        37.476754
       ],
       [
        -122.1462253,
        37.4767299
       ],
       [
        -122.1462349,
        37.4767297
       ],
       [
        -122.1462392,
        37.4767132
       ],
       [
        -122.1462613,
        37.4767065
       ],
       [
        -122.1462761,
        37.4766682
       ],
       [
        -122.1463176,
        37.4766142
       ],
       [
        -122.1463335,
        37.4766126
       ],
       [
        -122.1463609,
        37.4765665
       ],
       [
        -122.1466418,
        37.4765984
       ],
       [
        -122.1468751,
        37.4766362
       ],
       [
        -122.1468595,
        37.4766764
       ],
       [
        -122.1468672,
        37.4766934
       ],
       [
        -122.1468532,
        37.4767063
       ],
       [
        -122.146863,
        37.4767151
       ],
       [
        -122.1468588,
        37.4767354
       ],
       [
        -122.1468409,
        37.4767528
       ],
       [
        -122.1468502,
        37.4767736
       ],
       [
        -122.1468417,
        37.4768118
       ],
       [
        -122.1468278,
        37.4768247
       ],
       [
        -122.146836,
        37.4768335
       ],
       [
        -122.1468291,
        37.4768729
       ],
       [
        -122.1467878,
        37.4768761
       ],
       [
        -122.1468203,
        37.4769022
       ],
       [
        -122.1468163,
        37.4769302
       ],
       [
        -122.1468025,
        37.4769469
       ],
       [
        -122.1468107,
        37.4769556
       ],
       [
        -122.1467994,
        37.4770104
       ],
       [
        -122.1468443,
        37.4770235
       ],
       [
        -122.1468521,
        37.477017
       ],
       [
        -122.1468777,
        37.4770204
       ],
       [
        -122.1468858,
        37.4770279
       ]
      ]
     ]
    ]
   }
  },
  {
   "type": "Feature",
   "properties": {
    "kind": "building",
    "block": "SP1",
    "label": "Security pavilion SP1",
    "stage": "entitled",
    "height_ft": 26.75,
    "podium_ft": null,
    "base_ft": 0,
    "use": "office",
    "phase": null,
    "illustrative": true,
    "source": "illustrative: footprint and maximum height (26.75 ft) traced from Willow Village Master Plan, Conditional Development Permit plan set (Oct 19, 2022; approved Dec 13, 2022), Sheet G3.04, Illustrative Building Height Plan (PDF p. 20); CDP Section 2.3.5 caps heights at G3.04's maxima (O zone: 120 ft)"
   },
   "geometry": {
    "type": "MultiPolygon",
    "coordinates": [
     [
      [
       [
        -122.1486992,
        37.478754
       ],
       [
        -122.1487129,
        37.4788464
       ],
       [
        -122.1486732,
        37.4788508
       ],
       [
        -122.1486619,
        37.4788434
       ],
       [
        -122.1486415,
        37.4788552
       ],
       [
        -122.1485604,
        37.4788591
       ],
       [
        -122.1485507,
        37.4788504
       ],
       [
        -122.1485447,
        37.4788074
       ],
       [
        -122.148554,
        37.4787984
       ],
       [
        -122.1485442,
        37.4787897
       ],
       [
        -122.1485435,
        37.4787618
       ],
       [
        -122.1486466,
        37.4787499
       ],
       [
        -122.1486992,
        37.478754
       ]
      ]
     ]
    ]
   }
  },
  {
   "type": "Feature",
   "properties": {
    "kind": "building",
    "block": "SP2",
    "label": "Security pavilion SP2",
    "stage": "entitled",
    "height_ft": 30.58,
    "podium_ft": null,
    "base_ft": 0,
    "use": "office",
    "phase": null,
    "illustrative": true,
    "source": "illustrative: footprint and maximum height (30.58 ft) traced from Willow Village Master Plan, Conditional Development Permit plan set (Oct 19, 2022; approved Dec 13, 2022), Sheet G3.04, Illustrative Building Height Plan (PDF p. 20); CDP Section 2.3.5 caps heights at G3.04's maxima (O zone: 120 ft)"
   },
   "geometry": {
    "type": "MultiPolygon",
    "coordinates": [
     [
      [
       [
        -122.1465495,
        37.4791033
       ],
       [
        -122.1465342,
        37.479186
       ],
       [
        -122.1465202,
        37.4791989
       ],
       [
        -122.1464933,
        37.4792031
       ],
       [
        -122.1463608,
        37.4791864
       ],
       [
        -122.1463499,
        37.4792538
       ],
       [
        -122.1463372,
        37.479254
       ],
       [
        -122.1463326,
        37.4790867
       ],
       [
        -122.1463998,
        37.4790995
       ],
       [
        -122.1464359,
        37.4790824
       ],
       [
        -122.1465495,
        37.4791033
       ]
      ]
     ]
    ]
   }
  },
  {
   "type": "Feature",
   "properties": {
    "kind": "building",
    "block": "RS2",
    "label": "Parcel 2 residential (RS2)",
    "stage": "entitled",
    "height_ft": 78.14,
    "podium_ft": null,
    "base_ft": 0,
    "use": "residential, retail",
    "phase": null,
    "illustrative": true,
    "source": "illustrative: footprint and maximum height (78.14 ft) traced from Willow Village Master Plan, Conditional Development Permit plan set (Oct 19, 2022; approved Dec 13, 2022), Sheet G3.04, Illustrative Building Height Plan (PDF p. 20); CDP Section 2.3.5 caps heights at G3.04's maxima (R-MU zone: 85 ft)",
    "note": "The approved architectural control plans (2023) give 78.14 ft."
   },
   "geometry": {
    "type": "MultiPolygon",
    "coordinates": [
     [
      [
       [
        -122.1516006,
        37.477731
       ],
       [
        -122.1515892,
        37.4777794
       ],
       [
        -122.15158,
        37.4777922
       ],
       [
        -122.1515689,
        37.4777924
       ],
       [
        -122.1515668,
        37.4778343
       ],
       [
        -122.1515815,
        37.4778467
       ],
       [
        -122.1515772,
        37.4778633
       ],
       [
        -122.1515586,
        37.4778814
       ],
       [
        -122.1515591,
        37.4779016
       ],
       [
        -122.1514772,
        37.4780464
       ],
       [
        -122.1514414,
        37.4781358
       ],
       [
        -122.1514169,
        37.4781614
       ],
       [
        -122.1514143,
        37.4781895
       ],
       [
        -122.1513906,
        37.4781962
       ],
       [
        -122.1513825,
        37.4782509
       ],
       [
        -122.1513233,
        37.4783534
       ],
       [
        -122.1513025,
        37.4784095
       ],
       [
        -122.1512791,
        37.4784252
       ],
       [
        -122.1512238,
        37.4784115
       ],
       [
        -122.151192,
        37.4784394
       ],
       [
        -122.1511774,
        37.4784903
       ],
       [
        -122.1511494,
        37.4785136
       ],
       [
        -122.151194,
        37.4785129
       ],
       [
        -122.1512375,
        37.4785337
       ],
       [
        -122.1511948,
        37.4785433
       ],
       [
        -122.151191,
        37.4785801
       ],
       [
        -122.1512054,
        37.4785799
       ],
       [
        -122.1512073,
        37.4785938
       ],
       [
        -122.1511863,
        37.4786398
       ],
       [
        -122.1511644,
        37.4786516
       ],
       [
        -122.15116,
        37.4786656
       ],
       [
        -122.1511283,
        37.4786713
       ],
       [
        -122.1510783,
        37.4787634
       ],
       [
        -122.1510791,
        37.4787913
       ],
       [
        -122.1510953,
        37.4788025
       ],
       [
        -122.1510912,
        37.4788279
       ],
       [
        -122.1510563,
        37.4788894
       ],
       [
        -122.1510183,
        37.4788964
       ],
       [
        -122.1510322,
        37.478938
       ],
       [
        -122.1510181,
        37.4789484
       ],
       [
        -122.1510187,
        37.4789699
       ],
       [
        -122.1509715,
        37.4790468
       ],
       [
        -122.1509512,
        37.4790326
       ],
       [
        -122.1509411,
        37.4790397
       ],
       [
        -122.1508977,
        37.4790253
       ],
       [
        -122.1508846,
        37.4790103
       ],
       [
        -122.1508303,
        37.4790036
       ],
       [
        -122.1507195,
        37.4789675
       ],
       [
        -122.1507193,
        37.4789612
       ],
       [
        -122.1506681,
        37.4789506
       ],
       [
        -122.1506679,
        37.4789443
       ],
       [
        -122.1505365,
        37.4789098
       ],
       [
        -122.1505167,
        37.478881
       ],
       [
        -122.1505415,
        37.4788603
       ],
       [
        -122.1504634,
        37.478854
       ],
       [
        -122.1504215,
        37.4788344
       ],
       [
        -122.1503575,
        37.4788216
       ],
       [
        -122.1503413,
        37.478813
       ],
       [
        -122.1503409,
        37.4787978
       ],
       [
        -122.1503074,
        37.4787946
       ],
       [
        -122.1503195,
        37.478769
       ],
       [
        -122.1503321,
        37.4787675
       ],
       [
        -122.1503314,
        37.4787422
       ],
       [
        -122.1503953,
        37.478632
       ],
       [
        -122.1503978,
        37.4786091
       ],
       [
        -122.1504552,
        37.4784965
       ],
       [
        -122.1504737,
        37.4784759
       ],
       [
        -122.1504868,
        37.4784313
       ],
       [
        -122.1505056,
        37.4784209
       ],
       [
        -122.1505132,
        37.4783484
       ],
       [
        -122.1505544,
        37.478283
       ],
       [
        -122.1505629,
        37.4782449
       ],
       [
        -122.1505756,
        37.4782434
       ],
       [
        -122.1505813,
        37.4782204
       ],
       [
        -122.1506084,
        37.4782212
       ],
       [
        -122.1506438,
        37.4782371
       ],
       [
        -122.1506788,
        37.478234
       ],
       [
        -122.1506934,
        37.4781881
       ],
       [
        -122.1507092,
        37.4781827
       ],
       [
        -122.1507311,
        37.4781126
       ],
       [
        -122.1507541,
        37.4780792
       ],
       [
        -122.1507534,
        37.4780551
       ],
       [
        -122.1507343,
        37.4780542
       ],
       [
        -122.1507164,
        37.4780406
       ],
       [
        -122.1507071,
        37.4780471
       ],
       [
        -122.1506846,
        37.4780411
       ],
       [
        -122.1506795,
        37.4780273
       ],
       [
        -122.1506667,
        37.4780262
       ],
       [
        -122.1506613,
        37.4780035
       ],
       [
        -122.1507206,
        37.4779035
       ],
       [
        -122.1507216,
        37.477882
       ],
       [
        -122.1507684,
        37.4778482
       ],
       [
        -122.1508119,
        37.4777498
       ],
       [
        -122.1508518,
        37.4776958
       ],
       [
        -122.1508436,
        37.4776884
       ],
       [
        -122.1508572,
        37.477659
       ],
       [
        -122.1508472,
        37.4776426
       ],
       [
        -122.1508847,
        37.4775894
       ],
       [
        -122.1508756,
        37.4775787
       ],
       [
        -122.1509199,
        37.4775082
       ],
       [
        -122.1509485,
        37.477509
       ],
       [
        -122.1510434,
        37.4775467
       ],
       [
        -122.1510928,
        37.4775483
       ],
       [
        -122.1511363,
        37.4775666
       ],
       [
        -122.1511371,
        37.4775958
       ],
       [
        -122.1511752,
        37.4775926
       ],
       [
        -122.1511787,
        37.4776039
       ],
       [
        -122.151201,
        37.4776073
       ],
       [
        -122.1512029,
        37.4776187
       ],
       [
        -122.1512698,
        37.4776188
       ],
       [
        -122.1512751,
        37.4776403
       ],
       [
        -122.1513185,
        37.4776573
       ],
       [
        -122.1513436,
        37.4776429
       ],
       [
        -122.1514027,
        37.477678
       ],
       [
        -122.1514336,
        37.4776743
       ],
       [
        -122.1514513,
        37.4776829
       ],
       [
        -122.1514516,
        37.4776917
       ],
       [
        -122.1515122,
        37.477697
       ],
       [
        -122.1515157,
        37.4777084
       ],
       [
        -122.1516006,
        37.477731
       ]
      ]
     ]
    ]
   }
  },
  {
   "type": "Feature",
   "properties": {
    "kind": "building",
    "block": "RS3",
    "label": "Parcel 3 residential (RS3)",
    "stage": "entitled",
    "height_ft": 84.15,
    "podium_ft": null,
    "base_ft": 0,
    "use": "residential, retail",
    "phase": null,
    "illustrative": true,
    "source": "illustrative: footprint and maximum height (84.15 ft) traced from Willow Village Master Plan, Conditional Development Permit plan set (Oct 19, 2022; approved Dec 13, 2022), Sheet G3.04, Illustrative Building Height Plan (PDF p. 20); CDP Section 2.3.5 caps heights at G3.04's maxima (R-MU zone: 85 ft)",
    "note": "The approved architectural control plans (2023) give 84.15 ft."
   },
   "geometry": {
    "type": "MultiPolygon",
    "coordinates": [
     [
      [
       [
        -122.1494733,
        37.47791
       ],
       [
        -122.1494336,
        37.4779715
       ],
       [
        -122.149434,
        37.4779867
       ],
       [
        -122.1494055,
        37.4779898
       ],
       [
        -122.1493457,
        37.4779553
       ],
       [
        -122.1493405,
        37.4779998
       ],
       [
        -122.1493033,
        37.4780334
       ],
       [
        -122.1493087,
        37.4780574
       ],
       [
        -122.1492854,
        37.4780781
       ],
       [
        -122.1492007,
        37.4782419
       ],
       [
        -122.1492017,
        37.4782774
       ],
       [
        -122.1491463,
        37.4783468
       ],
       [
        -122.1491321,
        37.4783496
       ],
       [
        -122.1491218,
        37.4783815
       ],
       [
        -122.1491092,
        37.4783868
       ],
       [
        -122.1490993,
        37.478373
       ],
       [
        -122.1490577,
        37.4783648
       ],
       [
        -122.1489945,
        37.4783228
       ],
       [
        -122.1489786,
        37.4783218
       ],
       [
        -122.1489695,
        37.4782814
       ],
       [
        -122.1489446,
        37.4783021
       ],
       [
        -122.1489187,
        37.4782835
       ],
       [
        -122.1489119,
        37.4782697
       ],
       [
        -122.1489476,
        37.4782349
       ],
       [
        -122.1489183,
        37.4782125
       ],
       [
        -122.1488816,
        37.4782094
       ],
       [
        -122.1488659,
        37.4782173
       ],
       [
        -122.1488481,
        37.4782074
       ],
       [
        -122.1488508,
        37.4781896
       ],
       [
        -122.1488099,
        37.4781459
       ],
       [
        -122.148759,
        37.4780327
       ],
       [
        -122.1487398,
        37.4780267
       ],
       [
        -122.1487359,
        37.4780027
       ],
       [
        -122.1487024,
        37.4779696
       ],
       [
        -122.1486993,
        37.4779412
       ],
       [
        -122.1486808,
        37.4779047
       ],
       [
        -122.1486728,
        37.4779048
       ],
       [
        -122.1486587,
        37.4778556
       ],
       [
        -122.1486079,
        37.4777995
       ],
       [
        -122.1486059,
        37.4777843
       ],
       [
        -122.1485899,
        37.4777833
       ],
       [
        -122.1485364,
        37.4776878
       ],
       [
        -122.1485617,
        37.4776811
       ],
       [
        -122.1485692,
        37.4776644
       ],
       [
        -122.1486007,
        37.4776537
       ],
       [
        -122.1486264,
        37.4776634
       ],
       [
        -122.1486612,
        37.4776565
       ],
       [
        -122.1486702,
        37.477662
       ],
       [
        -122.1487038,
        37.4776431
       ],
       [
        -122.14872,
        37.4776517
       ],
       [
        -122.1487204,
        37.4776656
       ],
       [
        -122.1488181,
        37.4776918
       ],
       [
        -122.1488588,
        37.4777228
       ],
       [
        -122.1488584,
        37.4777089
       ],
       [
        -122.1489,
        37.477717
       ],
       [
        -122.1489948,
        37.4777522
       ],
       [
        -122.149082,
        37.4777405
       ],
       [
        -122.1491014,
        37.477749
       ],
       [
        -122.1491089,
        37.4777933
       ],
       [
        -122.1491697,
        37.4778037
       ],
       [
        -122.1492758,
        37.4778437
       ],
       [
        -122.1493879,
        37.4778709
       ],
       [
        -122.1493995,
        37.4778884
       ],
       [
        -122.1494634,
        37.4778949
       ],
       [
        -122.1494733,
        37.47791
       ]
      ]
     ],
     [
      [
       [
        -122.150282,
        37.4781546
       ],
       [
        -122.1502597,
        37.4782133
       ],
       [
        -122.1502407,
        37.4782162
       ],
       [
        -122.150234,
        37.478262
       ],
       [
        -122.1502166,
        37.4782648
       ],
       [
        -122.150217,
        37.47828
       ],
       [
        -122.1501846,
        37.4783186
       ],
       [
        -122.1501928,
        37.4783274
       ],
       [
        -122.150185,
        37.4783338
       ],
       [
        -122.1502135,
        37.4783555
       ],
       [
        -122.1501405,
        37.4784526
       ],
       [
        -122.1500791,
        37.4785918
       ],
       [
        -122.150062,
        37.4786061
       ],
       [
        -122.1500461,
        37.4786064
       ],
       [
        -122.1500251,
        37.4786446
       ],
       [
        -122.1500271,
        37.4786676
       ],
       [
        -122.1499934,
        37.4787176
       ],
       [
        -122.1499391,
        37.4787071
       ],
       [
        -122.1499146,
        37.4786873
       ],
       [
        -122.1498731,
        37.4786804
       ],
       [
        -122.1498504,
        37.4786668
       ],
       [
        -122.1498236,
        37.4786749
       ],
       [
        -122.1497977,
        37.4786601
       ],
       [
        -122.1497868,
        37.4786667
       ],
       [
        -122.1497627,
        37.4786595
       ],
       [
        -122.1497368,
        37.4786434
       ],
       [
        -122.1496423,
        37.4786185
       ],
       [
        -122.149642,
        37.4786096
       ],
       [
        -122.149554,
        37.4785921
       ],
       [
        -122.1495473,
        37.4785795
       ],
       [
        -122.1495107,
        37.4785776
       ],
       [
        -122.1494944,
        37.4785652
       ],
       [
        -122.149449,
        37.478603
       ],
       [
        -122.1494983,
        37.4785607
       ],
       [
        -122.1494723,
        37.4785409
       ],
       [
        -122.1494621,
        37.478548
       ],
       [
        -122.1494091,
        37.4785299
       ],
       [
        -122.1493927,
        37.4785099
       ],
       [
        -122.1493672,
        37.4785091
       ],
       [
        -122.1493395,
        37.478488
       ],
       [
        -122.1493188,
        37.4784846
       ],
       [
        -122.1493135,
        37.4784669
       ],
       [
        -122.1492412,
        37.4784428
       ],
       [
        -122.14925,
        37.4784148
       ],
       [
        -122.1492747,
        37.4783864
       ],
       [
        -122.1492874,
        37.4783862
       ],
       [
        -122.149287,
        37.4783697
       ],
       [
        -122.1493029,
        37.4783682
       ],
       [
        -122.1493024,
        37.4783517
       ],
       [
        -122.1493163,
        37.4783375
       ],
       [
        -122.1493943,
        37.4783387
       ],
       [
        -122.1494137,
        37.4783187
       ],
       [
        -122.1493914,
        37.4783017
       ],
       [
        -122.1494039,
        37.4783113
       ],
       [
        -122.1494265,
        37.4782925
       ],
       [
        -122.149455,
        37.4782882
       ],
       [
        -122.1494618,
        37.4782437
       ],
       [
        -122.1494536,
        37.4782375
       ],
       [
        -122.1494679,
        37.4782347
       ],
       [
        -122.1494734,
        37.4782042
       ],
       [
        -122.1494831,
        37.4782116
       ],
       [
        -122.1494824,
        37.4781837
       ],
       [
        -122.1495067,
        37.4781402
       ],
       [
        -122.1495103,
        37.4780983
       ],
       [
        -122.1495704,
        37.4780288
       ],
       [
        -122.1495306,
        37.4780282
       ],
       [
        -122.149565,
        37.4779477
       ],
       [
        -122.1495764,
        37.4779564
       ],
       [
        -122.1495967,
        37.4779408
       ],
       [
        -122.1496787,
        37.4779736
       ],
       [
        -122.1497909,
        37.4780021
       ],
       [
        -122.1498282,
        37.4780268
       ],
       [
        -122.1498359,
        37.4780203
       ],
       [
        -122.1498583,
        37.4780238
       ],
       [
        -122.1499008,
        37.4780636
       ],
       [
        -122.1499278,
        37.4780631
       ],
       [
        -122.1499307,
        37.4780542
       ],
       [
        -122.1499313,
        37.4780758
       ],
       [
        -122.1499516,
        37.4780589
       ],
       [
        -122.1500189,
        37.4780768
       ],
       [
        -122.1500259,
        37.4780995
       ],
       [
        -122.1500556,
        37.478111
       ],
       [
        -122.150072,
        37.4780987
       ],
       [
        -122.1501009,
        37.4781096
       ],
       [
        -122.1501155,
        37.4781269
       ],
       [
        -122.150141,
        37.4781293
       ],
       [
        -122.1501601,
        37.4781212
       ],
       [
        -122.1501955,
        37.4781346
       ],
       [
        -122.1502193,
        37.4781316
       ],
       [
        -122.150282,
        37.4781546
       ]
      ]
     ]
    ]
   }
  },
  {
   "type": "Feature",
   "properties": {
    "kind": "building",
    "block": "RS4",
    "label": "Parcel 4 residential (RS4)",
    "stage": "entitled",
    "height_ft": 76.61,
    "podium_ft": null,
    "base_ft": 0,
    "use": "residential",
    "phase": null,
    "illustrative": true,
    "source": "illustrative: footprint and maximum height (76.61 ft) traced from Willow Village Master Plan, Conditional Development Permit plan set (Oct 19, 2022; approved Dec 13, 2022), Sheet G3.04, Illustrative Building Height Plan (PDF p. 20); CDP Section 2.3.5 caps heights at G3.04's maxima (R-MU zone: 85 ft)"
   },
   "geometry": {
    "type": "MultiPolygon",
    "coordinates": [
     [
      [
       [
        -122.150605,
        37.4773996
       ],
       [
        -122.1506057,
        37.4774236
       ],
       [
        -122.1505886,
        37.4774379
       ],
       [
        -122.1505896,
        37.4774772
       ],
       [
        -122.1506073,
        37.4774832
       ],
       [
        -122.1505987,
        37.4775189
       ],
       [
        -122.1506044,
        37.477553
       ],
       [
        -122.1505876,
        37.4775787
       ],
       [
        -122.1505638,
        37.4775791
       ],
       [
        -122.1505513,
        37.4775894
       ],
       [
        -122.1505438,
        37.4776048
       ],
       [
        -122.150552,
        37.4776123
       ],
       [
        -122.1505226,
        37.4776432
       ],
       [
        -122.15044,
        37.4778247
       ],
       [
        -122.1504113,
        37.4778512
       ],
       [
        -122.1504202,
        37.477858
       ],
       [
        -122.1504175,
        37.4778746
       ],
       [
        -122.1504407,
        37.4778922
       ],
       [
        -122.1504175,
        37.4778746
       ],
       [
        -122.1504183,
        37.4779024
       ],
       [
        -122.1504047,
        37.4779293
       ],
       [
        -122.1503828,
        37.4779449
       ],
       [
        -122.1503106,
        37.4779233
       ],
       [
        -122.1503087,
        37.477912
       ],
       [
        -122.1502879,
        37.4779072
       ],
       [
        -122.1502901,
        37.4778952
       ],
       [
        -122.1502664,
        37.4778772
       ],
       [
        -122.1502445,
        37.4778915
       ],
       [
        -122.1501835,
        37.477871
       ],
       [
        -122.1501794,
        37.4778381
       ],
       [
        -122.1501434,
        37.477859
       ],
       [
        -122.150095,
        37.4778345
       ],
       [
        -122.150084,
        37.477841
       ],
       [
        -122.1498495,
        37.4777614
       ],
       [
        -122.1498589,
        37.4777536
       ],
       [
        -122.1498079,
        37.477752
       ],
       [
        -122.1496441,
        37.4776978
       ],
       [
        -122.1496356,
        37.4776751
       ],
       [
        -122.1496488,
        37.4776641
       ],
       [
        -122.1496396,
        37.4776471
       ],
       [
        -122.1496221,
        37.4776474
       ],
       [
        -122.1496202,
        37.4776373
       ],
       [
        -122.14959,
        37.4776378
       ],
       [
        -122.1495881,
        37.4776265
       ],
       [
        -122.1495515,
        37.4776271
       ],
       [
        -122.1495401,
        37.4776184
       ],
       [
        -122.1495184,
        37.4776391
       ],
       [
        -122.1495189,
        37.4776556
       ],
       [
        -122.1495047,
        37.4776621
       ],
       [
        -122.1494614,
        37.4776477
       ],
       [
        -122.1494612,
        37.4776401
       ],
       [
        -122.1494325,
        37.4776406
       ],
       [
        -122.149333,
        37.4776068
       ],
       [
        -122.1493183,
        37.4775931
       ],
       [
        -122.1493505,
        37.4775507
       ],
       [
        -122.1493652,
        37.4775061
       ],
       [
        -122.1493901,
        37.4774853
       ],
       [
        -122.1492848,
        37.4774745
       ],
       [
        -122.1492442,
        37.4775614
       ],
       [
        -122.1492159,
        37.4775721
       ],
       [
        -122.1492156,
        37.4775644
       ],
       [
        -122.1491966,
        37.4775648
       ],
       [
        -122.1491642,
        37.4775463
       ],
       [
        -122.1491276,
        37.4775457
       ],
       [
        -122.1490871,
        37.4775198
       ],
       [
        -122.149068,
        37.4775201
       ],
       [
        -122.1490197,
        37.4774968
       ],
       [
        -122.1489204,
        37.4774732
       ],
       [
        -122.1489137,
        37.4774632
       ],
       [
        -122.1489228,
        37.477444
       ],
       [
        -122.1489539,
        37.4774181
       ],
       [
        -122.148903,
        37.477419
       ],
       [
        -122.1488868,
        37.4774091
       ],
       [
        -122.1488645,
        37.4774095
       ],
       [
        -122.1488176,
        37.4773824
       ],
       [
        -122.1488437,
        37.4773464
       ],
       [
        -122.1488523,
        37.4773121
       ],
       [
        -122.1488647,
        37.4772979
       ],
       [
        -122.1488789,
        37.4772964
       ],
       [
        -122.1488784,
        37.4772748
       ],
       [
        -122.1488895,
        37.4772746
       ],
       [
        -122.1488856,
        37.4772493
       ],
       [
        -122.1489073,
        37.4772261
       ],
       [
        -122.1488991,
        37.4772174
       ],
       [
        -122.1490003,
        37.4770216
       ],
       [
        -122.1490083,
        37.4770215
       ],
       [
        -122.1490079,
        37.4770063
       ],
       [
        -122.149075,
        37.4769024
       ],
       [
        -122.1491308,
        37.4769325
       ],
       [
        -122.1491503,
        37.4769214
       ],
       [
        -122.1491841,
        37.4769335
       ],
       [
        -122.1491893,
        37.4769499
       ],
       [
        -122.1492368,
        37.4769687
       ],
       [
        -122.1492516,
        37.4769577
       ],
       [
        -122.1493013,
        37.4769708
       ],
       [
        -122.1493211,
        37.476997
       ],
       [
        -122.1493799,
        37.4769973
       ],
       [
        -122.1494138,
        37.4770119
       ],
       [
        -122.1494142,
        37.4770271
       ],
       [
        -122.1494986,
        37.477032
       ],
       [
        -122.1495134,
        37.4770495
       ],
       [
        -122.1495634,
        37.4770727
       ],
       [
        -122.149595,
        37.4770646
       ],
       [
        -122.1496175,
        37.4770743
       ],
       [
        -122.1496179,
        37.477087
       ],
       [
        -122.1496533,
        37.4771016
       ],
       [
        -122.149685,
        37.4770985
       ],
       [
        -122.1497222,
        37.4771194
       ],
       [
        -122.1497733,
        37.4771261
       ],
       [
        -122.1497639,
        37.477191
       ],
       [
        -122.1497692,
        37.4772086
       ],
       [
        -122.1497966,
        37.4772208
       ],
       [
        -122.1497973,
        37.4772487
       ],
       [
        -122.1498222,
        37.477228
       ],
       [
        -122.1498617,
        37.4772457
       ],
       [
        -122.1498827,
        37.4772282
       ],
       [
        -122.1499083,
        37.4771758
       ],
       [
        -122.1499369,
        37.4771728
       ],
       [
        -122.149969,
        37.4771849
       ],
       [
        -122.1499774,
        37.4772
       ],
       [
        -122.1499981,
        37.4771996
       ],
       [
        -122.1500032,
        37.4772135
       ],
       [
        -122.1500369,
        37.477223
       ],
       [
        -122.1500629,
        37.4772429
       ],
       [
        -122.1500624,
        37.4772226
       ],
       [
        -122.1500797,
        37.4772185
       ],
       [
        -122.1500941,
        37.4772294
       ],
       [
        -122.1501034,
        37.4772217
       ],
       [
        -122.1501655,
        37.477269
       ],
       [
        -122.1501906,
        37.4772584
       ],
       [
        -122.1502632,
        37.4772926
       ],
       [
        -122.1503013,
        37.4772894
       ],
       [
        -122.1503675,
        37.4773251
       ],
       [
        -122.1503769,
        37.4773186
       ],
       [
        -122.1504459,
        37.4773402
       ],
       [
        -122.1504494,
        37.4773515
       ],
       [
        -122.1505101,
        37.4773606
       ],
       [
        -122.1505103,
        37.4773682
       ],
       [
        -122.1505775,
        37.4773823
       ],
       [
        -122.150605,
        37.4773996
       ]
      ]
     ]
    ]
   }
  },
  {
   "type": "Feature",
   "properties": {
    "kind": "building",
    "block": "RS5",
    "label": "Parcel 5 residential (RS5)",
    "stage": "entitled",
    "height_ft": 77.89,
    "podium_ft": null,
    "base_ft": 0,
    "use": "residential, retail",
    "phase": null,
    "illustrative": true,
    "source": "illustrative: footprint and maximum height (77.89 ft) traced from Willow Village Master Plan, Conditional Development Permit plan set (Oct 19, 2022; approved Dec 13, 2022), Sheet G3.04, Illustrative Building Height Plan (PDF p. 20); CDP Section 2.3.5 caps heights at G3.04's maxima (R-MU zone: 85 ft)"
   },
   "geometry": {
    "type": "MultiPolygon",
    "coordinates": [
     [
      [
       [
        -122.1487761,
        37.4769089
       ],
       [
        -122.1487812,
        37.4769214
       ],
       [
        -122.1487359,
        37.4770123
       ],
       [
        -122.1487232,
        37.4770138
       ],
       [
        -122.1487219,
        37.4770239
       ],
       [
        -122.1486997,
        37.4770256
       ],
       [
        -122.1486698,
        37.4770102
       ],
       [
        -122.1486423,
        37.4770228
       ],
       [
        -122.1486308,
        37.4770648
       ],
       [
        -122.1486059,
        37.4770855
       ],
       [
        -122.1486313,
        37.4770851
       ],
       [
        -122.1486414,
        37.4771039
       ],
       [
        -122.1486341,
        37.4771294
       ],
       [
        -122.1485707,
        37.4772548
       ],
       [
        -122.1485559,
        37.4772671
       ],
       [
        -122.1485527,
        37.4772932
       ],
       [
        -122.14854,
        37.4772947
       ],
       [
        -122.1485403,
        37.4773073
       ],
       [
        -122.1485216,
        37.4773191
       ],
       [
        -122.1484977,
        37.4773195
       ],
       [
        -122.1484844,
        37.4773565
       ],
       [
        -122.1484996,
        37.4773879
       ],
       [
        -122.1484822,
        37.477392
       ],
       [
        -122.1484812,
        37.4774149
       ],
       [
        -122.148463,
        37.4774456
       ],
       [
        -122.1484411,
        37.47746
       ],
       [
        -122.1484156,
        37.4774604
       ],
       [
        -122.1484161,
        37.4774769
       ],
       [
        -122.1484036,
        37.4774872
       ],
       [
        -122.1483454,
        37.4775123
       ],
       [
        -122.1483148,
        37.4774964
       ],
       [
        -122.1483029,
        37.47747
       ],
       [
        -122.1482227,
        37.4773877
       ],
       [
        -122.1482301,
        37.4773685
       ],
       [
        -122.1482203,
        37.4773598
       ],
       [
        -122.1482494,
        37.4773187
       ],
       [
        -122.1482356,
        37.4772771
       ],
       [
        -122.1482006,
        37.4772777
       ],
       [
        -122.1481341,
        37.4772332
       ],
       [
        -122.1480881,
        37.4772366
       ],
       [
        -122.1480852,
        37.4772467
       ],
       [
        -122.1480771,
        37.4772418
       ],
       [
        -122.1480509,
        37.4772156
       ],
       [
        -122.1480503,
        37.4771916
       ],
       [
        -122.1480328,
        37.4771919
       ],
       [
        -122.148013,
        37.4771656
       ],
       [
        -122.1479921,
        37.4771596
       ],
       [
        -122.1479851,
        37.4771356
       ],
       [
        -122.1479607,
        37.4771183
       ],
       [
        -122.1479603,
        37.4771018
       ],
       [
        -122.1479363,
        37.4770959
       ],
       [
        -122.1479243,
        37.4770657
       ],
       [
        -122.1478855,
        37.4770448
       ],
       [
        -122.1478363,
        37.4769886
       ],
       [
        -122.147836,
        37.4769772
       ],
       [
        -122.1478232,
        37.4769774
       ],
       [
        -122.1478132,
        37.4769598
       ],
       [
        -122.1477842,
        37.4769464
       ],
       [
        -122.1477671,
        37.4769035
       ],
       [
        -122.1477512,
        37.4769038
       ],
       [
        -122.1477284,
        37.4768839
       ],
       [
        -122.1477277,
        37.4768586
       ],
       [
        -122.1477102,
        37.4768589
       ],
       [
        -122.147676,
        37.476829
       ],
       [
        -122.1476883,
        37.4768149
       ],
       [
        -122.1476783,
        37.4767986
       ],
       [
        -122.147651,
        37.4767889
       ],
       [
        -122.1476426,
        37.4767713
       ],
       [
        -122.1476631,
        37.4767658
       ],
       [
        -122.147681,
        37.476751
       ],
       [
        -122.147686,
        37.4767312
       ],
       [
        -122.1477004,
        37.476731
       ],
       [
        -122.1477173,
        37.4767116
       ],
       [
        -122.147738,
        37.4767113
       ],
       [
        -122.1477377,
        37.4766999
       ],
       [
        -122.1477502,
        37.4766933
       ],
       [
        -122.1479395,
        37.476633
       ],
       [
        -122.1479683,
        37.4766388
       ],
       [
        -122.1479691,
        37.4766667
       ],
       [
        -122.1479971,
        37.4766434
       ],
       [
        -122.1480272,
        37.4766391
       ],
       [
        -122.1480301,
        37.4766276
       ],
       [
        -122.1480631,
        37.4766131
       ],
       [
        -122.1481175,
        37.4766223
       ],
       [
        -122.1481177,
        37.4766312
       ],
       [
        -122.1481464,
        37.4766319
       ],
       [
        -122.148177,
        37.4766453
       ],
       [
        -122.1482006,
        37.4766373
       ],
       [
        -122.1482025,
        37.4766474
       ],
       [
        -122.1482327,
        37.4766469
       ],
       [
        -122.1482362,
        37.4766583
       ],
       [
        -122.1482664,
        37.4766577
       ],
       [
        -122.1482705,
        37.4766906
       ],
       [
        -122.1483049,
        37.4766685
       ],
       [
        -122.1483244,
        37.4766834
       ],
       [
        -122.1483916,
        37.4766974
       ],
       [
        -122.1484239,
        37.4767146
       ],
       [
        -122.1484241,
        37.4767235
       ],
       [
        -122.1484497,
        37.4767268
       ],
       [
        -122.1484772,
        37.4767441
       ],
       [
        -122.1485845,
        37.4767702
       ],
       [
        -122.1486393,
        37.4767958
       ],
       [
        -122.1486776,
        37.4768002
       ],
       [
        -122.1487132,
        37.4768212
       ],
       [
        -122.1487226,
        37.4768147
       ],
       [
        -122.1487373,
        37.4768309
       ],
       [
        -122.1487724,
        37.4768316
       ],
       [
        -122.1487746,
        37.4768569
       ],
       [
        -122.1487346,
        37.4769045
       ],
       [
        -122.1487761,
        37.4769089
       ]
      ]
     ]
    ]
   }
  },
  {
   "type": "Feature",
   "properties": {
    "kind": "building",
    "block": "RS6",
    "label": "Parcel 6 residential (RS6)",
    "stage": "entitled",
    "height_ft": 79.78,
    "podium_ft": null,
    "base_ft": 0,
    "use": "residential",
    "phase": null,
    "illustrative": true,
    "source": "illustrative: footprint and maximum height (79.78 ft) traced from Willow Village Master Plan, Conditional Development Permit plan set (Oct 19, 2022; approved Dec 13, 2022), Sheet G3.04, Illustrative Building Height Plan (PDF p. 20); CDP Section 2.3.5 caps heights at G3.04's maxima (R-MU zone: 85 ft)",
    "note": "The approved architectural control plans (2023) give 79.78 ft."
   },
   "geometry": {
    "type": "MultiPolygon",
    "coordinates": [
     [
      [
       [
        -122.150472,
        37.4764343
       ],
       [
        -122.1504512,
        37.4764594
       ],
       [
        -122.1504653,
        37.4764788
       ],
       [
        -122.1504552,
        37.4764898
       ],
       [
        -122.1504643,
        37.4765004
       ],
       [
        -122.1504457,
        37.4765185
       ],
       [
        -122.1504515,
        37.4765577
       ],
       [
        -122.1504218,
        37.476607
       ],
       [
        -122.1504342,
        37.4766226
       ],
       [
        -122.1504175,
        37.4766521
       ],
       [
        -122.1504273,
        37.4766608
       ],
       [
        -122.1504231,
        37.4766812
       ],
       [
        -122.1504154,
        37.4766914
       ],
       [
        -122.1503756,
        37.4766921
       ],
       [
        -122.1504098,
        37.4767182
       ],
       [
        -122.1504151,
        37.4767384
       ],
       [
        -122.1504027,
        37.4767525
       ],
       [
        -122.1503821,
        37.4767529
       ],
       [
        -122.1503432,
        37.4767282
       ],
       [
        -122.1503355,
        37.4767968
       ],
       [
        -122.1503169,
        37.4768136
       ],
       [
        -122.1503273,
        37.4768439
       ],
       [
        -122.1503512,
        37.4768473
       ],
       [
        -122.1503565,
        37.4768649
       ],
       [
        -122.1503372,
        37.476916
       ],
       [
        -122.1503102,
        37.4769177
       ],
       [
        -122.1503206,
        37.4769493
       ],
       [
        -122.150284,
        37.4770082
       ],
       [
        -122.1502427,
        37.4770089
       ],
       [
        -122.1501774,
        37.4769691
       ],
       [
        -122.1501564,
        37.4769865
       ],
       [
        -122.1501009,
        37.4769442
       ],
       [
        -122.1500014,
        37.4769142
       ],
       [
        -122.1499962,
        37.4768991
       ],
       [
        -122.1499673,
        37.4768894
       ],
       [
        -122.1499212,
        37.476889
       ],
       [
        -122.1498918,
        37.4768641
       ],
       [
        -122.1498809,
        37.4768707
       ],
       [
        -122.1498472,
        37.4768624
       ],
       [
        -122.149847,
        37.4768535
       ],
       [
        -122.1498055,
        37.4768479
       ],
       [
        -122.149821,
        37.4768324
       ],
       [
        -122.1497653,
        37.4768346
       ],
       [
        -122.1497494,
        37.4768237
       ],
       [
        -122.1497276,
        37.4768418
       ],
       [
        -122.1496753,
        37.4768019
       ],
       [
        -122.149653,
        37.4767998
       ],
       [
        -122.1495965,
        37.4767691
       ],
       [
        -122.149571,
        37.476767
       ],
       [
        -122.1495675,
        37.4767556
       ],
       [
        -122.1495325,
        37.4767562
       ],
       [
        -122.1495297,
        37.4767715
       ],
       [
        -122.149509,
        37.4767719
       ],
       [
        -122.1494496,
        37.4767501
       ],
       [
        -122.1494503,
        37.4767196
       ],
       [
        -122.1494704,
        37.476699
       ],
       [
        -122.1494652,
        37.4766813
       ],
       [
        -122.1494933,
        37.4766618
       ],
       [
        -122.1494943,
        37.4766415
       ],
       [
        -122.1495037,
        37.4766337
       ],
       [
        -122.1495134,
        37.4766412
       ],
       [
        -122.1495204,
        37.4766068
       ],
       [
        -122.1495123,
        37.4765993
       ],
       [
        -122.1495761,
        37.4764904
       ],
       [
        -122.1495818,
        37.4764637
       ],
       [
        -122.1496159,
        37.4764314
       ],
       [
        -122.1496475,
        37.4763662
       ],
       [
        -122.1500004,
        37.4763537
       ],
       [
        -122.1500118,
        37.4763611
       ],
       [
        -122.1500227,
        37.4763546
       ],
       [
        -122.1501149,
        37.476379
       ],
       [
        -122.1501393,
        37.4763703
       ],
       [
        -122.1502449,
        37.4763913
       ],
       [
        -122.1503867,
        37.476399
       ],
       [
        -122.1504117,
        37.4764119
       ],
       [
        -122.1504251,
        37.4764047
       ],
       [
        -122.1504683,
        37.4764141
       ],
       [
        -122.150472,
        37.4764343
       ]
      ]
     ]
    ]
   }
  },
  {
   "type": "Feature",
   "properties": {
    "kind": "building",
    "block": "RS7",
    "label": "Parcel 7 residential (RS7)",
    "stage": "entitled",
    "height_ft": 76.06,
    "podium_ft": null,
    "base_ft": 0,
    "use": "residential",
    "phase": null,
    "illustrative": true,
    "source": "illustrative: footprint and maximum height (76.06 ft) traced from Willow Village Master Plan, Conditional Development Permit plan set (Oct 19, 2022; approved Dec 13, 2022), Sheet G3.04, Illustrative Building Height Plan (PDF p. 20); CDP Section 2.3.5 caps heights at G3.04's maxima (R-MU zone: 85 ft)",
    "note": "The approved architectural control plans (2023) give 75.98 ft."
   },
   "geometry": {
    "type": "MultiPolygon",
    "coordinates": [
     [
      [
       [
        -122.1494428,
        37.4763862
       ],
       [
        -122.1493742,
        37.4765548
       ],
       [
        -122.1493409,
        37.4766175
       ],
       [
        -122.1493269,
        37.4766267
       ],
       [
        -122.1493153,
        37.47667
       ],
       [
        -122.1492995,
        37.4766753
       ],
       [
        -122.1492986,
        37.4766994
       ],
       [
        -122.1492541,
        37.4767002
       ],
       [
        -122.1491834,
        37.4766761
       ],
       [
        -122.1491832,
        37.4766697
       ],
       [
        -122.1491288,
        37.476658
       ],
       [
        -122.1491158,
        37.4766468
       ],
       [
        -122.1491122,
        37.4766316
       ],
       [
        -122.1491207,
        37.4766245
       ],
       [
        -122.1491053,
        37.4766127
       ],
       [
        -122.149105,
        37.4766001
       ],
       [
        -122.1490525,
        37.4766022
       ],
       [
        -122.1490244,
        37.4766217
       ],
       [
        -122.1489812,
        37.4766124
       ],
       [
        -122.1489167,
        37.476583
       ],
       [
        -122.1488992,
        37.4765834
       ],
       [
        -122.1488991,
        37.476577
       ],
       [
        -122.1488689,
        37.4765775
       ],
       [
        -122.1487643,
        37.4765375
       ],
       [
        -122.1486971,
        37.4765222
       ],
       [
        -122.1486398,
        37.4764934
       ],
       [
        -122.1486297,
        37.4765005
       ],
       [
        -122.1485655,
        37.4764801
       ],
       [
        -122.1485653,
        37.4764725
       ],
       [
        -122.148534,
        37.476473
       ],
       [
        -122.1485189,
        37.4764855
       ],
       [
        -122.1484562,
        37.4764414
       ],
       [
        -122.1484511,
        37.4764288
       ],
       [
        -122.148491,
        37.4763761
       ],
       [
        -122.1485689,
        37.4763748
       ],
       [
        -122.1486407,
        37.4764109
       ],
       [
        -122.1486509,
        37.4764038
       ],
       [
        -122.1486801,
        37.4764261
       ],
       [
        -122.1486793,
        37.4763944
       ],
       [
        -122.1487011,
        37.4763763
       ],
       [
        -122.1488107,
        37.4763718
       ],
       [
        -122.1488526,
        37.4763889
       ],
       [
        -122.1488796,
        37.4763884
       ],
       [
        -122.1488809,
        37.4763782
       ],
       [
        -122.1488906,
        37.4763844
       ],
       [
        -122.1489015,
        37.4763766
       ],
       [
        -122.1493993,
        37.476368
       ],
       [
        -122.1493487,
        37.4763293
       ],
       [
        -122.149401,
        37.4763692
       ],
       [
        -122.1494428,
        37.4763862
       ]
      ]
     ]
    ]
   }
  },
  {
   "type": "Feature",
   "properties": {
    "kind": "building",
    "block": "RA1",
    "label": "Building RA1",
    "stage": "entitled",
    "height_ft": 15.16,
    "podium_ft": null,
    "base_ft": 0,
    "use": null,
    "phase": null,
    "illustrative": true,
    "source": "illustrative: footprint and maximum height (15.16 ft) traced from Willow Village Master Plan, Conditional Development Permit plan set (Oct 19, 2022; approved Dec 13, 2022), Sheet G3.04, Illustrative Building Height Plan (PDF p. 20); CDP Section 2.3.5 caps heights at G3.04's maxima (R-MU zone: 85 ft)"
   },
   "geometry": {
    "type": "MultiPolygon",
    "coordinates": [
     [
      [
       [
        -122.1507191,
        37.476917
       ],
       [
        -122.1507219,
        37.4769613
       ],
       [
        -122.1506999,
        37.4769718
       ],
       [
        -122.1506373,
        37.4769526
       ],
       [
        -122.1506339,
        37.4769413
       ],
       [
        -122.1506148,
        37.4769416
       ],
       [
        -122.1506129,
        37.4769315
       ],
       [
        -122.1506018,
        37.4769317
       ],
       [
        -122.1506091,
        37.47691
       ],
       [
        -122.1506342,
        37.4768943
       ],
       [
        -122.1506479,
        37.4769011
       ],
       [
        -122.1506676,
        37.4768963
       ],
       [
        -122.1506869,
        37.4769036
       ],
       [
        -122.1506872,
        37.4769124
       ],
       [
        -122.1507191,
        37.476917
       ]
      ]
     ]
    ]
   }
  }
 ]
}
