{
 "type": "FeatureCollection",
 "properties": {
  "project": "brisbane-baylands",
  "summary": "Land-use districts traced from Figure 2.3.1 of the City of Brisbane's 2026 Staff-Recommended Baylands Specific Plan (May 2026), which the Planning Commission recommended in August 2026 and the City Council has not yet adopted. Ten districts are drawn, from high density residential near the Bayshore Caltrain station to open space, sustainable infrastructure and existing uses that stay. Streets, the Caltrain corridor and Brisbane Lagoon aren't zones and are left out; no buildings are drawn. The city's boundary layer (marked draft, 2022) leaves out the Kinder Morgan tank farm and the Golden State Lumber and Recology sites, which the 2026 plan includes as existing use areas, and a strip of existing use west of the rail line near Community Fields, so those aren't drawn.",
  "note": "Land-use districts from the draft 2026 specific plan, not yet adopted; zones, not buildings.",
  "sourceUrl": "https://www.brisbaneca.gov/DocumentCenter/View/2988",
  "sourceLabel": "Draft specific plan land use, 2026 (PDF)",
  "georeference": {
   "figure_2_3_1": {
    "scale_m_per_unit": 2.3598,
    "rotation_deg": 1.557,
    "rms_m": 1.93,
    "controls": [
     {
      "label": "Figure 2.3.1 Specific Plan Area line to the site boundary: trimmed RMS over the closest 70% of 8783 points",
      "residual_m": 1.93
     }
    ],
    "method": "trimmed ICP",
    "points": 8783,
    "inlier_share": 0.7,
    "median_m": 2.33,
    "p90_m": 7.24,
    "target": "data/boundaries/brisbane-baylands.geojson (City of Brisbane, Baylands Specific Plan Boundary layer)",
    "check": "by eye, OpenStreetMap streets (via Overture) overlaid on the figure's aerial photo agree within about 10-30 m; the photo under the plan's linework is itself offset, so it isn't used for the fit"
   }
  },
  "license": "Zone shapes: traced from a public City of Brisbane planning document. Fitted to the city's Baylands Specific Plan Boundary layer; streets for the seed from OpenStreetMap contributors (ODbL 1.0) via Overture Maps.",
  "documents": [
   "https://www.brisbaneca.gov/775/2026-Baylands-Specific-Plan",
   "https://www.brisbaneca.gov/DocumentCenter/View/2988",
   "https://brisbaneca.api.civicclerk.com/v1/Meetings/GetMeetingFileStream(fileId=12608,plainText=false)",
   "https://services9.arcgis.com/UGpGSV1ugL0pHSgX/arcgis/rest/services/GP_Land_Use_Designations_NAD83_20251110/FeatureServer/7",
   "https://services9.arcgis.com/UGpGSV1ugL0pHSgX/arcgis/rest/services/Baylands_Specific_Plan_Boundary_DRAFT_Map_WFL1/FeatureServer/1"
  ],
  "superseded": "The adopted General Plan (Measure JJ, 2018) designates the area only as Baylands Planned Development, Residential Permitted and Non Residential (city GIS layer GP_Land_Use_Designations_NAD83_20251110), pending a specific plan."
 },
 "features": [
  {
   "type": "Feature",
   "properties": {
    "kind": "zone",
    "category": "residential",
    "label": "High density residential",
    "source": "traced: 2026 Staff-Recommended Baylands Specific Plan (City of Brisbane, May 14, 2026), Chapter 2, Land Use Program and Definitions, Figure 2.3.1, Land Use Plan, p. 2-9 (PDF p. 10)",
    "note": "Draft specific plan land use, not yet adopted. Minimum average 95 homes per acre; Multi-Family Mid (to 110 ft) and Multi-Family High (to 270 ft, west of the rail line) (Sec. 2.4.1, p. 2-11). About 2.9 acres as drawn.",
    "stage": "entitlement"
   },
   "geometry": {
    "type": "MultiPolygon",
    "coordinates": [
     [
      [
       [-122.400283, 37.689207],
       [-122.400336, 37.689206],
       [-122.400391, 37.689247],
       [-122.400394, 37.689375],
       [-122.400422, 37.689396],
       [-122.400475, 37.689395],
       [-122.400503, 37.689416],
       [-122.400529, 37.689415],
       [-122.400534, 37.689586],
       [-122.400508, 37.689607],
       [-122.400283, 37.689207]
      ]
     ],
     [
      [
       [-122.402006, 37.705942],
       [-122.402003, 37.705836],
       [-122.402164, 37.705833],
       [-122.402216, 37.705789],
       [-122.402214, 37.705726],
       [-122.402884, 37.705715],
       [-122.402911, 37.705735],
       [-122.402938, 37.705735],
       [-122.402939, 37.705799],
       [-122.402913, 37.70582],
       [-122.402915, 37.705906],
       [-122.402889, 37.705927],
       [-122.40289, 37.70597],
       [-122.402864, 37.705991],
       [-122.40284, 37.706098],
       [-122.402814, 37.70612],
       [-122.402816, 37.706184],
       [-122.402789, 37.706205],
       [-122.402791, 37.706269],
       [-122.402765, 37.706291],
       [-122.402766, 37.706355],
       [-122.40274, 37.706376],
       [-122.402741, 37.706419],
       [-122.402608, 37.706421],
       [-122.40258, 37.7064],
       [-122.402446, 37.706381],
       [-122.402364, 37.70634],
       [-122.402311, 37.706341],
       [-122.402284, 37.70632],
       [-122.402203, 37.7063],
       [-122.402202, 37.706279],
       [-122.402175, 37.706258],
       [-122.402169, 37.706046],
       [-122.402142, 37.706025],
       [-122.401992, 37.706027],
       [-122.401992, 37.705954],
       [-122.402006, 37.705942]
      ]
     ],
     [
      [
       [-122.403012, 37.705521],
       [-122.402986, 37.705543],
       [-122.402611, 37.705549],
       [-122.402584, 37.705528],
       [-122.402183, 37.705535],
       [-122.402169, 37.705003],
       [-122.402195, 37.704981],
       [-122.40219, 37.704811],
       [-122.403208, 37.704794],
       [-122.403209, 37.704858],
       [-122.403183, 37.70488],
       [-122.403185, 37.704944],
       [-122.403158, 37.704965],
       [-122.403161, 37.705051],
       [-122.403134, 37.705072],
       [-122.403136, 37.705115],
       [-122.403109, 37.705136],
       [-122.403111, 37.705179],
       [-122.403084, 37.705201],
       [-122.403087, 37.705286],
       [-122.40306, 37.705307],
       [-122.403062, 37.705371],
       [-122.40301, 37.705415],
       [-122.403012, 37.705521]
      ]
     ],
     [
      [
       [-122.403974, 37.698272],
       [-122.403948, 37.698294],
       [-122.403814, 37.698296],
       [-122.403759, 37.698254],
       [-122.403757, 37.698169],
       [-122.40381, 37.698168],
       [-122.403863, 37.698125],
       [-122.40397, 37.698123],
       [-122.403997, 37.698144],
       [-122.403999, 37.698229],
       [-122.403973, 37.698251],
       [-122.403974, 37.698272]
      ]
     ]
    ]
   }
  },
  {
   "type": "Feature",
   "properties": {
    "kind": "zone",
    "category": "residential",
    "label": "Mid density residential",
    "source": "traced: 2026 Staff-Recommended Baylands Specific Plan (City of Brisbane, May 14, 2026), Chapter 2, Land Use Program and Definitions, Figure 2.3.1, Land Use Plan, p. 2-9 (PDF p. 10)",
    "note": "Draft specific plan land use, not yet adopted. Minimum average 75 homes per acre; townhomes and Multi-Family Low (50 ft) and Mid (110 ft) buildings (Sec. 2.4.1, p. 2-11). About 5.3 acres as drawn.",
    "stage": "entitlement"
   },
   "geometry": {
    "type": "MultiPolygon",
    "coordinates": [
     [
      [
       [-122.402018, 37.700283],
       [-122.402099, 37.700282],
       [-122.402101, 37.700367],
       [-122.402128, 37.700387],
       [-122.402235, 37.700386],
       [-122.402261, 37.700364],
       [-122.402255, 37.70013],
       [-122.402282, 37.700108],
       [-122.402549, 37.700104],
       [-122.402575, 37.700082],
       [-122.402656, 37.700081],
       [-122.402683, 37.700102],
       [-122.402737, 37.700101],
       [-122.402764, 37.700122],
       [-122.402793, 37.701249],
       [-122.402767, 37.70127],
       [-122.402787, 37.702036],
       [-122.402761, 37.702058],
       [-122.402785, 37.702972],
       [-122.402758, 37.702972],
       [-122.402732, 37.702994],
       [-122.402357, 37.703],
       [-122.40233, 37.702979],
       [-122.402276, 37.70298],
       [-122.402249, 37.70296],
       [-122.402247, 37.702874],
       [-122.40222, 37.702854],
       [-122.402059, 37.702856],
       [-122.402058, 37.702835],
       [-122.401995, 37.702786],
       [-122.401995, 37.702649],
       [-122.402052, 37.702601],
       [-122.402213, 37.702598],
       [-122.402239, 37.702577],
       [-122.402233, 37.702343],
       [-122.402259, 37.702321],
       [-122.402255, 37.702172],
       [-122.402228, 37.702151],
       [-122.402067, 37.702154],
       [-122.402067, 37.702133],
       [-122.401995, 37.702078],
       [-122.401995, 37.70191],
       [-122.40206, 37.701856],
       [-122.40222, 37.701854],
       [-122.402246, 37.701832],
       [-122.402236, 37.701428],
       [-122.402208, 37.701407],
       [-122.402075, 37.701409],
       [-122.402074, 37.701388],
       [-122.401996, 37.701328],
       [-122.401996, 37.70117],
       [-122.402067, 37.701112],
       [-122.402201, 37.70111],
       [-122.402253, 37.701066],
       [-122.402243, 37.700662],
       [-122.402215, 37.700641],
       [-122.402055, 37.700644],
       [-122.401996, 37.700602],
       [-122.401997, 37.700301],
       [-122.402018, 37.700283]
      ]
     ],
     [
      [
       [-122.404073, 37.708184],
       [-122.404046, 37.708163],
       [-122.404044, 37.708121],
       [-122.404017, 37.7081],
       [-122.403964, 37.708101],
       [-122.403936, 37.70808],
       [-122.403855, 37.70806],
       [-122.403854, 37.708017],
       [-122.40388, 37.707996],
       [-122.404013, 37.707951],
       [-122.404144, 37.707842],
       [-122.404171, 37.707842],
       [-122.404197, 37.70782],
       [-122.404465, 37.707816],
       [-122.404492, 37.707837],
       [-122.404599, 37.707835],
       [-122.404682, 37.707919],
       [-122.404789, 37.707917],
       [-122.404816, 37.707938],
       [-122.404843, 37.707937],
       [-122.404852, 37.70809],
       [-122.404736, 37.708346],
       [-122.404077, 37.708347],
       [-122.404073, 37.708184]
      ]
     ]
    ]
   }
  },
  {
   "type": "Feature",
   "properties": {
    "kind": "zone",
    "category": "residential",
    "label": "Low density residential",
    "source": "traced: 2026 Staff-Recommended Baylands Specific Plan (City of Brisbane, May 14, 2026), Chapter 2, Land Use Program and Definitions, Figure 2.3.1, Land Use Plan, p. 2-9 (PDF p. 10)",
    "note": "Draft specific plan land use, not yet adopted. Minimum average 25 homes per acre; duplexes, townhomes and small multifamily buildings up to 50 ft (four stories) (Sec. 2.4.1, p. 2-11). About 37.0 acres as drawn.",
    "stage": "entitlement"
   },
   "geometry": {
    "type": "MultiPolygon",
    "coordinates": [
     [
      [
       [-122.403774, 37.706998],
       [-122.403801, 37.707018],
       [-122.403812, 37.707444],
       [-122.403786, 37.707465],
       [-122.403733, 37.707466],
       [-122.403705, 37.707445],
       [-122.403625, 37.707447],
       [-122.403598, 37.707426],
       [-122.403544, 37.707427],
       [-122.403517, 37.707406],
       [-122.403463, 37.707407],
       [-122.403382, 37.707366],
       [-122.403302, 37.707367],
       [-122.403247, 37.707325],
       [-122.403167, 37.707327],
       [-122.403139, 37.707306],
       [-122.403059, 37.707307],
       [-122.403004, 37.707266],
       [-122.402924, 37.707267],
       [-122.402842, 37.707204],
       [-122.402841, 37.707141],
       [-122.402893, 37.707097],
       [-122.402891, 37.707033],
       [-122.402918, 37.707012],
       [-122.402914, 37.706884],
       [-122.402993, 37.70684],
       [-122.402992, 37.706798],
       [-122.403126, 37.706796],
       [-122.403235, 37.706858],
       [-122.403315, 37.706856],
       [-122.403342, 37.706877],
       [-122.403423, 37.706876],
       [-122.403504, 37.706917],
       [-122.403558, 37.706916],
       [-122.403612, 37.706958],
       [-122.403666, 37.706957],
       [-122.403747, 37.706998],
       [-122.403774, 37.706998]
      ]
     ],
     [
      [
       [-122.403451, 37.700791],
       [-122.403425, 37.700813],
       [-122.403431, 37.701068],
       [-122.403405, 37.70109],
       [-122.403164, 37.701094],
       [-122.403083, 37.701052],
       [-122.403058, 37.700117],
       [-122.403085, 37.700116],
       [-122.403111, 37.700095],
       [-122.403432, 37.700089],
       [-122.40346, 37.70011],
       [-122.403468, 37.700429],
       [-122.403442, 37.700451],
       [-122.403451, 37.700791]
      ]
     ],
     [
      [
       [-122.403438, 37.701323],
       [-122.403456, 37.702025],
       [-122.403376, 37.702026],
       [-122.40335, 37.702048],
       [-122.403082, 37.702052],
       [-122.403064, 37.701372],
       [-122.403091, 37.70135],
       [-122.403089, 37.701308],
       [-122.403411, 37.701302],
       [-122.403438, 37.701323]
      ]
     ],
     [
      [
       [-122.403464, 37.702323],
       [-122.403438, 37.702344],
       [-122.403453, 37.70294],
       [-122.403401, 37.702983],
       [-122.403133, 37.702987],
       [-122.403106, 37.702967],
       [-122.403079, 37.702967],
       [-122.403062, 37.702287],
       [-122.403088, 37.702265],
       [-122.403329, 37.702261],
       [-122.403356, 37.702282],
       [-122.403463, 37.70228],
       [-122.403464, 37.702323]
      ]
     ],
     [
      [
       [-122.403897, 37.706591],
       [-122.403899, 37.706655],
       [-122.403873, 37.706677],
       [-122.403874, 37.706719],
       [-122.403767, 37.706721],
       [-122.403739, 37.7067],
       [-122.403632, 37.706702],
       [-122.403605, 37.706681],
       [-122.403552, 37.706682],
       [-122.403524, 37.706661],
       [-122.403444, 37.706663],
       [-122.403443, 37.706641],
       [-122.403416, 37.706621],
       [-122.403362, 37.706621],
       [-122.403254, 37.706559],
       [-122.4032, 37.70656],
       [-122.403173, 37.706539],
       [-122.403066, 37.706541],
       [-122.403039, 37.70652],
       [-122.403037, 37.706457],
       [-122.403115, 37.706392],
       [-122.403114, 37.706328],
       [-122.40314, 37.706306],
       [-122.403137, 37.7062],
       [-122.403163, 37.706178],
       [-122.403161, 37.706093],
       [-122.403214, 37.70605],
       [-122.403211, 37.705943],
       [-122.403237, 37.705921],
       [-122.403236, 37.705879],
       [-122.403262, 37.705857],
       [-122.403262, 37.705836],
       [-122.403422, 37.705833],
       [-122.40345, 37.705854],
       [-122.403503, 37.705853],
       [-122.403666, 37.705936],
       [-122.403773, 37.705934],
       [-122.403773, 37.705955],
       [-122.403801, 37.705976],
       [-122.403854, 37.705975],
       [-122.403882, 37.705996],
       [-122.403962, 37.705995],
       [-122.404043, 37.706036],
       [-122.404097, 37.706035],
       [-122.404124, 37.706056],
       [-122.404151, 37.706055],
       [-122.404154, 37.706183],
       [-122.404102, 37.706226],
       [-122.404077, 37.706291],
       [-122.404051, 37.706312],
       [-122.404052, 37.706355],
       [-122.404, 37.706419],
       [-122.404001, 37.706462],
       [-122.403897, 37.706591]
      ]
     ],
     [
      [
       [-122.404246, 37.705607],
       [-122.40425, 37.705735],
       [-122.404223, 37.705756],
       [-122.404225, 37.70582],
       [-122.404172, 37.705821],
       [-122.404144, 37.7058],
       [-122.404091, 37.705801],
       [-122.404063, 37.70578],
       [-122.40401, 37.705781],
       [-122.403955, 37.705739],
       [-122.403875, 37.705741],
       [-122.403848, 37.70572],
       [-122.403794, 37.705721],
       [-122.403794, 37.7057],
       [-122.403766, 37.705679],
       [-122.403686, 37.70568],
       [-122.403659, 37.705659],
       [-122.403578, 37.705661],
       [-122.403497, 37.705619],
       [-122.403443, 37.70562],
       [-122.403416, 37.705599],
       [-122.403389, 37.7056],
       [-122.403388, 37.705536],
       [-122.40336, 37.705515],
       [-122.403359, 37.705451],
       [-122.40341, 37.705387],
       [-122.403408, 37.70528],
       [-122.40346, 37.705216],
       [-122.403457, 37.705131],
       [-122.403509, 37.705066],
       [-122.403505, 37.704917],
       [-122.403531, 37.704895],
       [-122.403531, 37.704874],
       [-122.403611, 37.704873],
       [-122.403693, 37.704914],
       [-122.403773, 37.704913],
       [-122.403963, 37.704995],
       [-122.40407, 37.704993],
       [-122.404097, 37.705014],
       [-122.40415, 37.705013],
       [-122.404232, 37.705054],
       [-122.404285, 37.705053],
       [-122.404367, 37.705094],
       [-122.404394, 37.705094],
       [-122.404396, 37.7052],
       [-122.404344, 37.705244],
       [-122.404345, 37.705286],
       [-122.404319, 37.705308],
       [-122.404322, 37.705436],
       [-122.404296, 37.705457],
       [-122.404298, 37.705521],
       [-122.404271, 37.705543],
       [-122.404273, 37.705585],
       [-122.404246, 37.705607]
      ]
     ],
     [
      [
       [-122.4046, 37.704814],
       [-122.404574, 37.704814],
       [-122.404547, 37.704836],
       [-122.404549, 37.7049],
       [-122.404469, 37.704901],
       [-122.404387, 37.70486],
       [-122.404253, 37.704841],
       [-122.404118, 37.704779],
       [-122.404064, 37.70478],
       [-122.403955, 37.704718],
       [-122.403848, 37.70472],
       [-122.403821, 37.704699],
       [-122.403767, 37.7047],
       [-122.403713, 37.704658],
       [-122.403686, 37.704659],
       [-122.403659, 37.704638],
       [-122.403655, 37.704511],
       [-122.403681, 37.704489],
       [-122.403679, 37.704382],
       [-122.403731, 37.704318],
       [-122.40373, 37.704297],
       [-122.403756, 37.704275],
       [-122.404051, 37.70427],
       [-122.404078, 37.704291],
       [-122.404131, 37.70429],
       [-122.404159, 37.704311],
       [-122.40448, 37.704305],
       [-122.404507, 37.704326],
       [-122.404561, 37.704325],
       [-122.404588, 37.704346],
       [-122.404749, 37.704344],
       [-122.404776, 37.704364],
       [-122.40483, 37.704363],
       [-122.404831, 37.704427],
       [-122.404779, 37.704471],
       [-122.40478, 37.704534],
       [-122.404677, 37.704664],
       [-122.404653, 37.704771],
       [-122.4046, 37.704814]
      ]
     ],
     [
      [
       [-122.405601, 37.701117],
       [-122.405548, 37.701118],
       [-122.405522, 37.70114],
       [-122.405441, 37.701141],
       [-122.405414, 37.70112],
       [-122.405307, 37.701122],
       [-122.40528, 37.701101],
       [-122.405092, 37.701104],
       [-122.405065, 37.701083],
       [-122.404075, 37.7011],
       [-122.404047, 37.701079],
       [-122.403806, 37.701083],
       [-122.40379, 37.700466],
       [-122.403817, 37.700445],
       [-122.403808, 37.700126],
       [-122.403834, 37.700104],
       [-122.403834, 37.700083],
       [-122.404021, 37.70008],
       [-122.404047, 37.700058],
       [-122.405038, 37.700041],
       [-122.405039, 37.700105],
       [-122.405067, 37.700126],
       [-122.405069, 37.700211],
       [-122.405096, 37.700232],
       [-122.405097, 37.700274],
       [-122.405125, 37.700295],
       [-122.405126, 37.700359],
       [-122.405154, 37.70038],
       [-122.405155, 37.700422],
       [-122.40521, 37.700485],
       [-122.405239, 37.700591],
       [-122.405294, 37.700633],
       [-122.405322, 37.700696],
       [-122.405432, 37.70078],
       [-122.405432, 37.700801],
       [-122.405624, 37.700968],
       [-122.405626, 37.701053],
       [-122.4056, 37.701075],
       [-122.405601, 37.701117]
      ]
     ],
     [
      [
       [-122.405786, 37.702029],
       [-122.405708, 37.702115],
       [-122.405547, 37.702118],
       [-122.40552, 37.702097],
       [-122.405332, 37.7021],
       [-122.405251, 37.702059],
       [-122.405037, 37.702062],
       [-122.40501, 37.702042],
       [-122.4041, 37.702057],
       [-122.404072, 37.702036],
       [-122.403965, 37.702038],
       [-122.403939, 37.702059],
       [-122.403832, 37.702061],
       [-122.403832, 37.70204],
       [-122.403804, 37.702019],
       [-122.403796, 37.701721],
       [-122.403823, 37.7017],
       [-122.403813, 37.701317],
       [-122.404107, 37.701312],
       [-122.404133, 37.70129],
       [-122.404535, 37.701284],
       [-122.404562, 37.701304],
       [-122.404696, 37.701302],
       [-122.404722, 37.701281],
       [-122.404829, 37.701279],
       [-122.404856, 37.7013],
       [-122.404963, 37.701298],
       [-122.40499, 37.701276],
       [-122.405123, 37.701274],
       [-122.405151, 37.701295],
       [-122.405338, 37.701292],
       [-122.405364, 37.70127],
       [-122.405552, 37.701267],
       [-122.405553, 37.701309],
       [-122.405527, 37.701331],
       [-122.405529, 37.701437],
       [-122.405612, 37.701542],
       [-122.405615, 37.701627],
       [-122.405588, 37.701649],
       [-122.405591, 37.701755],
       [-122.405619, 37.701776],
       [-122.40562, 37.701819],
       [-122.405647, 37.70184],
       [-122.405648, 37.701861],
       [-122.405785, 37.701986],
       [-122.405786, 37.702029]
      ]
     ],
     [
      [
       [-122.405384, 37.703035],
       [-122.40533, 37.703036],
       [-122.405304, 37.703058],
       [-122.405224, 37.703059],
       [-122.405196, 37.703038],
       [-122.405089, 37.70304],
       [-122.405062, 37.703019],
       [-122.404527, 37.703028],
       [-122.404499, 37.703007],
       [-122.403884, 37.703018],
       [-122.403857, 37.702997],
       [-122.40383, 37.702997],
       [-122.403811, 37.702295],
       [-122.403838, 37.702274],
       [-122.404881, 37.702257],
       [-122.404909, 37.702277],
       [-122.405096, 37.702274],
       [-122.405123, 37.702295],
       [-122.405257, 37.702293],
       [-122.405285, 37.702314],
       [-122.405445, 37.702311],
       [-122.405472, 37.702332],
       [-122.405553, 37.70233],
       [-122.40558, 37.702351],
       [-122.405607, 37.702351],
       [-122.405634, 37.702372],
       [-122.40564, 37.702584],
       [-122.405614, 37.702606],
       [-122.405615, 37.70267],
       [-122.405563, 37.702735],
       [-122.405539, 37.702841],
       [-122.405487, 37.702885],
       [-122.405488, 37.702927],
       [-122.405462, 37.702949],
       [-122.405462, 37.70297],
       [-122.405384, 37.703035]
      ]
     ],
     [
      [
       [-122.405084, 37.70387],
       [-122.405058, 37.703892],
       [-122.40506, 37.703955],
       [-122.405034, 37.703977],
       [-122.40498, 37.703978],
       [-122.404953, 37.703957],
       [-122.404872, 37.703959],
       [-122.404845, 37.703938],
       [-122.404765, 37.703939],
       [-122.404738, 37.703918],
       [-122.404657, 37.70392],
       [-122.40463, 37.703899],
       [-122.404389, 37.703903],
       [-122.404362, 37.703882],
       [-122.404255, 37.703884],
       [-122.404227, 37.703863],
       [-122.403879, 37.703869],
       [-122.403852, 37.703848],
       [-122.403825, 37.703848],
       [-122.40381, 37.703253],
       [-122.403836, 37.703231],
       [-122.40488, 37.703214],
       [-122.404907, 37.703235],
       [-122.404987, 37.703233],
       [-122.405015, 37.703254],
       [-122.405202, 37.703251],
       [-122.405229, 37.703272],
       [-122.40523, 37.703314],
       [-122.405179, 37.703379],
       [-122.40518, 37.703422],
       [-122.405154, 37.703443],
       [-122.405155, 37.703507],
       [-122.405129, 37.703529],
       [-122.405132, 37.703656],
       [-122.405106, 37.703678],
       [-122.405108, 37.703742],
       [-122.405082, 37.703764],
       [-122.405084, 37.70387]
      ]
     ],
     [
      [
       [-122.405273, 37.707994],
       [-122.405191, 37.707953],
       [-122.405031, 37.707955],
       [-122.405004, 37.707935],
       [-122.40495, 37.707935],
       [-122.404923, 37.707915],
       [-122.404816, 37.707916],
       [-122.404788, 37.707896],
       [-122.404681, 37.707897],
       [-122.404681, 37.707876],
       [-122.404599, 37.707814],
       [-122.404492, 37.707815],
       [-122.404464, 37.707795],
       [-122.404384, 37.707796],
       [-122.404381, 37.707668],
       [-122.404353, 37.707647],
       [-122.404273, 37.707649],
       [-122.404218, 37.707607],
       [-122.404217, 37.707543],
       [-122.404243, 37.707522],
       [-122.404242, 37.7075],
       [-122.404348, 37.707435],
       [-122.404347, 37.707414],
       [-122.4044, 37.70737],
       [-122.404399, 37.707349],
       [-122.404477, 37.707262],
       [-122.404477, 37.707241],
       [-122.404503, 37.707241],
       [-122.40453, 37.707219],
       [-122.404583, 37.707218],
       [-122.40461, 37.707239],
       [-122.404691, 37.707238],
       [-122.404799, 37.7073],
       [-122.404853, 37.707299],
       [-122.40488, 37.70732],
       [-122.404961, 37.707318],
       [-122.405042, 37.70736],
       [-122.405176, 37.707379],
       [-122.405258, 37.70742],
       [-122.405392, 37.707418],
       [-122.405471, 37.707374],
       [-122.405467, 37.707246],
       [-122.405385, 37.707184],
       [-122.405305, 37.707185],
       [-122.405142, 37.707103],
       [-122.405009, 37.707105],
       [-122.404873, 37.707043],
       [-122.404819, 37.707044],
       [-122.404792, 37.707023],
       [-122.404739, 37.707024],
       [-122.404711, 37.707003],
       [-122.404685, 37.707004],
       [-122.404683, 37.706961],
       [-122.40471, 37.70694],
       [-122.404708, 37.706876],
       [-122.404734, 37.706854],
       [-122.404731, 37.706726],
       [-122.404704, 37.706706],
       [-122.40465, 37.706707],
       [-122.404649, 37.706664],
       [-122.404701, 37.706621],
       [-122.404701, 37.706599],
       [-122.404781, 37.706598],
       [-122.404807, 37.706576],
       [-122.404806, 37.706534],
       [-122.404832, 37.706512],
       [-122.404831, 37.706448],
       [-122.404857, 37.706427],
       [-122.404881, 37.70632],
       [-122.404907, 37.706298],
       [-122.405014, 37.706296],
       [-122.405041, 37.706317],
       [-122.405095, 37.706316],
       [-122.40515, 37.706358],
       [-122.405203, 37.706357],
       [-122.40523, 37.706378],
       [-122.405311, 37.706376],
       [-122.405338, 37.706397],
       [-122.405365, 37.706397],
       [-122.405365, 37.706418],
       [-122.405393, 37.706439],
       [-122.405527, 37.706437],
       [-122.405554, 37.706458],
       [-122.405635, 37.706477],
       [-122.40569, 37.70654],
       [-122.405824, 37.706538],
       [-122.40585, 37.706516],
       [-122.405849, 37.706474],
       [-122.405875, 37.706452],
       [-122.405872, 37.706346],
       [-122.40579, 37.706283],
       [-122.405764, 37.706284],
       [-122.405736, 37.706263],
       [-122.405656, 37.706264],
       [-122.405466, 37.706182],
       [-122.405386, 37.706184],
       [-122.405385, 37.706163],
       [-122.405358, 37.706142],
       [-122.405251, 37.706143],
       [-122.405224, 37.706123],
       [-122.40517, 37.706124],
       [-122.405089, 37.706082],
       [-122.405086, 37.705976],
       [-122.405112, 37.705954],
       [-122.405112, 37.705933],
       [-122.405242, 37.705803],
       [-122.405241, 37.705761],
       [-122.405293, 37.705696],
       [-122.405318, 37.705632],
       [-122.405345, 37.705631],
       [-122.405371, 37.70561],
       [-122.405367, 37.705461],
       [-122.405393, 37.705439],
       [-122.405393, 37.705418],
       [-122.405527, 37.705416],
       [-122.405554, 37.705436],
       [-122.405607, 37.705436],
       [-122.405608, 37.705457],
       [-122.405635, 37.705478],
       [-122.405662, 37.705477],
       [-122.405689, 37.705498],
       [-122.405823, 37.705496],
       [-122.405986, 37.705578],
       [-122.406227, 37.705574],
       [-122.406279, 37.705531],
       [-122.406276, 37.705424],
       [-122.406222, 37.705383],
       [-122.406168, 37.705384],
       [-122.406114, 37.705342],
       [-122.40606, 37.705343],
       [-122.406033, 37.705322],
       [-122.405898, 37.705303],
       [-122.405871, 37.705282],
       [-122.405791, 37.705284],
       [-122.405601, 37.705202],
       [-122.405548, 37.705203],
       [-122.40552, 37.705182],
       [-122.405494, 37.705182],
       [-122.405489, 37.705012],
       [-122.405541, 37.704947],
       [-122.405538, 37.70482],
       [-122.40559, 37.704755],
       [-122.405587, 37.704649],
       [-122.405613, 37.704627],
       [-122.405612, 37.704585],
       [-122.405638, 37.704563],
       [-122.405636, 37.704499],
       [-122.405717, 37.704498],
       [-122.405825, 37.70456],
       [-122.405879, 37.704559],
       [-122.405906, 37.70458],
       [-122.40604, 37.704577],
       [-122.406121, 37.704619],
       [-122.406202, 37.704617],
       [-122.406283, 37.704658],
       [-122.406337, 37.704658],
       [-122.406364, 37.704678],
       [-122.406444, 37.704677],
       [-122.406472, 37.704698],
       [-122.406525, 37.704697],
       [-122.406552, 37.704718],
       [-122.406744, 37.704715],
       [-122.405273, 37.707994]
      ]
     ],
     [
      [
       [-122.40781, 37.702656],
       [-122.407098, 37.703964],
       [-122.40684, 37.7045],
       [-122.406788, 37.704501],
       [-122.406784, 37.704352],
       [-122.406729, 37.704311],
       [-122.406622, 37.704313],
       [-122.406568, 37.704271],
       [-122.406434, 37.704273],
       [-122.406298, 37.704212],
       [-122.406245, 37.704212],
       [-122.406217, 37.704192],
       [-122.406164, 37.704192],
       [-122.406137, 37.704172],
       [-122.406056, 37.704173],
       [-122.405975, 37.704132],
       [-122.405841, 37.704134],
       [-122.405838, 37.704028],
       [-122.405916, 37.703941],
       [-122.405941, 37.703877],
       [-122.405994, 37.703834],
       [-122.405993, 37.703791],
       [-122.406045, 37.703726],
       [-122.406043, 37.703663],
       [-122.406069, 37.703641],
       [-122.406068, 37.703598],
       [-122.406094, 37.703577],
       [-122.406093, 37.703534],
       [-122.406119, 37.703512],
       [-122.406118, 37.70347],
       [-122.406198, 37.703469],
       [-122.406226, 37.703489],
       [-122.406279, 37.703489],
       [-122.406307, 37.703509],
       [-122.406441, 37.703528],
       [-122.406576, 37.70359],
       [-122.40663, 37.703589],
       [-122.406657, 37.70361],
       [-122.406764, 37.703608],
       [-122.406792, 37.703629],
       [-122.406845, 37.703628],
       [-122.4069, 37.70367],
       [-122.407114, 37.703666],
       [-122.407166, 37.703623],
       [-122.407163, 37.703495],
       [-122.407136, 37.703474],
       [-122.407082, 37.703475],
       [-122.407001, 37.703434],
       [-122.406894, 37.703436],
       [-122.406866, 37.703415],
       [-122.406813, 37.703416],
       [-122.406786, 37.703395],
       [-122.406732, 37.703396],
       [-122.406623, 37.703334],
       [-122.406516, 37.703336],
       [-122.406489, 37.703315],
       [-122.406409, 37.703316],
       [-122.406327, 37.703275],
       [-122.406274, 37.703276],
       [-122.406192, 37.703235],
       [-122.406188, 37.703065],
       [-122.406214, 37.703043],
       [-122.406211, 37.702937],
       [-122.406289, 37.70285],
       [-122.406288, 37.702786],
       [-122.406366, 37.7027],
       [-122.406365, 37.702679],
       [-122.406418, 37.702635],
       [-122.406416, 37.702593],
       [-122.406443, 37.702592],
       [-122.406469, 37.702571],
       [-122.40663, 37.702568],
       [-122.406657, 37.702589],
       [-122.406711, 37.702588],
       [-122.406738, 37.702609],
       [-122.406792, 37.702608],
       [-122.406927, 37.702669],
       [-122.407007, 37.702668],
       [-122.407035, 37.702689],
       [-122.407115, 37.702688],
       [-122.407142, 37.702708],
       [-122.407196, 37.702707],
       [-122.407277, 37.702749],
       [-122.407412, 37.702768],
       [-122.407493, 37.702809],
       [-122.4076, 37.702807],
       [-122.407678, 37.702699],
       [-122.407675, 37.702614],
       [-122.407648, 37.702594],
       [-122.407568, 37.702595],
       [-122.407486, 37.702554],
       [-122.407433, 37.702555],
       [-122.407351, 37.702513],
       [-122.407298, 37.702514],
       [-122.407271, 37.702494],
       [-122.407164, 37.702495],
       [-122.406974, 37.702413],
       [-122.40684, 37.702416],
       [-122.406759, 37.702374],
       [-122.406705, 37.702375],
       [-122.406624, 37.702334],
       [-122.406623, 37.702313],
       [-122.406596, 37.702292],
       [-122.406595, 37.702249],
       [-122.406673, 37.702184],
       [-122.4067, 37.702184],
       [-122.406726, 37.702162],
       [-122.406833, 37.70216],
       [-122.40686, 37.702139],
       [-122.406913, 37.702138],
       [-122.406939, 37.702116],
       [-122.407019, 37.702093],
       [-122.407256, 37.701919],
       [-122.407255, 37.701898],
       [-122.407385, 37.701768],
       [-122.407439, 37.701767],
       [-122.40752, 37.701809],
       [-122.407601, 37.701807],
       [-122.407628, 37.701828],
       [-122.407708, 37.701827],
       [-122.407817, 37.701889],
       [-122.407871, 37.701888],
       [-122.407898, 37.701909],
       [-122.408032, 37.701907],
       [-122.408058, 37.701885],
       [-122.408057, 37.701842],
       [-122.408084, 37.701842],
       [-122.40811, 37.70182],
       [-122.408107, 37.701714],
       [-122.40808, 37.701693],
       [-122.408026, 37.701694],
       [-122.407999, 37.701673],
       [-122.407945, 37.701674],
       [-122.407918, 37.701653],
       [-122.407864, 37.701654],
       [-122.407837, 37.701633],
       [-122.407784, 37.701634],
       [-122.407756, 37.701613],
       [-122.407676, 37.701615],
       [-122.407649, 37.701594],
       [-122.407595, 37.701595],
       [-122.407568, 37.701574],
       [-122.407541, 37.701574],
       [-122.407459, 37.701512],
       [-122.407452, 37.701257],
       [-122.407425, 37.701236],
       [-122.407345, 37.701237],
       [-122.407341, 37.70111],
       [-122.407287, 37.701068],
       [-122.407284, 37.700962],
       [-122.407201, 37.700857],
       [-122.40712, 37.700837],
       [-122.406983, 37.700733],
       [-122.406957, 37.700733],
       [-122.406875, 37.700692],
       [-122.406822, 37.700693],
       [-122.406794, 37.700672],
       [-122.406714, 37.700673],
       [-122.406687, 37.700652],
       [-122.406633, 37.700653],
       [-122.406606, 37.700632],
       [-122.406312, 37.700637],
       [-122.406257, 37.700596],
       [-122.406256, 37.700553],
       [-122.406228, 37.700532],
       [-122.406228, 37.700511],
       [-122.406201, 37.70049],
       [-122.406174, 37.700491],
       [-122.406037, 37.700387],
       [-122.405981, 37.700281],
       [-122.405926, 37.700239],
       [-122.405925, 37.700197],
       [-122.405898, 37.700176],
       [-122.405897, 37.700134],
       [-122.405869, 37.700113],
       [-122.405868, 37.70007],
       [-122.405895, 37.700049],
       [-122.405975, 37.700047],
       [-122.406001, 37.700026],
       [-122.407152, 37.700006],
       [-122.407152, 37.700028],
       [-122.407234, 37.70009],
       [-122.407237, 37.700197],
       [-122.407264, 37.700217],
       [-122.407266, 37.70026],
       [-122.407293, 37.700281],
       [-122.407294, 37.700323],
       [-122.407349, 37.700386],
       [-122.407352, 37.700492],
       [-122.407379, 37.700513],
       [-122.40738, 37.700556],
       [-122.407435, 37.700597],
       [-122.407436, 37.70064],
       [-122.407463, 37.700661],
       [-122.407467, 37.700788],
       [-122.407494, 37.700809],
       [-122.407497, 37.700916],
       [-122.407524, 37.700936],
       [-122.407551, 37.700936],
       [-122.407554, 37.701042],
       [-122.407581, 37.701063],
       [-122.407661, 37.701062],
       [-122.407662, 37.701083],
       [-122.407689, 37.701104],
       [-122.40785, 37.701101],
       [-122.407876, 37.701079],
       [-122.40801, 37.701077],
       [-122.408037, 37.701098],
       [-122.408171, 37.701096],
       [-122.408197, 37.701074],
       [-122.408195, 37.700989],
       [-122.408267, 37.700988],
       [-122.408276, 37.701138],
       [-122.408248, 37.70145],
       [-122.408188, 37.701757],
       [-122.408037, 37.702207],
       [-122.40781, 37.702656]
      ]
     ]
    ]
   }
  },
  {
   "type": "Feature",
   "properties": {
    "kind": "zone",
    "category": "commercial",
    "label": "High density commercial",
    "source": "traced: 2026 Staff-Recommended Baylands Specific Plan (City of Brisbane, May 14, 2026), Chapter 2, Land Use Program and Definitions, Figure 2.3.1, Land Use Plan, p. 2-9 (PDF p. 10)",
    "note": "Draft specific plan land use, not yet adopted. Transit-oriented commercial and hotel buildings up to 270 ft near the Bayshore Caltrain station; minimum average FAR 3.5. The plan's 500,000 sq ft of hotel goes here (Sec. 2.4.2, p. 2-12). Mapped to commercial: office, hotel and retail together. About 2.0 acres as drawn.",
    "stage": "entitlement"
   },
   "geometry": {
    "type": "MultiPolygon",
    "coordinates": [
     [
      [
       [-122.402019, 37.706431],
       [-122.402046, 37.706452],
       [-122.4021, 37.706451],
       [-122.402102, 37.706536],
       [-122.402129, 37.706557],
       [-122.402236, 37.706555],
       [-122.402318, 37.706596],
       [-122.402371, 37.706595],
       [-122.402398, 37.706616],
       [-122.402425, 37.706616],
       [-122.40248, 37.706657],
       [-122.402587, 37.706656],
       [-122.402614, 37.706676],
       [-122.402616, 37.706761],
       [-122.402538, 37.706827],
       [-122.402539, 37.706869],
       [-122.402513, 37.706891],
       [-122.402516, 37.707018],
       [-122.40249, 37.70704],
       [-122.402492, 37.707104],
       [-122.402439, 37.707147],
       [-122.402442, 37.707254],
       [-122.402416, 37.707275],
       [-122.402418, 37.70736],
       [-122.402365, 37.707404],
       [-122.402369, 37.707531],
       [-122.402343, 37.707553],
       [-122.402289, 37.707554],
       [-122.402262, 37.707533],
       [-122.402101, 37.707536],
       [-122.402075, 37.707557],
       [-122.402083, 37.707876],
       [-122.40203, 37.707877],
       [-122.40199, 37.707847],
       [-122.401991, 37.706431],
       [-122.402019, 37.706431]
      ]
     ],
     [
      [
       [-122.403292, 37.708027],
       [-122.403239, 37.708028],
       [-122.403157, 37.707965],
       [-122.403076, 37.707945],
       [-122.402967, 37.707862],
       [-122.40294, 37.707862],
       [-122.402804, 37.707779],
       [-122.40267, 37.707782],
       [-122.402644, 37.707803],
       [-122.402646, 37.707888],
       [-122.402592, 37.707889],
       [-122.402565, 37.707868],
       [-122.402512, 37.707869],
       [-122.402484, 37.707849],
       [-122.402404, 37.70785],
       [-122.402377, 37.707829],
       [-122.402323, 37.70783],
       [-122.402322, 37.707787],
       [-122.402401, 37.707744],
       [-122.402535, 37.707741],
       [-122.402562, 37.707762],
       [-122.402669, 37.70776],
       [-122.402696, 37.707739],
       [-122.402694, 37.707675],
       [-122.402746, 37.707631],
       [-122.40277, 37.707525],
       [-122.402796, 37.707503],
       [-122.402877, 37.707502],
       [-122.402958, 37.707543],
       [-122.403012, 37.707542],
       [-122.403093, 37.707583],
       [-122.403228, 37.707602],
       [-122.403309, 37.707643],
       [-122.403389, 37.707642],
       [-122.403417, 37.707663],
       [-122.40347, 37.707662],
       [-122.403471, 37.707683],
       [-122.403498, 37.707704],
       [-122.403525, 37.707704],
       [-122.403552, 37.707725],
       [-122.403606, 37.707724],
       [-122.403633, 37.707744],
       [-122.403637, 37.707893],
       [-122.403664, 37.707914],
       [-122.403691, 37.707914],
       [-122.403692, 37.707956],
       [-122.403398, 37.707961],
       [-122.403292, 37.708027]
      ]
     ]
    ]
   }
  },
  {
   "type": "Feature",
   "properties": {
    "kind": "zone",
    "category": "office",
    "label": "Mid density commercial",
    "source": "traced: 2026 Staff-Recommended Baylands Specific Plan (City of Brisbane, May 14, 2026), Chapter 2, Land Use Program and Definitions, Figure 2.3.1, Land Use Plan, p. 2-9 (PDF p. 10)",
    "note": "Draft specific plan land use, not yet adopted. Office, laboratory and R&D campus buildings up to 100 ft (low-rise) or 150 ft (mid-rise); minimum average FAR 1.25 (Sec. 2.4.2, p. 2-12). Mapped to office. About 44.7 acres as drawn.",
    "stage": "entitlement"
   },
   "geometry": {
    "type": "MultiPolygon",
    "coordinates": [
     [
      [
       [-122.403475, 37.699663],
       [-122.403479, 37.699812],
       [-122.402221, 37.699833],
       [-122.402193, 37.699812],
       [-122.402182, 37.699387],
       [-122.402209, 37.699365],
       [-122.40219, 37.698642],
       [-122.402216, 37.69862],
       [-122.402212, 37.698471],
       [-122.402185, 37.698451],
       [-122.402051, 37.698453],
       [-122.402049, 37.698389],
       [-122.402183, 37.698387],
       [-122.402209, 37.698365],
       [-122.402208, 37.698301],
       [-122.402234, 37.69828],
       [-122.402796, 37.69827],
       [-122.402822, 37.698249],
       [-122.402982, 37.698246],
       [-122.403009, 37.698224],
       [-122.403223, 37.698221],
       [-122.40325, 37.698242],
       [-122.403705, 37.698234],
       [-122.403814, 37.698317],
       [-122.403948, 37.698315],
       [-122.404001, 37.698272],
       [-122.404, 37.69825],
       [-122.404214, 37.698247],
       [-122.404266, 37.698203],
       [-122.404264, 37.698118],
       [-122.404182, 37.698056],
       [-122.404075, 37.698058],
       [-122.404049, 37.698079],
       [-122.40405, 37.698101],
       [-122.403996, 37.698102],
       [-122.403914, 37.698039],
       [-122.403058, 37.698053],
       [-122.403032, 37.698075],
       [-122.402978, 37.698076],
       [-122.402951, 37.698055],
       [-122.40263, 37.69806],
       [-122.402602, 37.698039],
       [-122.402228, 37.698046],
       [-122.4022, 37.698025],
       [-122.402197, 37.697897],
       [-122.402223, 37.697876],
       [-122.402195, 37.696812],
       [-122.402168, 37.696792],
       [-122.402061, 37.696793],
       [-122.402059, 37.69673],
       [-122.402193, 37.696727],
       [-122.402219, 37.696706],
       [-122.402217, 37.696621],
       [-122.40219, 37.6966],
       [-122.402184, 37.696366],
       [-122.402156, 37.696345],
       [-122.402076, 37.696346],
       [-122.402074, 37.696261],
       [-122.402181, 37.696259],
       [-122.402207, 37.696238],
       [-122.402193, 37.695706],
       [-122.402219, 37.695684],
       [-122.402214, 37.695493],
       [-122.402187, 37.695472],
       [-122.402053, 37.695474],
       [-122.402047, 37.695241],
       [-122.402073, 37.695219],
       [-122.402154, 37.695218],
       [-122.402206, 37.695174],
       [-122.402199, 37.694898],
       [-122.402278, 37.694854],
       [-122.40284, 37.694845],
       [-122.402866, 37.694823],
       [-122.402946, 37.694821],
       [-122.402947, 37.694843],
       [-122.402974, 37.694864],
       [-122.402975, 37.694906],
       [-122.403085, 37.694989],
       [-122.403085, 37.695011],
       [-122.403277, 37.695178],
       [-122.403334, 37.695304],
       [-122.403471, 37.69543],
       [-122.403555, 37.695577],
       [-122.40361, 37.695619],
       [-122.403611, 37.695661],
       [-122.403666, 37.695703],
       [-122.403667, 37.695767],
       [-122.403695, 37.695788],
       [-122.403695, 37.695809],
       [-122.40375, 37.695851],
       [-122.403778, 37.695914],
       [-122.403805, 37.695935],
       [-122.403807, 37.695977],
       [-122.403889, 37.696061],
       [-122.403892, 37.696189],
       [-122.40392, 37.696209],
       [-122.403946, 37.696209],
       [-122.403949, 37.696315],
       [-122.404059, 37.696399],
       [-122.404085, 37.696398],
       [-122.404113, 37.696419],
       [-122.404115, 37.696504],
       [-122.404089, 37.696526],
       [-122.404091, 37.696632],
       [-122.404119, 37.696653],
       [-122.404226, 37.696651],
       [-122.404253, 37.696672],
       [-122.40428, 37.696672],
       [-122.404281, 37.696714],
       [-122.404255, 37.696736],
       [-122.404257, 37.696821],
       [-122.404284, 37.696842],
       [-122.404286, 37.696905],
       [-122.404341, 37.696947],
       [-122.404344, 37.697075],
       [-122.404371, 37.697095],
       [-122.404372, 37.697138],
       [-122.4044, 37.697159],
       [-122.404401, 37.697223],
       [-122.404429, 37.697243],
       [-122.40443, 37.697307],
       [-122.404458, 37.697328],
       [-122.404461, 37.697434],
       [-122.404488, 37.697455],
       [-122.40449, 37.697519],
       [-122.404517, 37.69754],
       [-122.404518, 37.697582],
       [-122.404545, 37.697603],
       [-122.404548, 37.697709],
       [-122.404575, 37.69773],
       [-122.404577, 37.697794],
       [-122.404604, 37.697815],
       [-122.404608, 37.697942],
       [-122.404635, 37.697963],
       [-122.40464, 37.698155],
       [-122.404613, 37.698155],
       [-122.404587, 37.698177],
       [-122.404453, 37.698179],
       [-122.404427, 37.698201],
       [-122.404432, 37.698371],
       [-122.404405, 37.698393],
       [-122.404381, 37.698499],
       [-122.404329, 37.698543],
       [-122.40433, 37.698585],
       [-122.404251, 37.69865],
       [-122.404252, 37.698672],
       [-122.404226, 37.698693],
       [-122.404227, 37.698736],
       [-122.404173, 37.698737],
       [-122.404147, 37.698759],
       [-122.404148, 37.69878],
       [-122.404069, 37.698845],
       [-122.404073, 37.698994],
       [-122.404021, 37.699037],
       [-122.40386, 37.69904],
       [-122.403781, 37.699105],
       [-122.403755, 37.699105],
       [-122.4036, 37.699321],
       [-122.403603, 37.699448],
       [-122.40363, 37.699469],
       [-122.403844, 37.699466],
       [-122.403872, 37.699486],
       [-122.403925, 37.699485],
       [-122.403953, 37.699506],
       [-122.403954, 37.699549],
       [-122.403849, 37.699636],
       [-122.403795, 37.699637],
       [-122.403795, 37.699615],
       [-122.40374, 37.699574],
       [-122.403633, 37.699575],
       [-122.403607, 37.699597],
       [-122.403553, 37.699598],
       [-122.403475, 37.699663]
      ]
     ],
     [
      [
       [-122.403229, 37.704581],
       [-122.403203, 37.704603],
       [-122.402293, 37.704618],
       [-122.402265, 37.704597],
       [-122.402185, 37.704599],
       [-122.402176, 37.704258],
       [-122.40239, 37.704255],
       [-122.402416, 37.704233],
       [-122.403192, 37.70422],
       [-122.40322, 37.704241],
       [-122.403354, 37.704239],
       [-122.403381, 37.70426],
       [-122.403382, 37.704302],
       [-122.403356, 37.704324],
       [-122.403358, 37.704409],
       [-122.403332, 37.704431],
       [-122.403333, 37.704473],
       [-122.403307, 37.704495],
       [-122.403309, 37.70458],
       [-122.403229, 37.704581]
      ]
     ],
     [
      [
       [-122.402301, 37.703916],
       [-122.402275, 37.703938],
       [-122.402194, 37.703939],
       [-122.402192, 37.703854],
       [-122.402218, 37.703832],
       [-122.402202, 37.703216],
       [-122.403112, 37.703201],
       [-122.40314, 37.703221],
       [-122.403461, 37.703216],
       [-122.403464, 37.703344],
       [-122.403491, 37.703364],
       [-122.403495, 37.703513],
       [-122.403469, 37.703535],
       [-122.403477, 37.703854],
       [-122.403183, 37.703859],
       [-122.403156, 37.703838],
       [-122.40238, 37.703851],
       [-122.402327, 37.703894],
       [-122.402328, 37.703916],
       [-122.402301, 37.703916]
      ]
     ],
     [
      [
       [-122.407607, 37.698999],
       [-122.407963, 37.699716],
       [-122.407895, 37.69976],
       [-122.407734, 37.699763],
       [-122.407707, 37.699742],
       [-122.405646, 37.699776],
       [-122.405619, 37.699755],
       [-122.405619, 37.699734],
       [-122.405591, 37.699713],
       [-122.405588, 37.699607],
       [-122.40548, 37.699545],
       [-122.405478, 37.699481],
       [-122.405557, 37.699416],
       [-122.405556, 37.699395],
       [-122.405582, 37.699373],
       [-122.405579, 37.699267],
       [-122.405552, 37.699246],
       [-122.40555, 37.699161],
       [-122.405523, 37.69914],
       [-122.405519, 37.699012],
       [-122.405492, 37.698992],
       [-122.40549, 37.698928],
       [-122.405463, 37.698907],
       [-122.40546, 37.698779],
       [-122.405432, 37.698759],
       [-122.405431, 37.698695],
       [-122.405403, 37.698674],
       [-122.405402, 37.698631],
       [-122.405375, 37.698611],
       [-122.405373, 37.698547],
       [-122.405346, 37.698526],
       [-122.405345, 37.698483],
       [-122.405317, 37.698463],
       [-122.405316, 37.698399],
       [-122.405288, 37.698378],
       [-122.405285, 37.69825],
       [-122.40523, 37.698187],
       [-122.405227, 37.69806],
       [-122.405171, 37.697997],
       [-122.40517, 37.697954],
       [-122.405143, 37.697934],
       [-122.405135, 37.697636],
       [-122.405108, 37.697615],
       [-122.405106, 37.697551],
       [-122.405079, 37.697531],
       [-122.405076, 37.697424],
       [-122.405049, 37.697403],
       [-122.405047, 37.69734],
       [-122.40502, 37.697319],
       [-122.405019, 37.697276],
       [-122.404991, 37.697255],
       [-122.404989, 37.69717],
       [-122.404962, 37.69715],
       [-122.40496, 37.697086],
       [-122.404933, 37.697065],
       [-122.404931, 37.697001],
       [-122.404876, 37.696938],
       [-122.404874, 37.696853],
       [-122.404846, 37.696832],
       [-122.404842, 37.696662],
       [-122.404815, 37.696641],
       [-122.404734, 37.696643],
       [-122.40473, 37.696473],
       [-122.404675, 37.69641],
       [-122.404671, 37.696282],
       [-122.404644, 37.696261],
       [-122.40459, 37.696262],
       [-122.404509, 37.696221],
       [-122.404456, 37.696222],
       [-122.404428, 37.696201],
       [-122.404427, 37.696137],
       [-122.404479, 37.696094],
       [-122.404475, 37.695945],
       [-122.404448, 37.695924],
       [-122.404447, 37.695882],
       [-122.404365, 37.695819],
       [-122.404364, 37.695777],
       [-122.404308, 37.695714],
       [-122.404307, 37.695671],
       [-122.404253, 37.69563],
       [-122.404141, 37.69544],
       [-122.404086, 37.695398],
       [-122.404085, 37.695356],
       [-122.404057, 37.695335],
       [-122.404057, 37.695314],
       [-122.403947, 37.695209],
       [-122.403919, 37.695146],
       [-122.403864, 37.695104],
       [-122.403807, 37.694977],
       [-122.403725, 37.694915],
       [-122.403725, 37.694894],
       [-122.403697, 37.694873],
       [-122.403695, 37.694767],
       [-122.403721, 37.694745],
       [-122.403855, 37.694743],
       [-122.403881, 37.694721],
       [-122.403988, 37.694719],
       [-122.404014, 37.694697],
       [-122.404094, 37.694696],
       [-122.40412, 37.694674],
       [-122.404281, 37.694672],
       [-122.404307, 37.69465],
       [-122.404441, 37.694648],
       [-122.404467, 37.694626],
       [-122.404574, 37.694624],
       [-122.4046, 37.694603],
       [-122.404734, 37.6946],
       [-122.40476, 37.694579],
       [-122.404921, 37.694576],
       [-122.404948, 37.694597],
       [-122.404975, 37.694596],
       [-122.405005, 37.694702],
       [-122.405032, 37.694723],
       [-122.405059, 37.694723],
       [-122.40506, 37.694787],
       [-122.405088, 37.694807],
       [-122.405089, 37.69485],
       [-122.405116, 37.694871],
       [-122.405146, 37.694977],
       [-122.405201, 37.695039],
       [-122.40523, 37.695145],
       [-122.405258, 37.695166],
       [-122.405285, 37.695166],
       [-122.405287, 37.695251],
       [-122.405314, 37.695272],
       [-122.405315, 37.695314],
       [-122.405343, 37.695335],
       [-122.405343, 37.695356],
       [-122.40537, 37.695377],
       [-122.405372, 37.69542],
       [-122.405399, 37.69544],
       [-122.4054, 37.695483],
       [-122.405427, 37.695504],
       [-122.405428, 37.695546],
       [-122.405456, 37.695567],
       [-122.405457, 37.69561],
       [-122.405512, 37.695673],
       [-122.405513, 37.695715],
       [-122.405568, 37.695778],
       [-122.405569, 37.69582],
       [-122.405597, 37.695841],
       [-122.4056, 37.695948],
       [-122.405627, 37.695968],
       [-122.405628, 37.696011],
       [-122.40571, 37.696073],
       [-122.405739, 37.696179],
       [-122.405795, 37.696242],
       [-122.405824, 37.696348],
       [-122.405879, 37.696411],
       [-122.405881, 37.696454],
       [-122.405936, 37.696516],
       [-122.405937, 37.696559],
       [-122.405992, 37.696622],
       [-122.405993, 37.696664],
       [-122.40602, 37.696685],
       [-122.406022, 37.696749],
       [-122.406077, 37.696812],
       [-122.406107, 37.696918],
       [-122.406162, 37.696981],
       [-122.406192, 37.697087],
       [-122.406219, 37.697107],
       [-122.406226, 37.697384],
       [-122.4062, 37.697406],
       [-122.406202, 37.697469],
       [-122.406175, 37.697491],
       [-122.406177, 37.697534],
       [-122.40615, 37.697555],
       [-122.406152, 37.697619],
       [-122.406126, 37.697641],
       [-122.406131, 37.697853],
       [-122.406051, 37.697855],
       [-122.406025, 37.697876],
       [-122.406027, 37.697962],
       [-122.405974, 37.697962],
       [-122.405947, 37.697984],
       [-122.405867, 37.697985],
       [-122.405841, 37.698007],
       [-122.405814, 37.698008],
       [-122.405788, 37.698029],
       [-122.40579, 37.698114],
       [-122.405818, 37.698135],
       [-122.405951, 37.698133],
       [-122.405978, 37.698111],
       [-122.406058, 37.69811],
       [-122.406084, 37.698088],
       [-122.406191, 37.698086],
       [-122.406217, 37.698065],
       [-122.406351, 37.698041],
       [-122.406377, 37.69802],
       [-122.406457, 37.698018],
       [-122.406483, 37.697997],
       [-122.406537, 37.697996],
       [-122.406563, 37.697974],
       [-122.40659, 37.697974],
       [-122.406616, 37.697952],
       [-122.406669, 37.697951],
       [-122.406696, 37.697929],
       [-122.406776, 37.697928],
       [-122.406802, 37.697906],
       [-122.406856, 37.697905],
       [-122.406935, 37.697861],
       [-122.407044, 37.69786],
       [-122.407268, 37.698311],
       [-122.407269, 37.698345],
       [-122.407324, 37.698425],
       [-122.407327, 37.698514],
       [-122.407379, 37.698535],
       [-122.407551, 37.698882],
       [-122.407552, 37.698936],
       [-122.407607, 37.698999]
      ]
     ],
     [
      [
       [-122.406742, 37.697652],
       [-122.406716, 37.697674],
       [-122.406609, 37.697675],
       [-122.406582, 37.697697],
       [-122.406584, 37.69774],
       [-122.406503, 37.697741],
       [-122.406477, 37.697763],
       [-122.406424, 37.697764],
       [-122.406397, 37.697785],
       [-122.406344, 37.697786],
       [-122.406343, 37.697765],
       [-122.406316, 37.697744],
       [-122.406312, 37.697595],
       [-122.406338, 37.697573],
       [-122.406337, 37.697531],
       [-122.406363, 37.697509],
       [-122.406362, 37.697445],
       [-122.406414, 37.697402],
       [-122.406406, 37.697104],
       [-122.406379, 37.697084],
       [-122.406377, 37.69702],
       [-122.406322, 37.696957],
       [-122.406321, 37.696914],
       [-122.406294, 37.696893],
       [-122.406293, 37.696851],
       [-122.406265, 37.69683],
       [-122.406264, 37.696788],
       [-122.406181, 37.696683],
       [-122.406179, 37.696619],
       [-122.406124, 37.696556],
       [-122.406123, 37.696513],
       [-122.406068, 37.69645],
       [-122.406067, 37.696408],
       [-122.406012, 37.696345],
       [-122.40601, 37.696302],
       [-122.405983, 37.696282],
       [-122.405982, 37.696239],
       [-122.405955, 37.696218],
       [-122.405952, 37.696112],
       [-122.405869, 37.696028],
       [-122.405869, 37.696007],
       [-122.405842, 37.695986],
       [-122.40584, 37.695944],
       [-122.405785, 37.695881],
       [-122.405756, 37.695775],
       [-122.4057, 37.695712],
       [-122.405671, 37.695606],
       [-122.405644, 37.695585],
       [-122.405642, 37.695543],
       [-122.405587, 37.69548],
       [-122.405558, 37.695374],
       [-122.405503, 37.695311],
       [-122.405473, 37.695205],
       [-122.405446, 37.695184],
       [-122.405445, 37.695163],
       [-122.405418, 37.695142],
       [-122.405391, 37.695143],
       [-122.405389, 37.695058],
       [-122.405361, 37.695037],
       [-122.405358, 37.694909],
       [-122.405331, 37.694888],
       [-122.40533, 37.694846],
       [-122.405248, 37.694783],
       [-122.405247, 37.694762],
       [-122.40522, 37.694741],
       [-122.405219, 37.694699],
       [-122.405191, 37.694678],
       [-122.405165, 37.694678],
       [-122.405162, 37.694593],
       [-122.405135, 37.694573],
       [-122.405135, 37.694551],
       [-122.405107, 37.69453],
       [-122.40508, 37.694531],
       [-122.405079, 37.694467],
       [-122.405158, 37.694423],
       [-122.405319, 37.694421],
       [-122.405356, 37.694449],
       [-122.405514, 37.694767],
       [-122.405402, 37.69491],
       [-122.405481, 37.695004],
       [-122.405657, 37.695055],
       [-122.405939, 37.695626],
       [-122.405941, 37.695687],
       [-122.405968, 37.695708],
       [-122.405969, 37.69575],
       [-122.406031, 37.695813],
       [-122.406278, 37.696312],
       [-122.40628, 37.696362],
       [-122.406317, 37.696391],
       [-122.406562, 37.69691],
       [-122.406589, 37.69694],
       [-122.406591, 37.696995],
       [-122.406627, 37.697016],
       [-122.40694, 37.697649],
       [-122.406742, 37.697652]
      ]
     ]
    ]
   }
  },
  {
   "type": "Feature",
   "properties": {
    "kind": "zone",
    "category": "office",
    "label": "Low density commercial",
    "source": "traced: 2026 Staff-Recommended Baylands Specific Plan (City of Brisbane, May 14, 2026), Chapter 2, Land Use Program and Definitions, Figure 2.3.1, Land Use Plan, p. 2-9 (PDF p. 10)",
    "note": "Draft specific plan land use, not yet adopted. Campus-style offices up to 100 ft along Sierra Point Parkway; minimum average FAR 0.5 (2.0 within half a mile of the Caltrain station) (Sec. 2.4.2, p. 2-12). Mapped to office. About 71.3 acres as drawn.",
    "stage": "entitlement"
   },
   "geometry": {
    "type": "MultiPolygon",
    "coordinates": [
     [
      [
       [-122.395501, 37.701901],
       [-122.395207, 37.701906],
       [-122.39518, 37.701927],
       [-122.395127, 37.701928],
       [-122.395125, 37.701864],
       [-122.39507, 37.701802],
       [-122.395068, 37.701716],
       [-122.39504, 37.701696],
       [-122.395039, 37.701653],
       [-122.395012, 37.701632],
       [-122.394985, 37.701633],
       [-122.39498, 37.701441],
       [-122.394953, 37.701421],
       [-122.394951, 37.701357],
       [-122.394924, 37.701336],
       [-122.394897, 37.701336],
       [-122.394894, 37.70123],
       [-122.394839, 37.701167],
       [-122.394838, 37.701125],
       [-122.394811, 37.701104],
       [-122.394809, 37.701019],
       [-122.394781, 37.700998],
       [-122.394777, 37.700849],
       [-122.39475, 37.700828],
       [-122.394723, 37.700829],
       [-122.394721, 37.700744],
       [-122.394694, 37.700723],
       [-122.394692, 37.700638],
       [-122.394664, 37.700617],
       [-122.394662, 37.700532],
       [-122.394635, 37.700511],
       [-122.394633, 37.700426],
       [-122.394605, 37.700405],
       [-122.394602, 37.700299],
       [-122.394575, 37.700278],
       [-122.394571, 37.700108],
       [-122.394543, 37.700087],
       [-122.394541, 37.699981],
       [-122.394513, 37.69996],
       [-122.394512, 37.699896],
       [-122.394484, 37.699875],
       [-122.394482, 37.699769],
       [-122.394454, 37.699748],
       [-122.39445, 37.699599],
       [-122.394423, 37.699578],
       [-122.394419, 37.699408],
       [-122.394391, 37.699388],
       [-122.394388, 37.699281],
       [-122.394361, 37.69926],
       [-122.394358, 37.699154],
       [-122.394331, 37.699133],
       [-122.394251, 37.699135],
       [-122.39425, 37.699092],
       [-122.394276, 37.69907],
       [-122.394274, 37.699007],
       [-122.3943, 37.698985],
       [-122.394293, 37.698687],
       [-122.394265, 37.698666],
       [-122.394258, 37.69839],
       [-122.394231, 37.698369],
       [-122.394227, 37.698241],
       [-122.3942, 37.698221],
       [-122.394197, 37.698114],
       [-122.394331, 37.698112],
       [-122.394357, 37.69809],
       [-122.394545, 37.698087],
       [-122.394571, 37.698066],
       [-122.394758, 37.698063],
       [-122.394784, 37.698041],
       [-122.394781, 37.697892],
       [-122.394833, 37.697849],
       [-122.394913, 37.697847],
       [-122.394995, 37.697888],
       [-122.394998, 37.698016],
       [-122.395025, 37.698037],
       [-122.395132, 37.698035],
       [-122.395159, 37.698013],
       [-122.395399, 37.698009],
       [-122.395426, 37.697988],
       [-122.395559, 37.697986],
       [-122.395586, 37.697964],
       [-122.3958, 37.69796],
       [-122.395935, 37.698022],
       [-122.39623, 37.698017],
       [-122.396282, 37.697974],
       [-122.396416, 37.697971],
       [-122.396521, 37.697885],
       [-122.396762, 37.697881],
       [-122.396788, 37.697859],
       [-122.397002, 37.697855],
       [-122.397028, 37.697834],
       [-122.397189, 37.697831],
       [-122.397215, 37.697809],
       [-122.397402, 37.697806],
       [-122.397428, 37.697785],
       [-122.397696, 37.69778],
       [-122.397722, 37.697758],
       [-122.397963, 37.697754],
       [-122.397989, 37.697733],
       [-122.398177, 37.69773],
       [-122.398203, 37.697708],
       [-122.398417, 37.697704],
       [-122.398443, 37.697683],
       [-122.39863, 37.69768],
       [-122.398657, 37.697658],
       [-122.398924, 37.697653],
       [-122.398926, 37.697717],
       [-122.3989, 37.697739],
       [-122.398911, 37.698186],
       [-122.398939, 37.698206],
       [-122.398942, 37.698334],
       [-122.398969, 37.698355],
       [-122.398974, 37.698525],
       [-122.399029, 37.698588],
       [-122.399032, 37.698694],
       [-122.399059, 37.698715],
       [-122.399061, 37.6988],
       [-122.399089, 37.698821],
       [-122.39909, 37.698863],
       [-122.399117, 37.698884],
       [-122.399119, 37.698948],
       [-122.399146, 37.698969],
       [-122.399148, 37.699033],
       [-122.399203, 37.699095],
       [-122.399205, 37.699181],
       [-122.399232, 37.699201],
       [-122.399235, 37.699286],
       [-122.399181, 37.699287],
       [-122.399155, 37.699309],
       [-122.399157, 37.699394],
       [-122.399184, 37.699415],
       [-122.399291, 37.699413],
       [-122.399318, 37.699391],
       [-122.399371, 37.699391],
       [-122.399375, 37.699539],
       [-122.399402, 37.69956],
       [-122.399429, 37.69956],
       [-122.399431, 37.699624],
       [-122.399405, 37.699645],
       [-122.399408, 37.699773],
       [-122.399435, 37.699794],
       [-122.399489, 37.699793],
       [-122.399489, 37.699814],
       [-122.399517, 37.699835],
       [-122.399543, 37.699834],
       [-122.399551, 37.700111],
       [-122.399578, 37.700132],
       [-122.399632, 37.700131],
       [-122.399659, 37.700152],
       [-122.399686, 37.700151],
       [-122.39969, 37.7003],
       [-122.399717, 37.700321],
       [-122.399744, 37.70032],
       [-122.399745, 37.700363],
       [-122.399691, 37.700364],
       [-122.399586, 37.700429],
       [-122.399588, 37.700514],
       [-122.399643, 37.700577],
       [-122.399645, 37.700662],
       [-122.399673, 37.700683],
       [-122.399674, 37.700726],
       [-122.399701, 37.700747],
       [-122.399862, 37.700744],
       [-122.399863, 37.700786],
       [-122.39989, 37.700807],
       [-122.399891, 37.70085],
       [-122.399865, 37.70085],
       [-122.399812, 37.700894],
       [-122.399816, 37.701043],
       [-122.399843, 37.701063],
       [-122.399977, 37.701061],
       [-122.400003, 37.701039],
       [-122.400002, 37.700997],
       [-122.400056, 37.700996],
       [-122.400057, 37.701039],
       [-122.400084, 37.701059],
       [-122.400088, 37.701187],
       [-122.400143, 37.70125],
       [-122.400119, 37.701357],
       [-122.400093, 37.701378],
       [-122.399691, 37.701385],
       [-122.399665, 37.701407],
       [-122.399344, 37.701412],
       [-122.399291, 37.701455],
       [-122.399238, 37.701456],
       [-122.399183, 37.701415],
       [-122.399049, 37.701417],
       [-122.399023, 37.701439],
       [-122.399024, 37.70146],
       [-122.398622, 37.701466],
       [-122.398596, 37.701488],
       [-122.398462, 37.70149],
       [-122.398383, 37.701534],
       [-122.39833, 37.701535],
       [-122.398302, 37.701514],
       [-122.398222, 37.701516],
       [-122.398195, 37.701495],
       [-122.398088, 37.701497],
       [-122.398008, 37.70154],
       [-122.397928, 37.701542],
       [-122.397902, 37.701563],
       [-122.397902, 37.701585],
       [-122.397555, 37.70159],
       [-122.397528, 37.701612],
       [-122.397475, 37.701613],
       [-122.397449, 37.701635],
       [-122.397234, 37.701638],
       [-122.397155, 37.701682],
       [-122.397021, 37.701684],
       [-122.396995, 37.701706],
       [-122.396781, 37.70171],
       [-122.396755, 37.701731],
       [-122.396675, 37.701733],
       [-122.396648, 37.701754],
       [-122.396488, 37.701757],
       [-122.396462, 37.701779],
       [-122.396167, 37.701783],
       [-122.396141, 37.701805],
       [-122.396061, 37.701806],
       [-122.396008, 37.70185],
       [-122.395901, 37.701852],
       [-122.395874, 37.701831],
       [-122.395606, 37.701835],
       [-122.39558, 37.701857],
       [-122.395581, 37.701878],
       [-122.395527, 37.701879],
       [-122.395501, 37.701901]
      ],
      [
       [-122.396401, 37.701524],
       [-122.396562, 37.701522],
       [-122.396588, 37.7015],
       [-122.396585, 37.701394],
       [-122.396531, 37.701352],
       [-122.396397, 37.701354],
       [-122.396371, 37.701376],
       [-122.396374, 37.701504],
       [-122.396401, 37.701524]
      ]
     ],
     [
      [
       [-122.399056, 37.702839],
       [-122.399068, 37.703161],
       [-122.399095, 37.703182],
       [-122.399103, 37.703458],
       [-122.39913, 37.703479],
       [-122.399131, 37.703522],
       [-122.399105, 37.703543],
       [-122.39908, 37.703608],
       [-122.398919, 37.70361],
       [-122.398893, 37.703632],
       [-122.398652, 37.703636],
       [-122.398626, 37.703658],
       [-122.398465, 37.70366],
       [-122.398439, 37.703682],
       [-122.398011, 37.703689],
       [-122.397985, 37.703711],
       [-122.397931, 37.703712],
       [-122.397905, 37.703733],
       [-122.39791, 37.703925],
       [-122.397937, 37.703945],
       [-122.397939, 37.704009],
       [-122.397966, 37.70403],
       [-122.397972, 37.704264],
       [-122.398, 37.704285],
       [-122.398187, 37.704282],
       [-122.398213, 37.70426],
       [-122.398401, 37.704257],
       [-122.398427, 37.704235],
       [-122.398507, 37.704234],
       [-122.398534, 37.704255],
       [-122.398668, 37.704253],
       [-122.398694, 37.704231],
       [-122.399016, 37.704226],
       [-122.399042, 37.704204],
       [-122.399256, 37.7042],
       [-122.399282, 37.704179],
       [-122.399443, 37.704176],
       [-122.399469, 37.704154],
       [-122.399897, 37.704147],
       [-122.399923, 37.704125],
       [-122.399977, 37.704125],
       [-122.400004, 37.704145],
       [-122.400111, 37.704144],
       [-122.400193, 37.704206],
       [-122.400197, 37.704355],
       [-122.40009, 37.704357],
       [-122.400064, 37.704378],
       [-122.40001, 37.704379],
       [-122.40001, 37.704358],
       [-122.399982, 37.704337],
       [-122.399981, 37.704295],
       [-122.399954, 37.704274],
       [-122.399927, 37.704274],
       [-122.399873, 37.704233],
       [-122.399739, 37.704235],
       [-122.399713, 37.704257],
       [-122.399632, 37.704258],
       [-122.399606, 37.70428],
       [-122.399553, 37.70428],
       [-122.399526, 37.704302],
       [-122.399473, 37.704303],
       [-122.399447, 37.704325],
       [-122.399366, 37.704326],
       [-122.39934, 37.704348],
       [-122.399287, 37.704349],
       [-122.39926, 37.70437],
       [-122.399234, 37.704371],
       [-122.399181, 37.704414],
       [-122.399183, 37.704499],
       [-122.399211, 37.70452],
       [-122.399212, 37.704563],
       [-122.399132, 37.704564],
       [-122.399105, 37.704586],
       [-122.399052, 37.704587],
       [-122.399026, 37.704608],
       [-122.398945, 37.70461],
       [-122.398919, 37.704631],
       [-122.39892, 37.704653],
       [-122.398893, 37.704653],
       [-122.398867, 37.704675],
       [-122.398786, 37.704676],
       [-122.39876, 37.704698],
       [-122.398707, 37.704699],
       [-122.398681, 37.70472],
       [-122.398573, 37.704722],
       [-122.398547, 37.704744],
       [-122.398494, 37.704745],
       [-122.398468, 37.704766],
       [-122.398387, 37.704768],
       [-122.398361, 37.704789],
       [-122.398147, 37.704793],
       [-122.398121, 37.704815],
       [-122.398121, 37.704836],
       [-122.398041, 37.704837],
       [-122.398015, 37.704859],
       [-122.397908, 37.704861],
       [-122.397828, 37.704905],
       [-122.397721, 37.704906],
       [-122.397695, 37.704928],
       [-122.397588, 37.70493],
       [-122.397585, 37.704823],
       [-122.397558, 37.704803],
       [-122.397451, 37.704804],
       [-122.397425, 37.704826],
       [-122.397371, 37.704827],
       [-122.397345, 37.704849],
       [-122.397347, 37.704934],
       [-122.397375, 37.704955],
       [-122.397376, 37.704997],
       [-122.397295, 37.704998],
       [-122.397269, 37.70502],
       [-122.397189, 37.705021],
       [-122.397163, 37.705043],
       [-122.397082, 37.705045],
       [-122.397056, 37.705066],
       [-122.396976, 37.705068],
       [-122.39695, 37.705089],
       [-122.396869, 37.705091],
       [-122.396843, 37.705112],
       [-122.396763, 37.705114],
       [-122.396737, 37.705135],
       [-122.396469, 37.70514],
       [-122.396442, 37.705119],
       [-122.396308, 37.705121],
       [-122.396282, 37.705143],
       [-122.396282, 37.705164],
       [-122.396202, 37.705165],
       [-122.396199, 37.705038],
       [-122.396171, 37.705017],
       [-122.396118, 37.705018],
       [-122.396117, 37.704975],
       [-122.396089, 37.704955],
       [-122.396063, 37.704955],
       [-122.396062, 37.704912],
       [-122.396034, 37.704892],
       [-122.396007, 37.704892],
       [-122.396006, 37.70485],
       [-122.396033, 37.704828],
       [-122.39603, 37.704721],
       [-122.395948, 37.704659],
       [-122.395947, 37.704638],
       [-122.39592, 37.704617],
       [-122.395919, 37.704574],
       [-122.395864, 37.704533],
       [-122.395757, 37.704535],
       [-122.395756, 37.704492],
       [-122.395782, 37.70447],
       [-122.39578, 37.704385],
       [-122.395753, 37.704364],
       [-122.395619, 37.704367],
       [-122.395617, 37.704303],
       [-122.395671, 37.704302],
       [-122.395697, 37.70428],
       [-122.395691, 37.704046],
       [-122.395664, 37.704025],
       [-122.395583, 37.704027],
       [-122.395526, 37.7039],
       [-122.395472, 37.703858],
       [-122.395471, 37.703837],
       [-122.395444, 37.703816],
       [-122.395417, 37.703817],
       [-122.395411, 37.703583],
       [-122.395384, 37.703562],
       [-122.395382, 37.703498],
       [-122.395355, 37.703477],
       [-122.395353, 37.703414],
       [-122.395326, 37.703393],
       [-122.395299, 37.703393],
       [-122.395297, 37.703308],
       [-122.395323, 37.703287],
       [-122.39532, 37.70318],
       [-122.395293, 37.703159],
       [-122.395288, 37.702968],
       [-122.395261, 37.702947],
       [-122.395256, 37.702777],
       [-122.395229, 37.702756],
       [-122.395202, 37.702757],
       [-122.395197, 37.702565],
       [-122.395223, 37.702544],
       [-122.395221, 37.702459],
       [-122.395194, 37.702438],
       [-122.39519, 37.702289],
       [-122.395162, 37.702268],
       [-122.395161, 37.702204],
       [-122.395214, 37.702203],
       [-122.395241, 37.702182],
       [-122.395348, 37.70218],
       [-122.395374, 37.702158],
       [-122.395481, 37.702156],
       [-122.395507, 37.702135],
       [-122.395694, 37.702132],
       [-122.395721, 37.70211],
       [-122.395854, 37.702108],
       [-122.395881, 37.702086],
       [-122.395988, 37.702084],
       [-122.396014, 37.702063],
       [-122.396121, 37.702061],
       [-122.396147, 37.702039],
       [-122.396227, 37.702038],
       [-122.39628, 37.701994],
       [-122.396681, 37.701988],
       [-122.396708, 37.701966],
       [-122.396895, 37.701963],
       [-122.396921, 37.701941],
       [-122.397028, 37.701939],
       [-122.397054, 37.701918],
       [-122.397188, 37.701916],
       [-122.397214, 37.701894],
       [-122.397348, 37.701892],
       [-122.397374, 37.70187],
       [-122.397481, 37.701868],
       [-122.397508, 37.701846],
       [-122.397695, 37.701843],
       [-122.397721, 37.701822],
       [-122.397801, 37.70182],
       [-122.397828, 37.701799],
       [-122.397935, 37.701797],
       [-122.397961, 37.701775],
       [-122.39796, 37.701754],
       [-122.398148, 37.701751],
       [-122.398174, 37.701729],
       [-122.398254, 37.701728],
       [-122.398282, 37.701749],
       [-122.398442, 37.701746],
       [-122.398468, 37.701724],
       [-122.398629, 37.701722],
       [-122.398655, 37.7017],
       [-122.398896, 37.701696],
       [-122.398922, 37.701674],
       [-122.398922, 37.701653],
       [-122.399109, 37.70165],
       [-122.399136, 37.701671],
       [-122.39935, 37.701667],
       [-122.399377, 37.701645],
       [-122.399591, 37.701642],
       [-122.399617, 37.70162],
       [-122.399831, 37.701617],
       [-122.399857, 37.701595],
       [-122.399857, 37.701574],
       [-122.39991, 37.701573],
       [-122.399938, 37.701594],
       [-122.400285, 37.701588],
       [-122.400313, 37.701609],
       [-122.40034, 37.701608],
       [-122.400341, 37.701651],
       [-122.400368, 37.701672],
       [-122.400369, 37.701714],
       [-122.400396, 37.701735],
       [-122.400399, 37.70182],
       [-122.400372, 37.701842],
       [-122.400374, 37.701906],
       [-122.40024, 37.701908],
       [-122.400214, 37.701929],
       [-122.399786, 37.701937],
       [-122.39976, 37.701958],
       [-122.399546, 37.701962],
       [-122.399519, 37.701983],
       [-122.399118, 37.70199],
       [-122.399092, 37.702012],
       [-122.399011, 37.702013],
       [-122.398956, 37.702042],
       [-122.398963, 37.702227],
       [-122.398981, 37.70224],
       [-122.398993, 37.702338],
       [-122.398999, 37.702566],
       [-122.399024, 37.702585],
       [-122.399033, 37.702821],
       [-122.399056, 37.702839]
      ],
      [
       [-122.398464, 37.704618],
       [-122.398571, 37.704616],
       [-122.398597, 37.704594],
       [-122.398677, 37.704593],
       [-122.398703, 37.704571],
       [-122.398784, 37.70457],
       [-122.39881, 37.704548],
       [-122.398808, 37.704463],
       [-122.39878, 37.704442],
       [-122.39862, 37.704445],
       [-122.398594, 37.704466],
       [-122.39854, 37.704467],
       [-122.398514, 37.704489],
       [-122.39846, 37.70449],
       [-122.398434, 37.704512],
       [-122.398436, 37.704597],
       [-122.398464, 37.704618]
      ]
     ],
     [
      [
       [-122.401959, 37.695561],
       [-122.401963, 37.695114],
       [-122.40199, 37.695093],
       [-122.401989, 37.695071],
       [-122.402043, 37.69507],
       [-122.402044, 37.695134],
       [-122.402072, 37.695155],
       [-122.402073, 37.695198],
       [-122.402046, 37.695198],
       [-122.40202, 37.69522],
       [-122.402028, 37.695539],
       [-122.401959, 37.695561]
      ]
     ],
     [
      [
       [-122.402118, 37.69592],
       [-122.40212, 37.695963],
       [-122.402066, 37.695964],
       [-122.40204, 37.695985],
       [-122.402048, 37.696304],
       [-122.401996, 37.696348],
       [-122.401967, 37.696348],
       [-122.401962, 37.695923],
       [-122.402118, 37.69592]
      ]
     ],
     [
      [
       [-122.402007, 37.696794],
       [-122.402035, 37.696815],
       [-122.402116, 37.696835],
       [-122.402121, 37.697026],
       [-122.402094, 37.697027],
       [-122.402068, 37.697048],
       [-122.402069, 37.697112],
       [-122.402043, 37.697134],
       [-122.402045, 37.697219],
       [-122.401976, 37.697241],
       [-122.401971, 37.696795],
       [-122.402007, 37.696794]
      ]
     ],
     [
      [
       [-122.401997, 37.699912],
       [-122.402002, 37.699645],
       [-122.402109, 37.699643],
       [-122.402115, 37.699898],
       [-122.402089, 37.69992],
       [-122.401997, 37.699912]
      ]
     ],
     [
      [
       [-122.402001, 37.704751],
       [-122.402082, 37.704749],
       [-122.402091, 37.705111],
       [-122.402064, 37.705111],
       [-122.402038, 37.705133],
       [-122.402042, 37.70526],
       [-122.401992, 37.705283],
       [-122.402001, 37.704751]
      ]
     ],
     [
      [
       [-122.403972, 37.699229],
       [-122.403946, 37.699251],
       [-122.403951, 37.699464],
       [-122.403871, 37.699465],
       [-122.403844, 37.699444],
       [-122.40379, 37.699445],
       [-122.40379, 37.699424],
       [-122.40368, 37.699341],
       [-122.403679, 37.699298],
       [-122.403706, 37.699298],
       [-122.403732, 37.699276],
       [-122.403732, 37.699255],
       [-122.403759, 37.699254],
       [-122.403785, 37.699233],
       [-122.403783, 37.699147],
       [-122.403943, 37.699145],
       [-122.403996, 37.699101],
       [-122.403995, 37.69908],
       [-122.404075, 37.699079],
       [-122.404077, 37.699164],
       [-122.403999, 37.699229],
       [-122.403972, 37.699229]
      ]
     ],
     [
      [
       [-122.404467, 37.698689],
       [-122.40444, 37.698711],
       [-122.404443, 37.698796],
       [-122.404389, 37.698797],
       [-122.404362, 37.698776],
       [-122.404228, 37.698778],
       [-122.404227, 37.698736],
       [-122.404279, 37.698693],
       [-122.404279, 37.698671],
       [-122.404305, 37.69865],
       [-122.404358, 37.698649],
       [-122.404385, 37.698627],
       [-122.404382, 37.698542],
       [-122.40446, 37.698434],
       [-122.404458, 37.69837],
       [-122.404512, 37.69837],
       [-122.404512, 37.698391],
       [-122.40454, 37.698412],
       [-122.404621, 37.698432],
       [-122.404622, 37.698495],
       [-122.40465, 37.698516],
       [-122.404651, 37.698559],
       [-122.404624, 37.69858],
       [-122.404517, 37.698582],
       [-122.404491, 37.698604],
       [-122.404493, 37.698689],
       [-122.404467, 37.698689]
      ]
     ]
    ]
   }
  },
  {
   "type": "Feature",
   "properties": {
    "kind": "zone",
    "category": "open-space",
    "label": "Open space",
    "source": "traced: 2026 Staff-Recommended Baylands Specific Plan (City of Brisbane, May 14, 2026), Chapter 2, Land Use Program and Definitions, Figure 2.3.1, Land Use Plan, p. 2-9 (PDF p. 10)",
    "note": "Draft specific plan land use, not yet adopted. Parks, trails, wetlands and habitat, including Roundhouse Park and Ice House Hill; the plan designates 148.4 acres (Sec. 2.4.3, pp. 2-12 to 2-13). About 164.7 acres as drawn.",
    "stage": "entitlement"
   },
   "geometry": {
    "type": "MultiPolygon",
    "coordinates": [
     [
      [
       [-122.398824, 37.688678],
       [-122.398797, 37.688678],
       [-122.398769, 37.688657],
       [-122.398716, 37.688658],
       [-122.398689, 37.688637],
       [-122.398501, 37.68864],
       [-122.398449, 37.688684],
       [-122.398451, 37.688748],
       [-122.398424, 37.688769],
       [-122.398426, 37.688833],
       [-122.3984, 37.688855],
       [-122.398402, 37.688919],
       [-122.398375, 37.68894],
       [-122.398376, 37.688983],
       [-122.39835, 37.689005],
       [-122.398352, 37.689068],
       [-122.398326, 37.68909],
       [-122.398327, 37.689133],
       [-122.398301, 37.689154],
       [-122.398303, 37.689261],
       [-122.398252, 37.689325],
       [-122.398254, 37.68941],
       [-122.398228, 37.689432],
       [-122.398229, 37.689496],
       [-122.398203, 37.689518],
       [-122.398204, 37.68956],
       [-122.398177, 37.689561],
       [-122.398151, 37.689582],
       [-122.398154, 37.689689],
       [-122.398128, 37.68971],
       [-122.39813, 37.689795],
       [-122.397996, 37.689798],
       [-122.397942, 37.689756],
       [-122.397754, 37.689759],
       [-122.397727, 37.689738],
       [-122.397673, 37.689739],
       [-122.397646, 37.689718],
       [-122.397512, 37.68972],
       [-122.397458, 37.689679],
       [-122.397377, 37.68968],
       [-122.39735, 37.689659],
       [-122.39727, 37.689661],
       [-122.397242, 37.68964],
       [-122.397135, 37.689642],
       [-122.397054, 37.6896],
       [-122.396947, 37.689602],
       [-122.396812, 37.689541],
       [-122.396517, 37.689545],
       [-122.39649, 37.689525],
       [-122.396329, 37.689527],
       [-122.396302, 37.689506],
       [-122.396168, 37.689509],
       [-122.396141, 37.689488],
       [-122.395151, 37.689504],
       [-122.395125, 37.689526],
       [-122.395071, 37.689527],
       [-122.395045, 37.689548],
       [-122.394831, 37.689552],
       [-122.394805, 37.689574],
       [-122.394591, 37.689577],
       [-122.394564, 37.689599],
       [-122.394511, 37.6896],
       [-122.394485, 37.689621],
       [-122.394431, 37.689622],
       [-122.394405, 37.689644],
       [-122.394325, 37.689645],
       [-122.394298, 37.689667],
       [-122.394165, 37.689669],
       [-122.394112, 37.689713],
       [-122.394059, 37.689714],
       [-122.394033, 37.689735],
       [-122.393952, 37.689737],
       [-122.393873, 37.68978],
       [-122.39374, 37.689804],
       [-122.393661, 37.689848],
       [-122.39358, 37.689849],
       [-122.393528, 37.689892],
       [-122.393421, 37.689894],
       [-122.393316, 37.689981],
       [-122.393209, 37.689983],
       [-122.393131, 37.690069],
       [-122.393051, 37.690071],
       [-122.392893, 37.690179],
       [-122.392866, 37.69018],
       [-122.39284, 37.690202],
       [-122.392786, 37.690202],
       [-122.392655, 37.690311],
       [-122.392629, 37.690311],
       [-122.392602, 37.690333],
       [-122.392549, 37.690334],
       [-122.392444, 37.6904],
       [-122.392446, 37.690485],
       [-122.392473, 37.690505],
       [-122.392475, 37.690569],
       [-122.392502, 37.69059],
       [-122.392663, 37.690587],
       [-122.392666, 37.690715],
       [-122.392693, 37.690736],
       [-122.392695, 37.6908],
       [-122.392722, 37.69082],
       [-122.392723, 37.690863],
       [-122.392751, 37.690884],
       [-122.392756, 37.691096],
       [-122.392784, 37.691117],
       [-122.392785, 37.691181],
       [-122.392759, 37.691203],
       [-122.392767, 37.691501],
       [-122.392741, 37.691522],
       [-122.392744, 37.691671],
       [-122.392691, 37.691672],
       [-122.392689, 37.691587],
       [-122.392661, 37.691566],
       [-122.39266, 37.691524],
       [-122.392633, 37.691503],
       [-122.392632, 37.69146],
       [-122.392605, 37.691439],
       [-122.392471, 37.691442],
       [-122.392445, 37.691463],
       [-122.392447, 37.69157],
       [-122.392475, 37.69159],
       [-122.392504, 37.691696],
       [-122.392531, 37.691717],
       [-122.392534, 37.691823],
       [-122.392562, 37.691844],
       [-122.392564, 37.691951],
       [-122.392592, 37.691971],
       [-122.392593, 37.692035],
       [-122.392648, 37.692077],
       [-122.392649, 37.692119],
       [-122.392676, 37.69214],
       [-122.392679, 37.692225],
       [-122.392706, 37.692246],
       [-122.392708, 37.69231],
       [-122.392735, 37.692331],
       [-122.392736, 37.692373],
       [-122.392791, 37.692436],
       [-122.392793, 37.6925],
       [-122.39282, 37.692521],
       [-122.392822, 37.692606],
       [-122.39285, 37.692627],
       [-122.392851, 37.69269],
       [-122.392879, 37.692711],
       [-122.39288, 37.692775],
       [-122.392908, 37.692796],
       [-122.39291, 37.692902],
       [-122.392938, 37.692923],
       [-122.392943, 37.693114],
       [-122.39297, 37.693135],
       [-122.392976, 37.693348],
       [-122.393003, 37.693369],
       [-122.393008, 37.693581],
       [-122.393036, 37.693602],
       [-122.393043, 37.6939],
       [-122.393071, 37.693921],
       [-122.393078, 37.694197],
       [-122.393105, 37.694218],
       [-122.393115, 37.694579],
       [-122.393142, 37.6946],
       [-122.393144, 37.694685],
       [-122.393172, 37.694706],
       [-122.393175, 37.694834],
       [-122.393202, 37.694855],
       [-122.393203, 37.694897],
       [-122.393231, 37.694918],
       [-122.393233, 37.695024],
       [-122.393261, 37.695045],
       [-122.393262, 37.695109],
       [-122.39329, 37.69513],
       [-122.393292, 37.695236],
       [-122.39332, 37.695257],
       [-122.393321, 37.695299],
       [-122.393348, 37.69532],
       [-122.393349, 37.695363],
       [-122.393377, 37.695384],
       [-122.393378, 37.695447],
       [-122.393406, 37.695468],
       [-122.393407, 37.695532],
       [-122.393435, 37.695553],
       [-122.393438, 37.69568],
       [-122.393465, 37.695701],
       [-122.393467, 37.695765],
       [-122.393494, 37.695786],
       [-122.393497, 37.695892],
       [-122.393579, 37.695955],
       [-122.393587, 37.696252],
       [-122.393641, 37.696294],
       [-122.393644, 37.6964],
       [-122.393671, 37.696421],
       [-122.393674, 37.696527],
       [-122.393701, 37.696548],
       [-122.393704, 37.696633],
       [-122.393731, 37.696654],
       [-122.393733, 37.696739],
       [-122.393761, 37.69676],
       [-122.393764, 37.696909],
       [-122.393792, 37.69693],
       [-122.393796, 37.697079],
       [-122.393823, 37.697099],
       [-122.393827, 37.697269],
       [-122.393855, 37.69729],
       [-122.393884, 37.697396],
       [-122.393911, 37.697417],
       [-122.393915, 37.697545],
       [-122.393942, 37.697565],
       [-122.393945, 37.697672],
       [-122.393972, 37.697693],
       [-122.393978, 37.697926],
       [-122.394006, 37.697947],
       [-122.39401, 37.698117],
       [-122.394037, 37.698138],
       [-122.394044, 37.698393],
       [-122.394071, 37.698414],
       [-122.394076, 37.698584],
       [-122.394103, 37.698605],
       [-122.394106, 37.698711],
       [-122.394133, 37.698732],
       [-122.394136, 37.698839],
       [-122.394163, 37.698859],
       [-122.394167, 37.699008],
       [-122.394194, 37.699029],
       [-122.394248, 37.699028],
       [-122.394249, 37.699071],
       [-122.394223, 37.699092],
       [-122.394225, 37.699156],
       [-122.394198, 37.699178],
       [-122.394202, 37.699327],
       [-122.39423, 37.699348],
       [-122.394234, 37.699518],
       [-122.394261, 37.699539],
       [-122.394265, 37.699666],
       [-122.394292, 37.699687],
       [-122.394298, 37.699921],
       [-122.394325, 37.699942],
       [-122.394326, 37.699984],
       [-122.394354, 37.700005],
       [-122.394357, 37.700111],
       [-122.394384, 37.700132],
       [-122.394387, 37.700239],
       [-122.394414, 37.700259],
       [-122.394417, 37.700366],
       [-122.394444, 37.700387],
       [-122.394447, 37.700493],
       [-122.394474, 37.700514],
       [-122.394476, 37.700599],
       [-122.394504, 37.70062],
       [-122.394506, 37.700726],
       [-122.394534, 37.700747],
       [-122.394535, 37.700789],
       [-122.39459, 37.700852],
       [-122.394591, 37.700895],
       [-122.394618, 37.700915],
       [-122.394622, 37.701043],
       [-122.394649, 37.701064],
       [-122.39465, 37.701106],
       [-122.394678, 37.701127],
       [-122.39468, 37.701212],
       [-122.394707, 37.701233],
       [-122.394711, 37.701382],
       [-122.394738, 37.701403],
       [-122.39474, 37.701467],
       [-122.394795, 37.70153],
       [-122.394796, 37.701572],
       [-122.394824, 37.701593],
       [-122.394826, 37.701699],
       [-122.394854, 37.70172],
       [-122.394856, 37.701826],
       [-122.394912, 37.701889],
       [-122.394918, 37.702144],
       [-122.394946, 37.702165],
       [-122.394949, 37.702293],
       [-122.394976, 37.702314],
       [-122.394977, 37.702356],
       [-122.395005, 37.702377],
       [-122.395007, 37.702462],
       [-122.395034, 37.702483],
       [-122.395042, 37.702781],
       [-122.395069, 37.702801],
       [-122.395077, 37.703099],
       [-122.395104, 37.70312],
       [-122.395109, 37.70329],
       [-122.395136, 37.703311],
       [-122.395141, 37.703502],
       [-122.395168, 37.703523],
       [-122.395172, 37.703651],
       [-122.395227, 37.703714],
       [-122.395228, 37.703756],
       [-122.395255, 37.703777],
       [-122.395257, 37.703841],
       [-122.395284, 37.703862],
       [-122.395285, 37.703904],
       [-122.395313, 37.703925],
       [-122.395313, 37.703946],
       [-122.395341, 37.703967],
       [-122.395448, 37.703965],
       [-122.395556, 37.704027],
       [-122.395558, 37.70407],
       [-122.395531, 37.704091],
       [-122.395536, 37.704283],
       [-122.395591, 37.704325],
       [-122.395592, 37.704367],
       [-122.395619, 37.704388],
       [-122.39562, 37.704409],
       [-122.395702, 37.704493],
       [-122.395703, 37.704514],
       [-122.39573, 37.704535],
       [-122.395731, 37.704577],
       [-122.395814, 37.704661],
       [-122.395815, 37.704704],
       [-122.395924, 37.704787],
       [-122.395981, 37.704892],
       [-122.39609, 37.704997],
       [-122.396091, 37.705018],
       [-122.396173, 37.705081],
       [-122.396175, 37.705166],
       [-122.396203, 37.705187],
       [-122.39631, 37.705185],
       [-122.396311, 37.705227],
       [-122.396284, 37.705249],
       [-122.396287, 37.705334],
       [-122.396181, 37.7054],
       [-122.396128, 37.705401],
       [-122.396102, 37.705422],
       [-122.396102, 37.705444],
       [-122.396075, 37.705444],
       [-122.395997, 37.70553],
       [-122.395972, 37.705595],
       [-122.395945, 37.705595],
       [-122.395919, 37.705617],
       [-122.395894, 37.705681],
       [-122.395762, 37.705747],
       [-122.395764, 37.705811],
       [-122.395686, 37.705897],
       [-122.395687, 37.705961],
       [-122.395609, 37.706026],
       [-122.395609, 37.706047],
       [-122.395583, 37.706069],
       [-122.395585, 37.706154],
       [-122.395533, 37.706219],
       [-122.395544, 37.706644],
       [-122.395572, 37.706665],
       [-122.395573, 37.706729],
       [-122.395628, 37.70677],
       [-122.395842, 37.706767],
       [-122.395843, 37.706809],
       [-122.395871, 37.70683],
       [-122.395872, 37.706895],
       [-122.395801, 37.706913],
       [-122.39543, 37.706832],
       [-122.392201, 37.692535],
       [-122.392189, 37.692146],
       [-122.392294, 37.691385],
       [-122.392533, 37.691387],
       [-122.392531, 37.691283],
       [-122.392573, 37.691248],
       [-122.392569, 37.691121],
       [-122.392523, 37.691085],
       [-122.392491, 37.690857],
       [-122.392421, 37.690594],
       [-122.39232, 37.690338],
       [-122.392208, 37.690135],
       [-122.392029, 37.689882],
       [-122.392027, 37.689811],
       [-122.391999, 37.68979],
       [-122.391998, 37.689747],
       [-122.391962, 37.68972],
       [-122.392007, 37.689651],
       [-122.39194, 37.689491],
       [-122.391856, 37.689492],
       [-122.391804, 37.689477],
       [-122.39173, 37.689413],
       [-122.391592, 37.689146],
       [-122.391265, 37.688391],
       [-122.391168, 37.687959],
       [-122.391228, 37.687909],
       [-122.391576, 37.687904],
       [-122.391603, 37.687924],
       [-122.39171, 37.687923],
       [-122.391736, 37.687901],
       [-122.392351, 37.687891],
       [-122.392379, 37.687912],
       [-122.393503, 37.687893],
       [-122.39353, 37.687914],
       [-122.394654, 37.687895],
       [-122.394681, 37.687916],
       [-122.395377, 37.687905],
       [-122.395403, 37.687883],
       [-122.395457, 37.687882],
       [-122.395535, 37.687817],
       [-122.395535, 37.687796],
       [-122.395829, 37.687791],
       [-122.395829, 37.687812],
       [-122.395912, 37.687896],
       [-122.396046, 37.687894],
       [-122.396072, 37.687872],
       [-122.396099, 37.687872],
       [-122.396177, 37.687807],
       [-122.396311, 37.687804],
       [-122.396474, 37.687908],
       [-122.396581, 37.687906],
       [-122.396609, 37.687927],
       [-122.396743, 37.687925],
       [-122.396769, 37.687903],
       [-122.396956, 37.6879],
       [-122.396983, 37.687921],
       [-122.397545, 37.687912],
       [-122.397598, 37.687868],
       [-122.397812, 37.687865],
       [-122.397839, 37.687886],
       [-122.398053, 37.687882],
       [-122.398262, 37.687687],
       [-122.398287, 37.687623],
       [-122.398418, 37.687493],
       [-122.398443, 37.687429],
       [-122.398523, 37.687428],
       [-122.398549, 37.687406],
       [-122.398549, 37.687385],
       [-122.398674, 37.68734],
       [-122.399063, 37.687805],
       [-122.399042, 37.687823],
       [-122.399045, 37.687929],
       [-122.3991, 37.687971],
       [-122.399128, 37.688034],
       [-122.399216, 37.688097],
       [-122.399288, 37.688206],
       [-122.399267, 37.688224],
       [-122.399269, 37.688309],
       [-122.399296, 37.68833],
       [-122.399297, 37.688372],
       [-122.399352, 37.688414],
       [-122.399408, 37.688519],
       [-122.399463, 37.688561],
       [-122.399534, 37.688581],
       [-122.399684, 37.688828],
       [-122.399685, 37.688855],
       [-122.399659, 37.688877],
       [-122.399662, 37.689004],
       [-122.399744, 37.689067],
       [-122.399771, 37.689066],
       [-122.399772, 37.689109],
       [-122.399827, 37.689172],
       [-122.399827, 37.689193],
       [-122.399923, 37.689234],
       [-122.400076, 37.689509],
       [-122.40005, 37.68953],
       [-122.400054, 37.689657],
       [-122.400136, 37.689741],
       [-122.400194, 37.68974],
       [-122.400384, 37.69012],
       [-122.400254, 37.690165],
       [-122.400228, 37.690186],
       [-122.400175, 37.690187],
       [-122.400147, 37.690166],
       [-122.400121, 37.690167],
       [-122.40012, 37.690145],
       [-122.400044, 37.690088],
       [-122.400037, 37.69004],
       [-122.40001, 37.690016],
       [-122.400007, 37.689913],
       [-122.399952, 37.689872],
       [-122.399951, 37.689808],
       [-122.399923, 37.689787],
       [-122.399922, 37.689745],
       [-122.399868, 37.689703],
       [-122.399838, 37.689597],
       [-122.399783, 37.689555],
       [-122.399783, 37.689534],
       [-122.399756, 37.689513],
       [-122.399754, 37.689471],
       [-122.399671, 37.689365],
       [-122.39967, 37.689302],
       [-122.399592, 37.689222],
       [-122.399586, 37.689176],
       [-122.39955, 37.689148],
       [-122.399502, 37.689049],
       [-122.399475, 37.689026],
       [-122.399474, 37.688986],
       [-122.39943, 37.688953],
       [-122.399363, 37.688818],
       [-122.399307, 37.688752],
       [-122.399278, 37.688649],
       [-122.399251, 37.688628],
       [-122.399144, 37.68863],
       [-122.399101, 37.688665],
       [-122.398868, 37.688711],
       [-122.398824, 37.688678]
      ]
     ],
     [
      [
       [-122.396441, 37.697928],
       [-122.396415, 37.69795],
       [-122.396281, 37.697952],
       [-122.396229, 37.697996],
       [-122.395961, 37.698],
       [-122.39596, 37.697958],
       [-122.395987, 37.697936],
       [-122.39612, 37.697934],
       [-122.396147, 37.697912],
       [-122.396143, 37.697784],
       [-122.396116, 37.697764],
       [-122.396089, 37.697764],
       [-122.396088, 37.697722],
       [-122.396167, 37.697678],
       [-122.396114, 37.697679],
       [-122.396009, 37.697787],
       [-122.395929, 37.697788],
       [-122.395903, 37.69781],
       [-122.395906, 37.697916],
       [-122.395933, 37.697937],
       [-122.395934, 37.697979],
       [-122.395881, 37.69798],
       [-122.395878, 37.697874],
       [-122.395851, 37.697853],
       [-122.395583, 37.697857],
       [-122.395557, 37.697879],
       [-122.395503, 37.69788],
       [-122.395503, 37.697859],
       [-122.395475, 37.697838],
       [-122.395341, 37.69784],
       [-122.395315, 37.697862],
       [-122.394994, 37.697867],
       [-122.394967, 37.697846],
       [-122.394806, 37.697849],
       [-122.394754, 37.697892],
       [-122.39462, 37.697895],
       [-122.394594, 37.697916],
       [-122.394514, 37.697918],
       [-122.394487, 37.697939],
       [-122.394246, 37.697943],
       [-122.394219, 37.697922],
       [-122.394192, 37.697923],
       [-122.394187, 37.697732],
       [-122.39416, 37.697711],
       [-122.394157, 37.697583],
       [-122.394129, 37.697562],
       [-122.394126, 37.697435],
       [-122.394099, 37.697414],
       [-122.394093, 37.69718],
       [-122.394065, 37.697159],
       [-122.394062, 37.69701],
       [-122.394034, 37.696989],
       [-122.394007, 37.69699],
       [-122.394006, 37.696926],
       [-122.393978, 37.696905],
       [-122.393977, 37.696863],
       [-122.39395, 37.696842],
       [-122.393946, 37.696672],
       [-122.393918, 37.696651],
       [-122.393914, 37.696481],
       [-122.393887, 37.69646],
       [-122.393881, 37.696247],
       [-122.393854, 37.696227],
       [-122.39385, 37.696099],
       [-122.393795, 37.696036],
       [-122.393793, 37.695951],
       [-122.393738, 37.695909],
       [-122.393734, 37.695739],
       [-122.393707, 37.695718],
       [-122.393705, 37.695655],
       [-122.393678, 37.695634],
       [-122.393675, 37.695528],
       [-122.393701, 37.695506],
       [-122.393808, 37.695504],
       [-122.393834, 37.695482],
       [-122.393833, 37.69544],
       [-122.393859, 37.695418],
       [-122.39394, 37.695417],
       [-122.393967, 37.695438],
       [-122.394128, 37.695435],
       [-122.394233, 37.695369],
       [-122.394286, 37.695369],
       [-122.394313, 37.695347],
       [-122.394366, 37.695346],
       [-122.394392, 37.695324],
       [-122.394526, 37.695322],
       [-122.394552, 37.6953],
       [-122.394606, 37.695299],
       [-122.394632, 37.695278],
       [-122.394793, 37.695275],
       [-122.394819, 37.695253],
       [-122.395167, 37.695248],
       [-122.395219, 37.695204],
       [-122.395299, 37.695203],
       [-122.395326, 37.695181],
       [-122.395379, 37.69518],
       [-122.395485, 37.695115],
       [-122.395538, 37.695114],
       [-122.395564, 37.695092],
       [-122.395645, 37.695091],
       [-122.395671, 37.695069],
       [-122.395751, 37.695068],
       [-122.395777, 37.695046],
       [-122.395858, 37.695045],
       [-122.395884, 37.695023],
       [-122.396125, 37.695019],
       [-122.396151, 37.694997],
       [-122.396204, 37.694997],
       [-122.396231, 37.694975],
       [-122.396391, 37.694972],
       [-122.396444, 37.694929],
       [-122.396604, 37.694926],
       [-122.39663, 37.694904],
       [-122.396711, 37.694903],
       [-122.396737, 37.694881],
       [-122.39679, 37.694881],
       [-122.396843, 37.694837],
       [-122.396923, 37.694836],
       [-122.396949, 37.694814],
       [-122.397003, 37.694813],
       [-122.397029, 37.694792],
       [-122.397109, 37.69479],
       [-122.397135, 37.694769],
       [-122.397296, 37.694766],
       [-122.397375, 37.694722],
       [-122.397429, 37.694721],
       [-122.397455, 37.694699],
       [-122.397562, 37.694698],
       [-122.397588, 37.694676],
       [-122.397668, 37.694675],
       [-122.397695, 37.694653],
       [-122.397802, 37.694651],
       [-122.397828, 37.694629],
       [-122.398069, 37.694625],
       [-122.398174, 37.69456],
       [-122.398254, 37.694559],
       [-122.398281, 37.694537],
       [-122.398575, 37.694532],
       [-122.398654, 37.694488],
       [-122.398815, 37.694486],
       [-122.398841, 37.694464],
       [-122.398894, 37.694463],
       [-122.398922, 37.694484],
       [-122.399216, 37.694479],
       [-122.399243, 37.6945],
       [-122.39927, 37.694499],
       [-122.399273, 37.694627],
       [-122.399301, 37.694648],
       [-122.399303, 37.694733],
       [-122.399358, 37.694774],
       [-122.39936, 37.694881],
       [-122.399388, 37.694902],
       [-122.399391, 37.695008],
       [-122.399418, 37.695029],
       [-122.399419, 37.695071],
       [-122.399474, 37.695134],
       [-122.399475, 37.695177],
       [-122.399449, 37.695198],
       [-122.399453, 37.695347],
       [-122.39948, 37.695368],
       [-122.399487, 37.695644],
       [-122.399461, 37.695666],
       [-122.399463, 37.69573],
       [-122.399437, 37.695752],
       [-122.399437, 37.695773],
       [-122.399359, 37.695859],
       [-122.399361, 37.695923],
       [-122.399308, 37.695967],
       [-122.399309, 37.695988],
       [-122.399257, 37.696052],
       [-122.399259, 37.696138],
       [-122.399207, 37.696181],
       [-122.399209, 37.696266],
       [-122.399157, 37.696331],
       [-122.39916, 37.696416],
       [-122.399107, 37.696459],
       [-122.39911, 37.696565],
       [-122.399084, 37.696587],
       [-122.399085, 37.69663],
       [-122.399059, 37.696651],
       [-122.399061, 37.696736],
       [-122.399035, 37.696758],
       [-122.399036, 37.696801],
       [-122.39901, 37.696822],
       [-122.399012, 37.696907],
       [-122.398986, 37.696929],
       [-122.398987, 37.696993],
       [-122.398961, 37.697015],
       [-122.398963, 37.697078],
       [-122.398937, 37.6971],
       [-122.398941, 37.69727],
       [-122.398915, 37.697292],
       [-122.398919, 37.697441],
       [-122.398892, 37.697441],
       [-122.398839, 37.697485],
       [-122.398706, 37.697487],
       [-122.398679, 37.697509],
       [-122.398385, 37.697513],
       [-122.398359, 37.697535],
       [-122.398198, 37.697538],
       [-122.398172, 37.69756],
       [-122.397851, 37.697565],
       [-122.397825, 37.697587],
       [-122.397637, 37.69759],
       [-122.397611, 37.697611],
       [-122.39737, 37.697615],
       [-122.397344, 37.697637],
       [-122.397345, 37.697658],
       [-122.397318, 37.697659],
       [-122.397292, 37.69768],
       [-122.397024, 37.697685],
       [-122.397024, 37.697664],
       [-122.396941, 37.69758],
       [-122.396834, 37.697582],
       [-122.396808, 37.697603],
       [-122.396811, 37.69771],
       [-122.396597, 37.697713],
       [-122.39657, 37.697735],
       [-122.396276, 37.69774],
       [-122.396275, 37.697718],
       [-122.396221, 37.697677],
       [-122.396221, 37.697698],
       [-122.396249, 37.697719],
       [-122.396253, 37.697868],
       [-122.39628, 37.697889],
       [-122.39644, 37.697886],
       [-122.396441, 37.697928]
      ]
     ],
     [
      [
       [-122.398601, 37.694489],
       [-122.398574, 37.694511],
       [-122.39828, 37.694516],
       [-122.398254, 37.694537],
       [-122.39812, 37.69454],
       [-122.398119, 37.694518],
       [-122.398064, 37.694455],
       [-122.398063, 37.694392],
       [-122.398035, 37.694371],
       [-122.398034, 37.694307],
       [-122.398006, 37.694286],
       [-122.398005, 37.694222],
       [-122.397977, 37.694202],
       [-122.397976, 37.694138],
       [-122.39792, 37.694075],
       [-122.397917, 37.693947],
       [-122.39789, 37.693926],
       [-122.397888, 37.693841],
       [-122.397832, 37.693778],
       [-122.39783, 37.693672],
       [-122.397802, 37.693651],
       [-122.3978, 37.693566],
       [-122.397773, 37.693545],
       [-122.397771, 37.693482],
       [-122.397744, 37.693461],
       [-122.397742, 37.693376],
       [-122.397686, 37.693313],
       [-122.397685, 37.693249],
       [-122.39763, 37.693186],
       [-122.397626, 37.693037],
       [-122.397598, 37.693016],
       [-122.397572, 37.693017],
       [-122.397567, 37.692847],
       [-122.39754, 37.692826],
       [-122.397539, 37.692783],
       [-122.397511, 37.692763],
       [-122.397506, 37.692571],
       [-122.397479, 37.69255],
       [-122.397372, 37.692552],
       [-122.397371, 37.69251],
       [-122.397397, 37.692488],
       [-122.397392, 37.692297],
       [-122.397365, 37.692276],
       [-122.397364, 37.692233],
       [-122.397336, 37.692212],
       [-122.397334, 37.692127],
       [-122.397307, 37.692106],
       [-122.397306, 37.692064],
       [-122.397358, 37.691999],
       [-122.397355, 37.691914],
       [-122.397301, 37.691873],
       [-122.39722, 37.691853],
       [-122.397216, 37.691704],
       [-122.397161, 37.691641],
       [-122.39716, 37.691598],
       [-122.397132, 37.691578],
       [-122.397128, 37.691407],
       [-122.397101, 37.691387],
       [-122.397074, 37.691387],
       [-122.397069, 37.691196],
       [-122.397042, 37.691175],
       [-122.397039, 37.691069],
       [-122.396984, 37.691006],
       [-122.396981, 37.690921],
       [-122.396954, 37.6909],
       [-122.396951, 37.690793],
       [-122.396924, 37.690773],
       [-122.396922, 37.690709],
       [-122.396867, 37.690646],
       [-122.396864, 37.69054],
       [-122.396837, 37.690519],
       [-122.396834, 37.690391],
       [-122.396779, 37.690349],
       [-122.396777, 37.690286],
       [-122.396723, 37.690244],
       [-122.396719, 37.690095],
       [-122.396692, 37.690074],
       [-122.396691, 37.690032],
       [-122.396663, 37.690011],
       [-122.39666, 37.689905],
       [-122.396605, 37.689842],
       [-122.396604, 37.689778],
       [-122.39663, 37.689756],
       [-122.396844, 37.689753],
       [-122.396925, 37.689794],
       [-122.397059, 37.689792],
       [-122.397086, 37.689813],
       [-122.397193, 37.689811],
       [-122.397221, 37.689832],
       [-122.397274, 37.689831],
       [-122.397356, 37.689893],
       [-122.397597, 37.689889],
       [-122.397624, 37.68991],
       [-122.397678, 37.689909],
       [-122.397759, 37.68995],
       [-122.397866, 37.689949],
       [-122.397894, 37.689969],
       [-122.398001, 37.689968],
       [-122.398001, 37.689989],
       [-122.398028, 37.69001],
       [-122.398033, 37.69018],
       [-122.398007, 37.690202],
       [-122.398016, 37.690563],
       [-122.398043, 37.690584],
       [-122.398046, 37.69069],
       [-122.398074, 37.690711],
       [-122.398075, 37.690775],
       [-122.398103, 37.690796],
       [-122.398104, 37.690859],
       [-122.398132, 37.69088],
       [-122.398133, 37.690944],
       [-122.39816, 37.690965],
       [-122.398165, 37.691156],
       [-122.398193, 37.691177],
       [-122.398195, 37.691262],
       [-122.398222, 37.691283],
       [-122.398249, 37.691283],
       [-122.39825, 37.691325],
       [-122.398278, 37.691346],
       [-122.39828, 37.691452],
       [-122.398308, 37.691473],
       [-122.39831, 37.691558],
       [-122.398337, 37.691579],
       [-122.398339, 37.691643],
       [-122.398366, 37.691664],
       [-122.398368, 37.691749],
       [-122.398424, 37.691812],
       [-122.398426, 37.691897],
       [-122.398453, 37.691917],
       [-122.398533, 37.691916],
       [-122.398534, 37.691937],
       [-122.398589, 37.691979],
       [-122.39859, 37.692043],
       [-122.398537, 37.692044],
       [-122.39851, 37.692065],
       [-122.398514, 37.692214],
       [-122.398542, 37.692235],
       [-122.398543, 37.692278],
       [-122.39857, 37.692298],
       [-122.398571, 37.69232],
       [-122.398598, 37.69234],
       [-122.3986, 37.692426],
       [-122.398628, 37.692446],
       [-122.398631, 37.692574],
       [-122.398658, 37.692595],
       [-122.398661, 37.692701],
       [-122.398716, 37.692743],
       [-122.398717, 37.692785],
       [-122.398744, 37.692806],
       [-122.398746, 37.692891],
       [-122.398774, 37.692912],
       [-122.398775, 37.692976],
       [-122.398803, 37.692997],
       [-122.398806, 37.693145],
       [-122.398834, 37.693166],
       [-122.398863, 37.693272],
       [-122.398891, 37.693293],
       [-122.398892, 37.693357],
       [-122.39892, 37.693378],
       [-122.398922, 37.693484],
       [-122.39895, 37.693505],
       [-122.398952, 37.693611],
       [-122.399008, 37.693674],
       [-122.399009, 37.693716],
       [-122.399036, 37.693737],
       [-122.399039, 37.693844],
       [-122.399066, 37.693864],
       [-122.399068, 37.69395],
       [-122.399096, 37.69397],
       [-122.399097, 37.694013],
       [-122.399124, 37.694034],
       [-122.399126, 37.694119],
       [-122.399154, 37.69414],
       [-122.399157, 37.694267],
       [-122.39905, 37.694269],
       [-122.398971, 37.694313],
       [-122.398838, 37.694336],
       [-122.398811, 37.694358],
       [-122.398814, 37.694464],
       [-122.398654, 37.694467],
       [-122.398627, 37.694489],
       [-122.398601, 37.694489]
      ]
     ],
     [
      [
       [-122.399928, 37.687915],
       [-122.399955, 37.687936],
       [-122.399982, 37.687935],
       [-122.399983, 37.687957],
       [-122.400037, 37.687998],
       [-122.400171, 37.687996],
       [-122.400197, 37.687974],
       [-122.400411, 37.687971],
       [-122.400437, 37.687949],
       [-122.400812, 37.687943],
       [-122.400842, 37.687918],
       [-122.401125, 37.687919],
       [-122.401613, 37.6883],
       [-122.402127, 37.688763],
       [-122.402586, 37.689261],
       [-122.402984, 37.689791],
       [-122.403103, 37.689974],
       [-122.402382, 37.690098],
       [-122.402367, 37.690087],
       [-122.40218, 37.69009],
       [-122.402154, 37.690112],
       [-122.4021, 37.690113],
       [-122.402074, 37.690134],
       [-122.40186, 37.690138],
       [-122.401751, 37.690055],
       [-122.401722, 37.689991],
       [-122.40164, 37.689908],
       [-122.401639, 37.689886],
       [-122.401579, 37.689862],
       [-122.401557, 37.689803],
       [-122.401502, 37.689761],
       [-122.401474, 37.689698],
       [-122.401364, 37.689593],
       [-122.401308, 37.689488],
       [-122.401253, 37.689446],
       [-122.401252, 37.689425],
       [-122.401198, 37.689383],
       [-122.401178, 37.689383],
       [-122.40117, 37.689341],
       [-122.401115, 37.689299],
       [-122.401114, 37.689257],
       [-122.401059, 37.689215],
       [-122.401031, 37.689152],
       [-122.400894, 37.689026],
       [-122.400893, 37.689005],
       [-122.400866, 37.688984],
       [-122.400865, 37.688942],
       [-122.400783, 37.688879],
       [-122.400782, 37.688858],
       [-122.400645, 37.688733],
       [-122.400645, 37.688711],
       [-122.400617, 37.688691],
       [-122.400616, 37.688648],
       [-122.400507, 37.688565],
       [-122.400471, 37.688541],
       [-122.400423, 37.688566],
       [-122.400373, 37.688567],
       [-122.400347, 37.688589],
       [-122.400294, 37.68859],
       [-122.400161, 37.688702],
       [-122.400183, 37.68874],
       [-122.40011, 37.688742],
       [-122.400084, 37.688763],
       [-122.400085, 37.688785],
       [-122.400039, 37.688785],
       [-122.399477, 37.687917],
       [-122.398792, 37.686989],
       [-122.39817, 37.686268],
       [-122.398565, 37.686269],
       [-122.399181, 37.687003],
       [-122.399187, 37.687204],
       [-122.399214, 37.687225],
       [-122.399214, 37.687246],
       [-122.399242, 37.687267],
       [-122.3994, 37.687264],
       [-122.399927, 37.687892],
       [-122.399928, 37.687915]
      ]
     ],
     [
      [
       [-122.401039, 37.695598],
       [-122.40104, 37.69564],
       [-122.400987, 37.695641],
       [-122.40096, 37.695663],
       [-122.399783, 37.695682],
       [-122.399782, 37.69564],
       [-122.399808, 37.695618],
       [-122.3998, 37.695299],
       [-122.399772, 37.695278],
       [-122.399768, 37.695108],
       [-122.399741, 37.695087],
       [-122.399739, 37.695023],
       [-122.399712, 37.695003],
       [-122.399707, 37.694832],
       [-122.39968, 37.694812],
       [-122.399678, 37.694748],
       [-122.399624, 37.694706],
       [-122.399622, 37.694664],
       [-122.399595, 37.694643],
       [-122.399594, 37.6946],
       [-122.399567, 37.694579],
       [-122.399566, 37.694537],
       [-122.399538, 37.694516],
       [-122.399535, 37.694389],
       [-122.399508, 37.694368],
       [-122.399505, 37.694283],
       [-122.399585, 37.694239],
       [-122.399772, 37.694236],
       [-122.399798, 37.694214],
       [-122.399878, 37.694213],
       [-122.400011, 37.694147],
       [-122.400064, 37.694146],
       [-122.400116, 37.694102],
       [-122.400143, 37.694102],
       [-122.400222, 37.694058],
       [-122.400276, 37.694057],
       [-122.400302, 37.694036],
       [-122.400329, 37.694035],
       [-122.400355, 37.694013],
       [-122.400355, 37.693992],
       [-122.400514, 37.693947],
       [-122.400619, 37.693881],
       [-122.4007, 37.69388],
       [-122.400805, 37.693814],
       [-122.400885, 37.693813],
       [-122.400911, 37.693791],
       [-122.400938, 37.693791],
       [-122.400991, 37.693748],
       [-122.401044, 37.693747],
       [-122.40107, 37.693725],
       [-122.401151, 37.693724],
       [-122.401178, 37.693744],
       [-122.401189, 37.69417],
       [-122.401163, 37.694191],
       [-122.401173, 37.694596],
       [-122.401147, 37.694617],
       [-122.401157, 37.694979],
       [-122.401131, 37.695],
       [-122.401139, 37.695319],
       [-122.401113, 37.695341],
       [-122.401116, 37.695469],
       [-122.401064, 37.695533],
       [-122.401065, 37.695576],
       [-122.401039, 37.695598]
      ],
      [
       [-122.399983, 37.69445],
       [-122.399727, 37.69455],
       [-122.399782, 37.694723],
       [-122.399872, 37.694723],
       [-122.399983, 37.69445]
      ]
     ],
     [
      [
       [-122.405234, 37.694273],
       [-122.405235, 37.694294],
       [-122.405183, 37.694338],
       [-122.405156, 37.694338],
       [-122.40513, 37.69436],
       [-122.405023, 37.694362],
       [-122.404996, 37.694383],
       [-122.404836, 37.694386],
       [-122.40481, 37.694408],
       [-122.404756, 37.694409],
       [-122.40473, 37.69443],
       [-122.404569, 37.694433],
       [-122.404517, 37.694476],
       [-122.404356, 37.694479],
       [-122.40433, 37.694501],
       [-122.404143, 37.694504],
       [-122.404117, 37.694526],
       [-122.404036, 37.694527],
       [-122.40401, 37.694549],
       [-122.403823, 37.694552],
       [-122.403797, 37.694573],
       [-122.403663, 37.694576],
       [-122.40361, 37.694619],
       [-122.403316, 37.694624],
       [-122.40329, 37.694646],
       [-122.402888, 37.694652],
       [-122.402862, 37.694674],
       [-122.402354, 37.694682],
       [-122.402328, 37.694704],
       [-122.402113, 37.694708],
       [-122.402087, 37.694729],
       [-122.402089, 37.694793],
       [-122.402035, 37.694794],
       [-122.40195, 37.694729],
       [-122.401946, 37.694327],
       [-122.401996, 37.694305],
       [-122.401992, 37.694157],
       [-122.401916, 37.694098],
       [-122.401872, 37.693778],
       [-122.401927, 37.693732],
       [-122.401924, 37.693626],
       [-122.401869, 37.693563],
       [-122.401836, 37.693563],
       [-122.401737, 37.693042],
       [-122.401775, 37.693011],
       [-122.401771, 37.692862],
       [-122.401685, 37.692821],
       [-122.401511, 37.692166],
       [-122.40151, 37.692101],
       [-122.401487, 37.692083],
       [-122.401328, 37.691553],
       [-122.401113, 37.690996],
       [-122.401132, 37.69098],
       [-122.40113, 37.690895],
       [-122.401103, 37.690874],
       [-122.401102, 37.690831],
       [-122.401074, 37.69081],
       [-122.40107, 37.69064],
       [-122.401015, 37.690577],
       [-122.400943, 37.690557],
       [-122.400823, 37.69028],
       [-122.400846, 37.690261],
       [-122.400843, 37.690155],
       [-122.400816, 37.690134],
       [-122.400815, 37.690091],
       [-122.400733, 37.690029],
       [-122.400732, 37.690008],
       [-122.400705, 37.689987],
       [-122.400704, 37.689944],
       [-122.400646, 37.6899],
       [-122.400598, 37.689797],
       [-122.400792, 37.689794],
       [-122.400864, 37.689942],
       [-122.400946, 37.690004],
       [-122.400974, 37.690004],
       [-122.401147, 37.690117],
       [-122.401298, 37.690175],
       [-122.401378, 37.69015],
       [-122.401379, 37.690167],
       [-122.401491, 37.69025],
       [-122.401516, 37.69028],
       [-122.401517, 37.690314],
       [-122.401645, 37.690433],
       [-122.401812, 37.69063],
       [-122.401943, 37.690499],
       [-122.402094, 37.69038],
       [-122.402356, 37.690236],
       [-122.402651, 37.690139],
       [-122.40315, 37.69005],
       [-122.4034, 37.690503],
       [-122.404837, 37.693402],
       [-122.40484, 37.693514],
       [-122.404867, 37.693535],
       [-122.404868, 37.693556],
       [-122.404934, 37.693597],
       [-122.405259, 37.694253],
       [-122.405234, 37.694273]
      ]
     ],
     [
      [
       [-122.402065, 37.708217],
       [-122.402038, 37.708196],
       [-122.402033, 37.708005],
       [-122.402087, 37.708004],
       [-122.402087, 37.708025],
       [-122.402115, 37.708046],
       [-122.402222, 37.708044],
       [-122.402273, 37.70798],
       [-122.402354, 37.707978],
       [-122.402408, 37.70802],
       [-122.402412, 37.708148],
       [-122.402439, 37.708168],
       [-122.402573, 37.708166],
       [-122.4026, 37.708187],
       [-122.402627, 37.708187],
       [-122.402629, 37.708272],
       [-122.402657, 37.708292],
       [-122.402817, 37.70829],
       [-122.402819, 37.708347],
       [-122.402069, 37.708347],
       [-122.402065, 37.708217]
      ]
     ],
     [
      [
       [-122.40548, 37.699566],
       [-122.405562, 37.699629],
       [-122.405566, 37.699756],
       [-122.405539, 37.699778],
       [-122.405191, 37.699784],
       [-122.405164, 37.699763],
       [-122.405137, 37.699763],
       [-122.405133, 37.699614],
       [-122.405106, 37.699594],
       [-122.405103, 37.699466],
       [-122.405075, 37.699445],
       [-122.405072, 37.699296],
       [-122.405017, 37.699255],
       [-122.405014, 37.699148],
       [-122.404933, 37.699107],
       [-122.404852, 37.699087],
       [-122.40485, 37.699023],
       [-122.404903, 37.69898],
       [-122.404896, 37.698725],
       [-122.404869, 37.698704],
       [-122.404867, 37.69864],
       [-122.40484, 37.698619],
       [-122.404839, 37.698577],
       [-122.404784, 37.698535],
       [-122.404777, 37.69828],
       [-122.404722, 37.698217],
       [-122.404721, 37.698175],
       [-122.404747, 37.698153],
       [-122.404744, 37.698047],
       [-122.404717, 37.698026],
       [-122.404715, 37.697962],
       [-122.404688, 37.697941],
       [-122.404686, 37.697856],
       [-122.404658, 37.697835],
       [-122.404656, 37.697729],
       [-122.404628, 37.697708],
       [-122.404627, 37.697644],
       [-122.404599, 37.697624],
       [-122.404597, 37.697517],
       [-122.404569, 37.697496],
       [-122.404568, 37.697433],
       [-122.40454, 37.697412],
       [-122.404538, 37.697327],
       [-122.404483, 37.697264],
       [-122.40448, 37.697157],
       [-122.404453, 37.697137],
       [-122.40445, 37.69703],
       [-122.404368, 37.696968],
       [-122.404365, 37.69684],
       [-122.404337, 37.696819],
       [-122.404333, 37.696671],
       [-122.404306, 37.69665],
       [-122.404253, 37.696651],
       [-122.404225, 37.69663],
       [-122.404091, 37.696632],
       [-122.40409, 37.696568],
       [-122.404142, 37.696504],
       [-122.404137, 37.696333],
       [-122.404163, 37.696312],
       [-122.404161, 37.696205],
       [-122.404133, 37.696185],
       [-122.403973, 37.696187],
       [-122.403968, 37.696017],
       [-122.403941, 37.695996],
       [-122.40394, 37.695954],
       [-122.403857, 37.69587],
       [-122.403855, 37.695785],
       [-122.4038, 37.695743],
       [-122.403772, 37.69568],
       [-122.403662, 37.695575],
       [-122.403662, 37.695554],
       [-122.403634, 37.695533],
       [-122.403633, 37.69547],
       [-122.403551, 37.695428],
       [-122.403495, 37.695323],
       [-122.40344, 37.695281],
       [-122.403384, 37.695176],
       [-122.403302, 37.695113],
       [-122.403272, 37.695008],
       [-122.403191, 37.694945],
       [-122.403164, 37.694946],
       [-122.403136, 37.694925],
       [-122.403134, 37.69484],
       [-122.403268, 37.694837],
       [-122.403294, 37.694816],
       [-122.403482, 37.694813],
       [-122.403563, 37.694854],
       [-122.403619, 37.694959],
       [-122.403756, 37.695085],
       [-122.403758, 37.695148],
       [-122.403785, 37.695169],
       [-122.403786, 37.695191],
       [-122.403867, 37.695232],
       [-122.403868, 37.695253],
       [-122.403895, 37.695274],
       [-122.403896, 37.695316],
       [-122.403978, 37.695379],
       [-122.403979, 37.695421],
       [-122.404061, 37.695484],
       [-122.404062, 37.695526],
       [-122.404145, 37.69561],
       [-122.404146, 37.695631],
       [-122.404201, 37.695694],
       [-122.404202, 37.695737],
       [-122.404284, 37.695799],
       [-122.404285, 37.695863],
       [-122.404313, 37.695884],
       [-122.404314, 37.695926],
       [-122.404369, 37.695989],
       [-122.40437, 37.696032],
       [-122.404398, 37.696053],
       [-122.404401, 37.696201],
       [-122.404456, 37.696243],
       [-122.40451, 37.696242],
       [-122.404537, 37.696263],
       [-122.404618, 37.696283],
       [-122.404619, 37.696326],
       [-122.404593, 37.696347],
       [-122.404595, 37.696432],
       [-122.40465, 37.696495],
       [-122.404654, 37.696644],
       [-122.404681, 37.696665],
       [-122.404735, 37.696664],
       [-122.404738, 37.69677],
       [-122.404765, 37.696791],
       [-122.404767, 37.696855],
       [-122.404794, 37.696876],
       [-122.404796, 37.696961],
       [-122.404851, 37.697024],
       [-122.404853, 37.697087],
       [-122.40488, 37.697108],
       [-122.404882, 37.697172],
       [-122.404909, 37.697193],
       [-122.40491, 37.697235],
       [-122.404938, 37.697256],
       [-122.40494, 37.697341],
       [-122.404967, 37.697362],
       [-122.404969, 37.697426],
       [-122.404996, 37.697447],
       [-122.404997, 37.697489],
       [-122.405025, 37.69751],
       [-122.40503, 37.697702],
       [-122.405057, 37.697722],
       [-122.405058, 37.697765],
       [-122.405086, 37.697786],
       [-122.405087, 37.697828],
       [-122.405114, 37.697849],
       [-122.405116, 37.697934],
       [-122.405143, 37.697955],
       [-122.405145, 37.697997],
       [-122.4052, 37.69806],
       [-122.405208, 37.698358],
       [-122.405235, 37.698379],
       [-122.405237, 37.698464],
       [-122.405264, 37.698485],
       [-122.405266, 37.698527],
       [-122.405293, 37.698548],
       [-122.405295, 37.698633],
       [-122.405322, 37.698654],
       [-122.405324, 37.698697],
       [-122.405351, 37.698717],
       [-122.405354, 37.698824],
       [-122.405381, 37.698844],
       [-122.405383, 37.698908],
       [-122.40541, 37.698929],
       [-122.405412, 37.698993],
       [-122.405439, 37.699014],
       [-122.40544, 37.699056],
       [-122.405495, 37.699119],
       [-122.405499, 37.699247],
       [-122.405526, 37.699268],
       [-122.40553, 37.699416],
       [-122.405477, 37.69946],
       [-122.40548, 37.699566]
      ]
     ],
     [
      [
       [-122.403245, 37.708283],
       [-122.403272, 37.708261],
       [-122.403269, 37.708155],
       [-122.403295, 37.708133],
       [-122.403349, 37.708132],
       [-122.403401, 37.708089],
       [-122.403481, 37.708066],
       [-122.403507, 37.708044],
       [-122.403587, 37.708043],
       [-122.403639, 37.707978],
       [-122.403693, 37.707977],
       [-122.403719, 37.707956],
       [-122.403717, 37.707871],
       [-122.403743, 37.70787],
       [-122.40377, 37.707849],
       [-122.403795, 37.707784],
       [-122.403902, 37.707783],
       [-122.403929, 37.707803],
       [-122.403931, 37.707888],
       [-122.403959, 37.707909],
       [-122.40396, 37.707952],
       [-122.403933, 37.707952],
       [-122.40388, 37.707996],
       [-122.403883, 37.708081],
       [-122.403964, 37.708122],
       [-122.404018, 37.708121],
       [-122.404019, 37.708164],
       [-122.404073, 37.708205],
       [-122.404075, 37.708248],
       [-122.404048, 37.708269],
       [-122.40405, 37.708347],
       [-122.403247, 37.708347],
       [-122.403245, 37.708283]
      ]
     ],
     [
      [
       [-122.404157, 37.70731],
       [-122.40413, 37.707311],
       [-122.404078, 37.707354],
       [-122.404079, 37.707397],
       [-122.404025, 37.707398],
       [-122.404022, 37.70727],
       [-122.404048, 37.707248],
       [-122.404044, 37.707078],
       [-122.404124, 37.707077],
       [-122.404151, 37.707098],
       [-122.404178, 37.707097],
       [-122.404179, 37.707119],
       [-122.404206, 37.707139],
       [-122.40426, 37.707138],
       [-122.404261, 37.707202],
       [-122.404157, 37.70731]
      ]
     ],
     [
      [
       [-122.404519, 37.706815],
       [-122.404492, 37.706815],
       [-122.404466, 37.706837],
       [-122.404468, 37.706901],
       [-122.404307, 37.706904],
       [-122.40428, 37.706883],
       [-122.404145, 37.706864],
       [-122.404118, 37.706843],
       [-122.404115, 37.706737],
       [-122.404141, 37.706715],
       [-122.40414, 37.706651],
       [-122.404217, 37.706543],
       [-122.404216, 37.706501],
       [-122.404294, 37.706393],
       [-122.404293, 37.706351],
       [-122.404344, 37.706286],
       [-122.404343, 37.706244],
       [-122.404422, 37.706178],
       [-122.404417, 37.706008],
       [-122.404444, 37.705987],
       [-122.404441, 37.705902],
       [-122.404468, 37.70588],
       [-122.404464, 37.705752],
       [-122.404517, 37.705709],
       [-122.40451, 37.705454],
       [-122.404536, 37.705432],
       [-122.404535, 37.705389],
       [-122.404561, 37.705368],
       [-122.404561, 37.705346],
       [-122.404587, 37.705325],
       [-122.404585, 37.705261],
       [-122.404612, 37.705239],
       [-122.404611, 37.705218],
       [-122.404638, 37.705218],
       [-122.40469, 37.705153],
       [-122.404688, 37.705089],
       [-122.404714, 37.705067],
       [-122.404713, 37.705025],
       [-122.404765, 37.70496],
       [-122.404764, 37.704939],
       [-122.404817, 37.704896],
       [-122.404816, 37.704853],
       [-122.404842, 37.704831],
       [-122.404841, 37.70481],
       [-122.404868, 37.70481],
       [-122.404894, 37.704788],
       [-122.404893, 37.704745],
       [-122.404919, 37.704724],
       [-122.404919, 37.704702],
       [-122.404971, 37.704659],
       [-122.404996, 37.704595],
       [-122.405023, 37.704594],
       [-122.405049, 37.704573],
       [-122.405048, 37.704509],
       [-122.405074, 37.704487],
       [-122.405073, 37.704445],
       [-122.405099, 37.704423],
       [-122.405233, 37.704421],
       [-122.40526, 37.704441],
       [-122.405314, 37.704441],
       [-122.405368, 37.704482],
       [-122.40537, 37.704567],
       [-122.405344, 37.704589],
       [-122.405346, 37.704674],
       [-122.40532, 37.704696],
       [-122.405323, 37.704802],
       [-122.405297, 37.704824],
       [-122.4053, 37.704951],
       [-122.405274, 37.704973],
       [-122.405276, 37.705037],
       [-122.405249, 37.705059],
       [-122.405251, 37.705101],
       [-122.405224, 37.705123],
       [-122.405228, 37.70525],
       [-122.405201, 37.705272],
       [-122.405204, 37.705357],
       [-122.405152, 37.705422],
       [-122.405128, 37.705529],
       [-122.40505, 37.705615],
       [-122.405051, 37.705657],
       [-122.405025, 37.705679],
       [-122.405026, 37.705722],
       [-122.405, 37.705743],
       [-122.405, 37.705765],
       [-122.404973, 37.705765],
       [-122.404947, 37.705787],
       [-122.404922, 37.705851],
       [-122.404844, 37.705937],
       [-122.404845, 37.70598],
       [-122.404819, 37.706002],
       [-122.40482, 37.706023],
       [-122.404793, 37.706023],
       [-122.404767, 37.706045],
       [-122.404716, 37.706174],
       [-122.404664, 37.706217],
       [-122.404666, 37.706281],
       [-122.404639, 37.706302],
       [-122.404641, 37.706366],
       [-122.404615, 37.706388],
       [-122.404616, 37.706431],
       [-122.40459, 37.706452],
       [-122.404594, 37.706601],
       [-122.404621, 37.706622],
       [-122.404622, 37.706664],
       [-122.404543, 37.706708],
       [-122.404545, 37.706793],
       [-122.404519, 37.706815]
      ]
     ],
     [
      [
       [-122.405834, 37.700815],
       [-122.405808, 37.700837],
       [-122.405809, 37.700858],
       [-122.40573, 37.700924],
       [-122.40565, 37.700925],
       [-122.405403, 37.700695],
       [-122.405346, 37.700589],
       [-122.405292, 37.700548],
       [-122.405291, 37.700527],
       [-122.405236, 37.700464],
       [-122.405235, 37.700421],
       [-122.405208, 37.7004],
       [-122.405206, 37.700358],
       [-122.405179, 37.700337],
       [-122.405177, 37.700273],
       [-122.40515, 37.700252],
       [-122.405148, 37.700167],
       [-122.405121, 37.700146],
       [-122.405118, 37.70004],
       [-122.405225, 37.700038],
       [-122.405252, 37.700059],
       [-122.405573, 37.700054],
       [-122.405574, 37.700075],
       [-122.405601, 37.700096],
       [-122.405604, 37.700202],
       [-122.405631, 37.700223],
       [-122.405632, 37.700266],
       [-122.405771, 37.700455],
       [-122.405772, 37.700476],
       [-122.405854, 37.700539],
       [-122.405855, 37.700581],
       [-122.405937, 37.700644],
       [-122.405964, 37.700643],
       [-122.405991, 37.700664],
       [-122.405993, 37.700749],
       [-122.405967, 37.700771],
       [-122.405913, 37.700772],
       [-122.405861, 37.700815],
       [-122.405834, 37.700815]
      ]
     ],
     [
      [
       [-122.405568, 37.703947],
       [-122.405569, 37.70399],
       [-122.405543, 37.704011],
       [-122.405544, 37.704033],
       [-122.405383, 37.704035],
       [-122.405301, 37.703951],
       [-122.405297, 37.703803],
       [-122.405323, 37.703781],
       [-122.40532, 37.703675],
       [-122.405346, 37.703653],
       [-122.405344, 37.703568],
       [-122.405397, 37.703524],
       [-122.405421, 37.703418],
       [-122.405447, 37.703396],
       [-122.405472, 37.703332],
       [-122.405524, 37.703288],
       [-122.405523, 37.703246],
       [-122.405549, 37.703224],
       [-122.405549, 37.703203],
       [-122.405628, 37.703159],
       [-122.405627, 37.703116],
       [-122.405705, 37.70303],
       [-122.405703, 37.702945],
       [-122.405781, 37.70288],
       [-122.40578, 37.702837],
       [-122.405832, 37.702773],
       [-122.405831, 37.70273],
       [-122.405857, 37.702708],
       [-122.405855, 37.702623],
       [-122.405881, 37.702602],
       [-122.405876, 37.70241],
       [-122.405902, 37.702389],
       [-122.405898, 37.70224],
       [-122.405925, 37.702218],
       [-122.405924, 37.702197],
       [-122.406003, 37.702132],
       [-122.40611, 37.70213],
       [-122.406137, 37.702151],
       [-122.406271, 37.70217],
       [-122.406353, 37.702211],
       [-122.406356, 37.702338],
       [-122.40633, 37.70236],
       [-122.406331, 37.702403],
       [-122.406201, 37.702533],
       [-122.406202, 37.702575],
       [-122.406123, 37.70264],
       [-122.406073, 37.702769],
       [-122.405994, 37.702834],
       [-122.405996, 37.702898],
       [-122.40597, 37.702919],
       [-122.405972, 37.703004],
       [-122.405946, 37.703026],
       [-122.40595, 37.703175],
       [-122.405924, 37.703197],
       [-122.405926, 37.703282],
       [-122.4059, 37.703303],
       [-122.405901, 37.703346],
       [-122.405874, 37.703368],
       [-122.405878, 37.703495],
       [-122.405852, 37.703517],
       [-122.405854, 37.703602],
       [-122.405828, 37.703624],
       [-122.405751, 37.703774],
       [-122.405699, 37.703817],
       [-122.405699, 37.703838],
       [-122.405673, 37.70386],
       [-122.405674, 37.703903],
       [-122.405648, 37.703924],
       [-122.405595, 37.703925],
       [-122.405568, 37.703947]
      ]
     ],
     [
      [
       [-122.406748, 37.70197],
       [-122.406722, 37.701992],
       [-122.406668, 37.701993],
       [-122.406642, 37.702015],
       [-122.406428, 37.702018],
       [-122.406401, 37.701997],
       [-122.40624, 37.702],
       [-122.406186, 37.701958],
       [-122.406132, 37.701959],
       [-122.406105, 37.701938],
       [-122.406078, 37.701939],
       [-122.406051, 37.701918],
       [-122.40605, 37.701897],
       [-122.405995, 37.701855],
       [-122.405969, 37.701856],
       [-122.405968, 37.701834],
       [-122.405913, 37.701793],
       [-122.405913, 37.701771],
       [-122.405886, 37.701751],
       [-122.405859, 37.701751],
       [-122.405858, 37.70173],
       [-122.405831, 37.701709],
       [-122.405804, 37.701709],
       [-122.405803, 37.701667],
       [-122.405776, 37.701646],
       [-122.405774, 37.701582],
       [-122.405747, 37.701561],
       [-122.40564, 37.701563],
       [-122.405611, 37.7015],
       [-122.405528, 37.701395],
       [-122.405527, 37.701352],
       [-122.405579, 37.701309],
       [-122.405579, 37.701288],
       [-122.40574, 37.701285],
       [-122.405766, 37.701263],
       [-122.405765, 37.701221],
       [-122.405816, 37.701156],
       [-122.405816, 37.701135],
       [-122.405868, 37.701091],
       [-122.405868, 37.70107],
       [-122.406051, 37.700918],
       [-122.406105, 37.700917],
       [-122.406157, 37.700874],
       [-122.406184, 37.700873],
       [-122.406263, 37.70083],
       [-122.406397, 37.700827],
       [-122.406423, 37.700806],
       [-122.406503, 37.700804],
       [-122.406531, 37.700825],
       [-122.406665, 37.700844],
       [-122.406692, 37.700865],
       [-122.406773, 37.700864],
       [-122.406854, 37.700905],
       [-122.406881, 37.700904],
       [-122.406881, 37.700926],
       [-122.406909, 37.700947],
       [-122.406935, 37.700946],
       [-122.406936, 37.700967],
       [-122.407018, 37.70103],
       [-122.407072, 37.701029],
       [-122.4071, 37.701092],
       [-122.407155, 37.701134],
       [-122.407262, 37.701132],
       [-122.407288, 37.70111],
       [-122.407341, 37.70111],
       [-122.407342, 37.701152],
       [-122.407209, 37.701154],
       [-122.407182, 37.701176],
       [-122.407185, 37.701261],
       [-122.407212, 37.701282],
       [-122.407242, 37.701388],
       [-122.407215, 37.701409],
       [-122.407218, 37.701516],
       [-122.407192, 37.701537],
       [-122.407195, 37.701644],
       [-122.407169, 37.701666],
       [-122.407169, 37.701687],
       [-122.40709, 37.701752],
       [-122.407091, 37.701773],
       [-122.407064, 37.701774],
       [-122.407038, 37.701795],
       [-122.407039, 37.701817],
       [-122.406986, 37.70186],
       [-122.406987, 37.701881],
       [-122.40696, 37.701882],
       [-122.406908, 37.701925],
       [-122.406854, 37.701926],
       [-122.406775, 37.70197],
       [-122.406748, 37.70197]
      ]
     ]
    ]
   }
  },
  {
   "type": "Feature",
   "properties": {
    "kind": "zone",
    "category": "other",
    "label": "Amenities area",
    "source": "traced: 2026 Staff-Recommended Baylands Specific Plan (City of Brisbane, May 14, 2026), Chapter 2, Land Use Program and Definitions, Figure 2.3.1, Land Use Plan, p. 2-9 (PDF p. 10)",
    "note": "Draft specific plan land use, not yet adopted. Community gathering, recreation and clubhouse uses for residents, buildings up to 60 ft (Sec. 2.4.3, p. 2-12). Mapped to other: not public civic use. About 2.1 acres as drawn.",
    "stage": "entitlement"
   },
   "geometry": {
    "type": "MultiPolygon",
    "coordinates": [
     [
      [
       [-122.404629, 37.699793],
       [-122.404602, 37.699772],
       [-122.404442, 37.699775],
       [-122.404415, 37.699796],
       [-122.403853, 37.699806],
       [-122.403849, 37.699657],
       [-122.404007, 37.699527],
       [-122.404006, 37.699505],
       [-122.404032, 37.699484],
       [-122.404026, 37.699229],
       [-122.404104, 37.699163],
       [-122.404102, 37.699078],
       [-122.404075, 37.699058],
       [-122.404074, 37.699015],
       [-122.4041, 37.699015],
       [-122.404127, 37.698993],
       [-122.404341, 37.698989],
       [-122.404445, 37.698902],
       [-122.404445, 37.698881],
       [-122.404497, 37.698838],
       [-122.404577, 37.698815],
       [-122.404629, 37.698772],
       [-122.404626, 37.698623],
       [-122.404652, 37.698623],
       [-122.404679, 37.698601],
       [-122.404759, 37.698599],
       [-122.404762, 37.698706],
       [-122.404789, 37.698727],
       [-122.404816, 37.698726],
       [-122.404818, 37.698833],
       [-122.404846, 37.698853],
       [-122.404873, 37.698853],
       [-122.404873, 37.698874],
       [-122.4049, 37.698895],
       [-122.404902, 37.698959],
       [-122.404823, 37.699024],
       [-122.404826, 37.69913],
       [-122.404909, 37.699214],
       [-122.40491, 37.699256],
       [-122.404937, 37.699277],
       [-122.404964, 37.699277],
       [-122.404968, 37.699447],
       [-122.404996, 37.699468],
       [-122.405023, 37.699467],
       [-122.405028, 37.69968],
       [-122.405002, 37.699702],
       [-122.405003, 37.699744],
       [-122.404977, 37.699766],
       [-122.40487, 37.699768],
       [-122.404844, 37.699789],
       [-122.404629, 37.699793]
      ]
     ]
    ]
   }
  },
  {
   "type": "Feature",
   "properties": {
    "kind": "zone",
    "category": "industrial",
    "label": "Sustainable infrastructure",
    "source": "traced: 2026 Staff-Recommended Baylands Specific Plan (City of Brisbane, May 14, 2026), Chapter 2, Land Use Program and Definitions, Figure 2.3.1, Land Use Plan, p. 2-9 (PDF p. 10)",
    "note": "Draft specific plan land use, not yet adopted. Energy, water recycling, potable water storage, the city corporation yard and a possible high-speed rail maintenance facility (Sec. 2.4.3, p. 2-13). Mapped to industrial: utility and infrastructure land. About 102.2 acres as drawn.",
    "stage": "entitlement"
   },
   "geometry": {
    "type": "MultiPolygon",
    "coordinates": [
     [
      [
       [-122.394312, 37.695326],
       [-122.394286, 37.695347],
       [-122.394206, 37.695349],
       [-122.394127, 37.695414],
       [-122.393966, 37.695416],
       [-122.393939, 37.695396],
       [-122.393859, 37.695397],
       [-122.393804, 37.695355],
       [-122.393644, 37.695358],
       [-122.393589, 37.695316],
       [-122.393509, 37.695318],
       [-122.393507, 37.695254],
       [-122.39348, 37.695233],
       [-122.393475, 37.695042],
       [-122.393447, 37.695021],
       [-122.393445, 37.694914],
       [-122.393417, 37.694894],
       [-122.393415, 37.694809],
       [-122.393388, 37.694788],
       [-122.393387, 37.694745],
       [-122.393359, 37.694724],
       [-122.393357, 37.694618],
       [-122.393329, 37.694597],
       [-122.393328, 37.694533],
       [-122.3933, 37.694513],
       [-122.393297, 37.694385],
       [-122.39327, 37.694364],
       [-122.393266, 37.694237],
       [-122.393293, 37.694215],
       [-122.393289, 37.694066],
       [-122.393261, 37.694045],
       [-122.393235, 37.694046],
       [-122.393234, 37.694003],
       [-122.39326, 37.693981],
       [-122.39325, 37.69362],
       [-122.393196, 37.693578],
       [-122.393195, 37.693536],
       [-122.393167, 37.693515],
       [-122.39316, 37.693217],
       [-122.393186, 37.693195],
       [-122.393181, 37.693025],
       [-122.393154, 37.693005],
       [-122.393127, 37.693005],
       [-122.393126, 37.692962],
       [-122.393099, 37.692942],
       [-122.393096, 37.692835],
       [-122.393069, 37.692814],
       [-122.393066, 37.692729],
       [-122.393039, 37.692709],
       [-122.393036, 37.692581],
       [-122.393009, 37.69256],
       [-122.393005, 37.692433],
       [-122.392978, 37.692412],
       [-122.392977, 37.692369],
       [-122.392949, 37.692348],
       [-122.392948, 37.692285],
       [-122.392893, 37.692222],
       [-122.392892, 37.6922],
       [-122.392865, 37.69218],
       [-122.392838, 37.69218],
       [-122.392833, 37.691989],
       [-122.392806, 37.691968],
       [-122.392801, 37.691798],
       [-122.392827, 37.691776],
       [-122.392826, 37.691734],
       [-122.392853, 37.691712],
       [-122.392849, 37.691584],
       [-122.392875, 37.691563],
       [-122.39286, 37.690967],
       [-122.392833, 37.690946],
       [-122.392829, 37.690797],
       [-122.392801, 37.690777],
       [-122.392799, 37.690692],
       [-122.392772, 37.690671],
       [-122.392769, 37.690564],
       [-122.392742, 37.690544],
       [-122.39274, 37.69048],
       [-122.392793, 37.690436],
       [-122.392819, 37.690436],
       [-122.392846, 37.690414],
       [-122.392845, 37.690393],
       [-122.392925, 37.69037],
       [-122.392977, 37.690327],
       [-122.393031, 37.690326],
       [-122.393083, 37.690283],
       [-122.393163, 37.690281],
       [-122.393215, 37.690217],
       [-122.393269, 37.690216],
       [-122.393295, 37.690194],
       [-122.393294, 37.690173],
       [-122.393348, 37.690172],
       [-122.393374, 37.69015],
       [-122.393561, 37.690147],
       [-122.393588, 37.690125],
       [-122.393586, 37.690062],
       [-122.393639, 37.690061],
       [-122.393719, 37.690017],
       [-122.393826, 37.690015],
       [-122.393878, 37.689951],
       [-122.393985, 37.689949],
       [-122.394064, 37.689905],
       [-122.394117, 37.689904],
       [-122.394143, 37.689882],
       [-122.394304, 37.68988],
       [-122.394356, 37.689836],
       [-122.394383, 37.689836],
       [-122.394409, 37.689814],
       [-122.39449, 37.689813],
       [-122.394516, 37.689791],
       [-122.394623, 37.689789],
       [-122.394649, 37.689768],
       [-122.394729, 37.689766],
       [-122.394756, 37.689745],
       [-122.394916, 37.689742],
       [-122.394917, 37.689784],
       [-122.394945, 37.689805],
       [-122.395052, 37.689804],
       [-122.395078, 37.689782],
       [-122.395076, 37.689718],
       [-122.395156, 37.689717],
       [-122.395184, 37.689738],
       [-122.395291, 37.689736],
       [-122.395317, 37.689714],
       [-122.395316, 37.689693],
       [-122.39537, 37.689692],
       [-122.395397, 37.689713],
       [-122.395477, 37.689711],
       [-122.39548, 37.689818],
       [-122.395535, 37.689859],
       [-122.395669, 37.689857],
       [-122.395721, 37.689814],
       [-122.395717, 37.689665],
       [-122.395878, 37.689662],
       [-122.395905, 37.689683],
       [-122.396253, 37.689677],
       [-122.39628, 37.689698],
       [-122.396441, 37.689696],
       [-122.396442, 37.689759],
       [-122.396416, 37.689781],
       [-122.396418, 37.689866],
       [-122.396446, 37.689887],
       [-122.396526, 37.689886],
       [-122.396527, 37.689907],
       [-122.396554, 37.689928],
       [-122.396557, 37.690055],
       [-122.396585, 37.690076],
       [-122.396614, 37.690182],
       [-122.396641, 37.690203],
       [-122.396643, 37.690245],
       [-122.39667, 37.690266],
       [-122.396671, 37.690309],
       [-122.396698, 37.69033],
       [-122.396702, 37.690478],
       [-122.396757, 37.690541],
       [-122.39676, 37.690626],
       [-122.396787, 37.690647],
       [-122.396789, 37.690711],
       [-122.396816, 37.690732],
       [-122.396818, 37.690817],
       [-122.396845, 37.690838],
       [-122.396847, 37.69088],
       [-122.396874, 37.690901],
       [-122.396875, 37.690944],
       [-122.396902, 37.690964],
       [-122.396906, 37.691092],
       [-122.396933, 37.691113],
       [-122.396935, 37.691198],
       [-122.396962, 37.691219],
       [-122.396967, 37.691389],
       [-122.396994, 37.69141],
       [-122.397101, 37.691408],
       [-122.397105, 37.691535],
       [-122.397078, 37.691557],
       [-122.397082, 37.691685],
       [-122.397109, 37.691706],
       [-122.397113, 37.691854],
       [-122.39714, 37.691875],
       [-122.397247, 37.691873],
       [-122.397275, 37.691894],
       [-122.397301, 37.691894],
       [-122.397302, 37.691936],
       [-122.397224, 37.692001],
       [-122.397227, 37.692108],
       [-122.397254, 37.692129],
       [-122.397254, 37.69215],
       [-122.397282, 37.692171],
       [-122.397309, 37.69217],
       [-122.397313, 37.69234],
       [-122.39734, 37.692361],
       [-122.397367, 37.692361],
       [-122.39737, 37.692488],
       [-122.397344, 37.69251],
       [-122.39735, 37.692723],
       [-122.397377, 37.692744],
       [-122.397431, 37.692743],
       [-122.397431, 37.692764],
       [-122.397458, 37.692785],
       [-122.39746, 37.692849],
       [-122.397433, 37.692849],
       [-122.397407, 37.692871],
       [-122.397411, 37.69302],
       [-122.397438, 37.69304],
       [-122.397599, 37.693038],
       [-122.397605, 37.693272],
       [-122.397632, 37.693292],
       [-122.397634, 37.693356],
       [-122.397661, 37.693377],
       [-122.397663, 37.693441],
       [-122.39769, 37.693462],
       [-122.397692, 37.693525],
       [-122.397719, 37.693546],
       [-122.397721, 37.69361],
       [-122.397748, 37.693631],
       [-122.397752, 37.693758],
       [-122.397779, 37.693779],
       [-122.397808, 37.693885],
       [-122.397836, 37.693906],
       [-122.397838, 37.693991],
       [-122.397865, 37.694012],
       [-122.397892, 37.694011],
       [-122.397896, 37.694182],
       [-122.397924, 37.694202],
       [-122.397926, 37.694287],
       [-122.397981, 37.694329],
       [-122.398007, 37.694329],
       [-122.398009, 37.694392],
       [-122.397983, 37.694414],
       [-122.397988, 37.694606],
       [-122.397801, 37.694609],
       [-122.397774, 37.69463],
       [-122.397694, 37.694632],
       [-122.397668, 37.694653],
       [-122.397588, 37.694655],
       [-122.397561, 37.694676],
       [-122.397454, 37.694678],
       [-122.397428, 37.6947],
       [-122.397375, 37.694701],
       [-122.397295, 37.694745],
       [-122.397135, 37.694747],
       [-122.397109, 37.694769],
       [-122.397028, 37.69477],
       [-122.397002, 37.694792],
       [-122.396949, 37.694793],
       [-122.396922, 37.694815],
       [-122.396815, 37.694816],
       [-122.396788, 37.694796],
       [-122.396574, 37.694799],
       [-122.396391, 37.694951],
       [-122.39623, 37.694954],
       [-122.396204, 37.694975],
       [-122.39615, 37.694976],
       [-122.396124, 37.694998],
       [-122.395883, 37.695002],
       [-122.395857, 37.695024],
       [-122.395777, 37.695025],
       [-122.395751, 37.695047],
       [-122.39567, 37.695048],
       [-122.395644, 37.69507],
       [-122.395564, 37.695071],
       [-122.395538, 37.695093],
       [-122.395484, 37.695094],
       [-122.395458, 37.695115],
       [-122.395324, 37.695117],
       [-122.395298, 37.695139],
       [-122.395299, 37.695182],
       [-122.395219, 37.695183],
       [-122.395166, 37.695226],
       [-122.395086, 37.695228],
       [-122.39506, 37.695249],
       [-122.395006, 37.69525],
       [-122.394979, 37.69523],
       [-122.394818, 37.695232],
       [-122.394792, 37.695254],
       [-122.394685, 37.695256],
       [-122.39463, 37.695214],
       [-122.394523, 37.695216],
       [-122.394497, 37.695237],
       [-122.394499, 37.695301],
       [-122.394392, 37.695303],
       [-122.394366, 37.695325],
       [-122.394312, 37.695326]
      ],
      [
       [-122.3954, 37.691883],
       [-122.395428, 37.691903],
       [-122.395561, 37.691901],
       [-122.395588, 37.69188],
       [-122.395584, 37.691731],
       [-122.395556, 37.69171],
       [-122.395423, 37.691712],
       [-122.395396, 37.691734],
       [-122.3954, 37.691883]
      ],
      [
       [-122.396815, 37.692732],
       [-122.396842, 37.692752],
       [-122.39727, 37.692745],
       [-122.397296, 37.692724],
       [-122.397293, 37.692617],
       [-122.397266, 37.692596],
       [-122.397132, 37.692599],
       [-122.397106, 37.69262],
       [-122.396839, 37.692625],
       [-122.396812, 37.692646],
       [-122.396815, 37.692732]
      ]
     ],
     [
      [
       [-122.39691, 37.706639],
       [-122.396617, 37.706711],
       [-122.396615, 37.706626],
       [-122.396669, 37.706626],
       [-122.396695, 37.706604],
       [-122.396694, 37.706561],
       [-122.396667, 37.706583],
       [-122.396668, 37.706604],
       [-122.396614, 37.706605],
       [-122.396588, 37.706627],
       [-122.396591, 37.706718],
       [-122.395899, 37.706889],
       [-122.395897, 37.70683],
       [-122.39587, 37.706809],
       [-122.395868, 37.706724],
       [-122.395948, 37.706723],
       [-122.395974, 37.706701],
       [-122.396055, 37.7067],
       [-122.396081, 37.706678],
       [-122.396077, 37.706529],
       [-122.39605, 37.706508],
       [-122.396046, 37.706359],
       [-122.396098, 37.706295],
       [-122.396095, 37.706188],
       [-122.396147, 37.706124],
       [-122.396145, 37.70606],
       [-122.396172, 37.706059],
       [-122.396224, 37.706016],
       [-122.396223, 37.705973],
       [-122.39625, 37.705973],
       [-122.396276, 37.705951],
       [-122.396275, 37.70593],
       [-122.396302, 37.70593],
       [-122.396328, 37.705908],
       [-122.396328, 37.705887],
       [-122.396381, 37.705886],
       [-122.396408, 37.705864],
       [-122.396407, 37.705821],
       [-122.396487, 37.70582],
       [-122.396513, 37.705798],
       [-122.396512, 37.705777],
       [-122.396539, 37.705755],
       [-122.396537, 37.705692],
       [-122.396671, 37.705689],
       [-122.396697, 37.705668],
       [-122.396695, 37.705583],
       [-122.396721, 37.705561],
       [-122.396775, 37.70556],
       [-122.396827, 37.705517],
       [-122.396826, 37.705495],
       [-122.396853, 37.705495],
       [-122.396879, 37.705473],
       [-122.396933, 37.705472],
       [-122.396959, 37.705451],
       [-122.396959, 37.705429],
       [-122.396985, 37.705429],
       [-122.397118, 37.705363],
       [-122.397305, 37.70536],
       [-122.397331, 37.705338],
       [-122.39733, 37.705296],
       [-122.39741, 37.705294],
       [-122.397436, 37.705273],
       [-122.397436, 37.705251],
       [-122.397489, 37.705251],
       [-122.397516, 37.705229],
       [-122.397569, 37.705228],
       [-122.397595, 37.705206],
       [-122.397756, 37.705204],
       [-122.397782, 37.705182],
       [-122.397862, 37.705181],
       [-122.397941, 37.705094],
       [-122.397967, 37.705094],
       [-122.398046, 37.70505],
       [-122.398127, 37.705049],
       [-122.398179, 37.705005],
       [-122.39826, 37.705004],
       [-122.398365, 37.704938],
       [-122.398445, 37.704937],
       [-122.398471, 37.704915],
       [-122.398578, 37.704913],
       [-122.398658, 37.70487],
       [-122.398765, 37.704868],
       [-122.398792, 37.704889],
       [-122.398793, 37.704931],
       [-122.398875, 37.704994],
       [-122.398876, 37.705036],
       [-122.398904, 37.705057],
       [-122.398957, 37.705056],
       [-122.398958, 37.705099],
       [-122.39904, 37.70514],
       [-122.399041, 37.705204],
       [-122.399069, 37.705224],
       [-122.399176, 37.705223],
       [-122.399257, 37.705264],
       [-122.399258, 37.705285],
       [-122.399285, 37.705306],
       [-122.399365, 37.705305],
       [-122.399392, 37.705326],
       [-122.39966, 37.705321],
       [-122.399661, 37.70537],
       [-122.399298, 37.705399],
       [-122.399127, 37.705394],
       [-122.399101, 37.705415],
       [-122.398225, 37.705485],
       [-122.397233, 37.705509],
       [-122.396801, 37.706029],
       [-122.396902, 37.706537],
       [-122.396854, 37.706537],
       [-122.396827, 37.706559],
       [-122.396906, 37.706558],
       [-122.39691, 37.706639]
      ]
     ],
     [
      [
       [-122.400436, 37.705287],
       [-122.400434, 37.705202],
       [-122.400406, 37.705181],
       [-122.400272, 37.705183],
       [-122.400246, 37.705205],
       [-122.400248, 37.705269],
       [-122.400194, 37.70527],
       [-122.400193, 37.705227],
       [-122.400166, 37.705206],
       [-122.399791, 37.705213],
       [-122.399764, 37.705192],
       [-122.39963, 37.705194],
       [-122.399603, 37.705173],
       [-122.399468, 37.705154],
       [-122.399467, 37.705112],
       [-122.39944, 37.705091],
       [-122.399333, 37.705092],
       [-122.399306, 37.705072],
       [-122.399279, 37.705072],
       [-122.399197, 37.70501],
       [-122.399196, 37.704967],
       [-122.399168, 37.704946],
       [-122.399115, 37.704947],
       [-122.39906, 37.704906],
       [-122.399032, 37.704842],
       [-122.399004, 37.704821],
       [-122.399003, 37.704758],
       [-122.399029, 37.704736],
       [-122.399028, 37.704715],
       [-122.399055, 37.704693],
       [-122.399108, 37.704692],
       [-122.399134, 37.70467],
       [-122.399215, 37.704669],
       [-122.399241, 37.704647],
       [-122.399238, 37.70452],
       [-122.399345, 37.704518],
       [-122.399346, 37.70456],
       [-122.399373, 37.704581],
       [-122.399507, 37.704579],
       [-122.399533, 37.704557],
       [-122.399531, 37.704472],
       [-122.399691, 37.70447],
       [-122.399692, 37.704491],
       [-122.399719, 37.704512],
       [-122.399907, 37.704509],
       [-122.399933, 37.704487],
       [-122.39993, 37.704359],
       [-122.399983, 37.704358],
       [-122.399985, 37.704444],
       [-122.400013, 37.704464],
       [-122.400146, 37.704462],
       [-122.400173, 37.70444],
       [-122.400226, 37.70444],
       [-122.400252, 37.704418],
       [-122.400247, 37.704226],
       [-122.400301, 37.704226],
       [-122.400328, 37.704246],
       [-122.400332, 37.704374],
       [-122.400359, 37.704395],
       [-122.400546, 37.704392],
       [-122.400572, 37.70437],
       [-122.400571, 37.704327],
       [-122.400598, 37.704306],
       [-122.400623, 37.704242],
       [-122.400649, 37.70422],
       [-122.400756, 37.704218],
       [-122.400782, 37.704196],
       [-122.400779, 37.70409],
       [-122.400886, 37.704088],
       [-122.400891, 37.70428],
       [-122.400758, 37.704282],
       [-122.400731, 37.704304],
       [-122.400735, 37.704452],
       [-122.400709, 37.704474],
       [-122.400713, 37.704623],
       [-122.40074, 37.704644],
       [-122.400746, 37.704856],
       [-122.400773, 37.704877],
       [-122.400778, 37.705069],
       [-122.400805, 37.705089],
       [-122.400832, 37.705089],
       [-122.400833, 37.705132],
       [-122.400673, 37.705134],
       [-122.400647, 37.705156],
       [-122.400539, 37.705158],
       [-122.400513, 37.705179],
       [-122.400516, 37.705302],
       [-122.400461, 37.705306],
       [-122.400436, 37.705287]
      ]
     ],
     [
      [
       [-122.401636, 37.708182],
       [-122.401609, 37.708182],
       [-122.40153, 37.708226],
       [-122.40147, 37.708227],
       [-122.40137, 37.707446],
       [-122.40137, 37.707207],
       [-122.401338, 37.707187],
       [-122.401175, 37.705904],
       [-122.401173, 37.705849],
       [-122.4012, 37.705849],
       [-122.401226, 37.705827],
       [-122.401224, 37.705721],
       [-122.401196, 37.7057],
       [-122.401149, 37.705701],
       [-122.401093, 37.705256],
       [-122.401051, 37.705259],
       [-122.40105, 37.705234],
       [-122.401103, 37.705191],
       [-122.401096, 37.704936],
       [-122.401069, 37.704915],
       [-122.401063, 37.704681],
       [-122.401035, 37.70466],
       [-122.401031, 37.70449],
       [-122.401003, 37.704469],
       [-122.400999, 37.704299],
       [-122.400972, 37.704278],
       [-122.400967, 37.704087],
       [-122.400939, 37.704066],
       [-122.400779, 37.704069],
       [-122.400778, 37.704026],
       [-122.400858, 37.704025],
       [-122.400884, 37.704003],
       [-122.400876, 37.703684],
       [-122.400848, 37.703663],
       [-122.400841, 37.703387],
       [-122.400814, 37.703366],
       [-122.400807, 37.70309],
       [-122.400779, 37.703069],
       [-122.400774, 37.702856],
       [-122.400746, 37.702835],
       [-122.40074, 37.70258],
       [-122.400712, 37.702559],
       [-122.400706, 37.702326],
       [-122.400679, 37.702305],
       [-122.400675, 37.702156],
       [-122.400648, 37.702135],
       [-122.400643, 37.701965],
       [-122.400616, 37.701944],
       [-122.40061, 37.701731],
       [-122.400555, 37.701669],
       [-122.400554, 37.701605],
       [-122.400498, 37.701542],
       [-122.400469, 37.701436],
       [-122.400414, 37.701373],
       [-122.400412, 37.701309],
       [-122.400385, 37.701288],
       [-122.400383, 37.701225],
       [-122.400328, 37.701162],
       [-122.400326, 37.701098],
       [-122.400271, 37.701035],
       [-122.40027, 37.700993],
       [-122.400243, 37.700972],
       [-122.400241, 37.700908],
       [-122.400186, 37.700866],
       [-122.400184, 37.700781],
       [-122.400157, 37.70076],
       [-122.400156, 37.700718],
       [-122.400128, 37.700697],
       [-122.400128, 37.700676],
       [-122.4001, 37.700655],
       [-122.400099, 37.700591],
       [-122.400071, 37.70057],
       [-122.40007, 37.700528],
       [-122.400043, 37.700507],
       [-122.400042, 37.700464],
       [-122.400015, 37.700444],
       [-122.400013, 37.700401],
       [-122.399986, 37.70038],
       [-122.399985, 37.700338],
       [-122.399958, 37.700317],
       [-122.399957, 37.700296],
       [-122.39993, 37.700275],
       [-122.399929, 37.700232],
       [-122.399901, 37.700211],
       [-122.3999, 37.700148],
       [-122.399872, 37.700127],
       [-122.399871, 37.700084],
       [-122.399844, 37.700063],
       [-122.399842, 37.7],
       [-122.399787, 37.699937],
       [-122.399785, 37.699873],
       [-122.399758, 37.699852],
       [-122.399729, 37.699746],
       [-122.399701, 37.699725],
       [-122.399672, 37.69962],
       [-122.399644, 37.699599],
       [-122.399642, 37.699514],
       [-122.399588, 37.699472],
       [-122.399584, 37.699323],
       [-122.399502, 37.699282],
       [-122.399501, 37.699218],
       [-122.399473, 37.699197],
       [-122.399472, 37.699134],
       [-122.399444, 37.699113],
       [-122.399415, 37.699007],
       [-122.399387, 37.698986],
       [-122.399386, 37.698922],
       [-122.399358, 37.698901],
       [-122.399357, 37.698859],
       [-122.39933, 37.698838],
       [-122.399327, 37.698732],
       [-122.399273, 37.69869],
       [-122.39927, 37.698605],
       [-122.399243, 37.698584],
       [-122.399242, 37.698542],
       [-122.399215, 37.698521],
       [-122.399211, 37.698393],
       [-122.399184, 37.698373],
       [-122.399163, 37.697564],
       [-122.399189, 37.697543],
       [-122.399183, 37.697309],
       [-122.399209, 37.697287],
       [-122.399206, 37.697181],
       [-122.399233, 37.697159],
       [-122.399229, 37.697032],
       [-122.399255, 37.69701],
       [-122.399253, 37.696925],
       [-122.399305, 37.69686],
       [-122.399303, 37.696775],
       [-122.399329, 37.696753],
       [-122.399327, 37.696668],
       [-122.399353, 37.696647],
       [-122.399351, 37.696583],
       [-122.399378, 37.696561],
       [-122.399376, 37.696497],
       [-122.399402, 37.696476],
       [-122.399401, 37.696433],
       [-122.399427, 37.696411],
       [-122.399426, 37.696348],
       [-122.399452, 37.696326],
       [-122.399451, 37.696283],
       [-122.399502, 37.696219],
       [-122.399501, 37.696155],
       [-122.399528, 37.696154],
       [-122.399554, 37.696133],
       [-122.399552, 37.696048],
       [-122.399578, 37.696026],
       [-122.399577, 37.695983],
       [-122.399629, 37.695919],
       [-122.399628, 37.695897],
       [-122.399707, 37.695832],
       [-122.39976, 37.695831],
       [-122.399865, 37.695766],
       [-122.399999, 37.695764],
       [-122.400025, 37.695742],
       [-122.400721, 37.69573],
       [-122.400749, 37.695751],
       [-122.40107, 37.695746],
       [-122.401174, 37.695638],
       [-122.401172, 37.695574],
       [-122.401199, 37.695552],
       [-122.401196, 37.695446],
       [-122.401222, 37.695424],
       [-122.401219, 37.695318],
       [-122.401245, 37.695296],
       [-122.401237, 37.694977],
       [-122.401263, 37.694956],
       [-122.401257, 37.694701],
       [-122.401283, 37.694679],
       [-122.401264, 37.693956],
       [-122.40129, 37.693934],
       [-122.401285, 37.693743],
       [-122.401258, 37.693722],
       [-122.401256, 37.693652],
       [-122.401277, 37.693646],
       [-122.40121, 37.693327],
       [-122.401215, 37.693127],
       [-122.40116, 37.693085],
       [-122.401098, 37.692725],
       [-122.401083, 37.692713],
       [-122.400892, 37.692026],
       [-122.400557, 37.691069],
       [-122.400329, 37.690526],
       [-122.400318, 37.690529],
       [-122.400316, 37.690483],
       [-122.400289, 37.690462],
       [-122.400262, 37.690462],
       [-122.400262, 37.690441],
       [-122.400234, 37.69042],
       [-122.400233, 37.690356],
       [-122.400205, 37.690336],
       [-122.400179, 37.690336],
       [-122.400175, 37.690208],
       [-122.400229, 37.690207],
       [-122.400361, 37.690141],
       [-122.400394, 37.690141],
       [-122.400416, 37.690184],
       [-122.400419, 37.690332],
       [-122.400474, 37.690374],
       [-122.400477, 37.690501],
       [-122.400505, 37.690522],
       [-122.400505, 37.690543],
       [-122.40056, 37.690585],
       [-122.400585, 37.690585],
       [-122.400701, 37.690857],
       [-122.400706, 37.691072],
       [-122.400734, 37.691093],
       [-122.400761, 37.691092],
       [-122.400764, 37.691241],
       [-122.40088, 37.691308],
       [-122.401017, 37.691699],
       [-122.401023, 37.691896],
       [-122.401102, 37.691977],
       [-122.401197, 37.692316],
       [-122.401168, 37.692341],
       [-122.40117, 37.692426],
       [-122.401144, 37.692447],
       [-122.401147, 37.692575],
       [-122.401175, 37.692596],
       [-122.401228, 37.692595],
       [-122.401229, 37.692616],
       [-122.401256, 37.692637],
       [-122.401287, 37.692636],
       [-122.401324, 37.692767],
       [-122.401377, 37.693015],
       [-122.401347, 37.693061],
       [-122.40135, 37.693146],
       [-122.401377, 37.693167],
       [-122.401383, 37.693379],
       [-122.401468, 37.693444],
       [-122.401513, 37.693728],
       [-122.401473, 37.693782],
       [-122.401481, 37.69408],
       [-122.401509, 37.694101],
       [-122.40151, 37.694143],
       [-122.401572, 37.694191],
       [-122.401578, 37.694674],
       [-122.401551, 37.694696],
       [-122.401554, 37.694823],
       [-122.40158, 37.694843],
       [-122.401612, 37.697491],
       [-122.401572, 37.697546],
       [-122.401576, 37.697695],
       [-122.401603, 37.697716],
       [-122.401615, 37.697787],
       [-122.401619, 37.698137],
       [-122.401589, 37.698184],
       [-122.401598, 37.698524],
       [-122.401624, 37.698544],
       [-122.401629, 37.698911],
       [-122.401608, 37.698928],
       [-122.401637, 37.699621],
       [-122.4016, 37.699652],
       [-122.401609, 37.699971],
       [-122.401642, 37.700017],
       [-122.401646, 37.700353],
       [-122.401619, 37.700353],
       [-122.401592, 37.700375],
       [-122.401597, 37.700545],
       [-122.401624, 37.700566],
       [-122.401625, 37.700608],
       [-122.401599, 37.70063],
       [-122.401602, 37.700736],
       [-122.401651, 37.700775],
       [-122.40165, 37.701066],
       [-122.401585, 37.701098],
       [-122.401594, 37.70146],
       [-122.401621, 37.701481],
       [-122.40165, 37.701482],
       [-122.40165, 37.701821],
       [-122.401604, 37.701843],
       [-122.401609, 37.702013],
       [-122.401582, 37.702035],
       [-122.401586, 37.702183],
       [-122.401614, 37.702204],
       [-122.40164, 37.702204],
       [-122.401649, 37.702232],
       [-122.401649, 37.702608],
       [-122.401624, 37.702608],
       [-122.401598, 37.70263],
       [-122.401606, 37.702928],
       [-122.401649, 37.702981],
       [-122.401648, 37.703262],
       [-122.401615, 37.703289],
       [-122.401625, 37.703672],
       [-122.401648, 37.703689],
       [-122.401648, 37.704203],
       [-122.401612, 37.704204],
       [-122.401586, 37.704226],
       [-122.40159, 37.704374],
       [-122.401617, 37.704395],
       [-122.401647, 37.704395],
       [-122.401647, 37.70474],
       [-122.401601, 37.704778],
       [-122.40161, 37.70514],
       [-122.401647, 37.705168],
       [-122.401647, 37.70531],
       [-122.401507, 37.705312],
       [-122.401481, 37.705334],
       [-122.401485, 37.705461],
       [-122.401512, 37.705482],
       [-122.401592, 37.705481],
       [-122.401597, 37.705672],
       [-122.401571, 37.705694],
       [-122.401575, 37.705843],
       [-122.401646, 37.705918],
       [-122.401646, 37.706395],
       [-122.401616, 37.706395],
       [-122.40159, 37.706417],
       [-122.401594, 37.706587],
       [-122.401645, 37.706626],
       [-122.401645, 37.707118],
       [-122.401609, 37.70714],
       [-122.401612, 37.707246],
       [-122.401645, 37.707267],
       [-122.401645, 37.707671],
       [-122.401516, 37.707673],
       [-122.401489, 37.707695],
       [-122.401492, 37.70778],
       [-122.401601, 37.707863],
       [-122.401644, 37.707862],
       [-122.401636, 37.708182]
      ]
     ],
     [
      [
       [-122.399858, 37.700595],
       [-122.399861, 37.700723],
       [-122.399728, 37.700746],
       [-122.399701, 37.700725],
       [-122.3997, 37.700683],
       [-122.399672, 37.700662],
       [-122.39967, 37.700577],
       [-122.399615, 37.700514],
       [-122.399613, 37.700429],
       [-122.399585, 37.700408],
       [-122.399398, 37.700411],
       [-122.399397, 37.700369],
       [-122.399475, 37.700304],
       [-122.399502, 37.700303],
       [-122.399528, 37.700281],
       [-122.399528, 37.70026],
       [-122.399581, 37.700259],
       [-122.399608, 37.700238],
       [-122.399715, 37.700236],
       [-122.399718, 37.700363],
       [-122.399745, 37.700384],
       [-122.399772, 37.700384],
       [-122.399775, 37.70049],
       [-122.399802, 37.700511],
       [-122.399804, 37.700575],
       [-122.399831, 37.700596],
       [-122.399858, 37.700595]
      ]
     ],
     [
      [
       [-122.402039, 37.697985],
       [-122.402045, 37.698219],
       [-122.402072, 37.69824],
       [-122.402099, 37.698239],
       [-122.402102, 37.698367],
       [-122.401988, 37.698369],
       [-122.401984, 37.697986],
       [-122.402039, 37.697985]
      ]
     ],
     [
      [
       [-122.402013, 37.702112],
       [-122.402068, 37.702175],
       [-122.402072, 37.702324],
       [-122.402099, 37.702345],
       [-122.402104, 37.702536],
       [-122.402051, 37.702537],
       [-122.402048, 37.702431],
       [-122.401995, 37.702391],
       [-122.401995, 37.702113],
       [-122.402013, 37.702112]
      ]
     ],
     [
      [
       [-122.40201, 37.704048],
       [-122.40209, 37.704047],
       [-122.402099, 37.704366],
       [-122.402047, 37.704431],
       [-122.402049, 37.704516],
       [-122.402023, 37.704538],
       [-122.402025, 37.704623],
       [-122.402052, 37.704643],
       [-122.402079, 37.704643],
       [-122.40208, 37.704685],
       [-122.402028, 37.704729],
       [-122.401993, 37.704729],
       [-122.401993, 37.704062],
       [-122.40201, 37.704048]
      ]
     ],
     [
      [
       [-122.402098, 37.705387],
       [-122.402105, 37.705621],
       [-122.402078, 37.705643],
       [-122.402082, 37.705792],
       [-122.402056, 37.705813],
       [-122.401992, 37.705814],
       [-122.401992, 37.705389],
       [-122.402098, 37.705387]
      ]
     ],
     [
      [
       [-122.402646, 37.70791],
       [-122.402649, 37.707995],
       [-122.402596, 37.708038],
       [-122.402462, 37.70804],
       [-122.402299, 37.707915],
       [-122.402297, 37.707873],
       [-122.402324, 37.707851],
       [-122.402377, 37.70785],
       [-122.402404, 37.707871],
       [-122.402485, 37.70787],
       [-122.402512, 37.707891],
       [-122.402566, 37.70789],
       [-122.402593, 37.707911],
       [-122.402646, 37.70791]
      ]
     ],
     [
      [
       [-122.403062, 37.698202],
       [-122.403058, 37.698074],
       [-122.403353, 37.69807],
       [-122.403357, 37.698218],
       [-122.40325, 37.69822],
       [-122.403222, 37.698199],
       [-122.403062, 37.698202]
      ]
     ],
     [
      [
       [-122.403756, 37.698148],
       [-122.403704, 37.698213],
       [-122.403464, 37.698217],
       [-122.40346, 37.698068],
       [-122.403915, 37.69806],
       [-122.403916, 37.698103],
       [-122.403862, 37.698104],
       [-122.40381, 37.698147],
       [-122.403756, 37.698148]
      ]
     ]
    ]
   }
  },
  {
   "type": "Feature",
   "properties": {
    "kind": "zone",
    "category": "industrial",
    "label": "Existing use area",
    "source": "traced: 2026 Staff-Recommended Baylands Specific Plan (City of Brisbane, May 14, 2026), Chapter 2, Land Use Program and Definitions, Figure 2.3.1, Land Use Plan, p. 2-9 (PDF p. 10)",
    "note": "Draft specific plan land use, not yet adopted. Existing uses expected to stay: Recology, Golden State Lumber, the Kinder Morgan tank farm, a machinery company, a sanitary district pump station and Bayshore Boulevard businesses (Sec. 2.4.3, p. 2-13). Mapped to industrial. About 4.4 acres as drawn. The city's boundary layer (marked draft, 2022) leaves out the Kinder Morgan tank farm and the Golden State Lumber and Recology sites, which the 2026 plan includes as existing use areas, and a strip of existing use west of the rail line near Community Fields, so those aren't drawn.",
    "stage": "entitlement"
   },
   "geometry": {
    "type": "MultiPolygon",
    "coordinates": [
     [
      [
       [-122.400333, 37.70197],
       [-122.400376, 37.701991],
       [-122.400403, 37.70199],
       [-122.400406, 37.702096],
       [-122.400433, 37.702117],
       [-122.400437, 37.702266],
       [-122.400464, 37.702287],
       [-122.400474, 37.70267],
       [-122.400502, 37.702691],
       [-122.400503, 37.702733],
       [-122.40053, 37.702754],
       [-122.400536, 37.702967],
       [-122.400563, 37.702987],
       [-122.400571, 37.703306],
       [-122.400599, 37.703327],
       [-122.400606, 37.703625],
       [-122.400634, 37.703646],
       [-122.400639, 37.703858],
       [-122.400667, 37.703879],
       [-122.400671, 37.704028],
       [-122.400698, 37.704049],
       [-122.400751, 37.704048],
       [-122.400753, 37.704112],
       [-122.400727, 37.704133],
       [-122.400728, 37.704176],
       [-122.400702, 37.704198],
       [-122.400274, 37.704205],
       [-122.400273, 37.704183],
       [-122.400136, 37.704079],
       [-122.400003, 37.704082],
       [-122.399976, 37.704103],
       [-122.399923, 37.704104],
       [-122.399897, 37.704126],
       [-122.399468, 37.704133],
       [-122.399442, 37.704155],
       [-122.399282, 37.704157],
       [-122.399255, 37.704179],
       [-122.399041, 37.704183],
       [-122.399014, 37.704162],
       [-122.39888, 37.704164],
       [-122.398854, 37.704186],
       [-122.3988, 37.704187],
       [-122.398774, 37.704208],
       [-122.398694, 37.70421],
       [-122.398667, 37.704189],
       [-122.398533, 37.704191],
       [-122.398507, 37.704213],
       [-122.398426, 37.704214],
       [-122.3984, 37.704236],
       [-122.398213, 37.704239],
       [-122.398187, 37.70426],
       [-122.398079, 37.704262],
       [-122.397998, 37.7042],
       [-122.397993, 37.70403],
       [-122.397966, 37.704009],
       [-122.397962, 37.70386],
       [-122.397935, 37.703839],
       [-122.397933, 37.703775],
       [-122.397985, 37.703732],
       [-122.398146, 37.703729],
       [-122.398172, 37.703708],
       [-122.39844, 37.703703],
       [-122.398466, 37.703681],
       [-122.39868, 37.703678],
       [-122.398706, 37.703656],
       [-122.399188, 37.703648],
       [-122.399214, 37.703627],
       [-122.399214, 37.703602],
       [-122.400527, 37.7035],
       [-122.400333, 37.70197]
      ]
     ],
     [
      [
       [-122.399422, 37.694178],
       [-122.399419, 37.69405],
       [-122.399364, 37.694008],
       [-122.399362, 37.693923],
       [-122.399335, 37.693903],
       [-122.399333, 37.693839],
       [-122.399306, 37.693818],
       [-122.399304, 37.693754],
       [-122.399277, 37.693733],
       [-122.399275, 37.693648],
       [-122.399247, 37.693627],
       [-122.399245, 37.693542],
       [-122.399218, 37.693522],
       [-122.399216, 37.693458],
       [-122.399189, 37.693437],
       [-122.399187, 37.693373],
       [-122.39916, 37.693352],
       [-122.399157, 37.693246],
       [-122.399102, 37.693183],
       [-122.3991, 37.693119],
       [-122.399073, 37.693098],
       [-122.399071, 37.693035],
       [-122.399044, 37.693014],
       [-122.399042, 37.692929],
       [-122.399014, 37.692908],
       [-122.399013, 37.692844],
       [-122.398985, 37.692823],
       [-122.398983, 37.692738],
       [-122.398956, 37.692717],
       [-122.398954, 37.692632],
       [-122.398926, 37.692612],
       [-122.398925, 37.692569],
       [-122.398898, 37.692548],
       [-122.398897, 37.692506],
       [-122.398869, 37.692485],
       [-122.398868, 37.692421],
       [-122.39884, 37.6924],
       [-122.398837, 37.692273],
       [-122.39881, 37.692252],
       [-122.398808, 37.692182],
       [-122.399464, 37.694177],
       [-122.399422, 37.694178]
      ]
     ],
     [
      [
       [-122.400058, 37.688806],
       [-122.400085, 37.688806],
       [-122.400111, 37.688784],
       [-122.400111, 37.688763],
       [-122.400195, 37.688761],
       [-122.400475, 37.689246],
       [-122.400418, 37.689247],
       [-122.400336, 37.689185],
       [-122.400309, 37.689185],
       [-122.400246, 37.689144],
       [-122.400058, 37.688806]
      ]
     ],
     [
      [
       [-122.400525, 37.689658],
       [-122.400534, 37.689607],
       [-122.400561, 37.689585],
       [-122.400557, 37.689457],
       [-122.400597, 37.689457],
       [-122.40078, 37.689773],
       [-122.400588, 37.689776],
       [-122.400525, 37.689658]
      ]
     ]
    ]
   }
  }
 ]
}
