{
 "type": "FeatureCollection",
 "properties": {
  "project": "concord-naval-weapons-station",
  "summary": "Land-use districts of the City of Concord's adopted Concord Reuse Project Area Plan (2012, part of the General Plan), traced from Book One Figure 3-3 and clipped to the Navy's Economic Development Conveyance property. The Area Plan covers about 5,046 acres, including the future regional park outside this site. Streets and creeks drawn over the districts are folded into the nearest one; neighborhood parks and plazas (not mapped by the plan) and the developer's unadopted 2026 concept plan aren't drawn. About 115 acres of the site have no district on the diagram (mainly the SR-4 / BART corridor strip) and are left blank. Zones, not buildings; all boundaries approximate.",
  "note": "Land-use districts from the adopted 2012 Area Plan; the Specific Plan is next. Approximate zones, not buildings.",
  "sourceUrl": "https://www.concordreuseproject.org/DocumentCenter/View/1105",
  "sourceLabel": "Area Plan land use diagram, 2012 (PDF)",
  "georeference": {
   "scale_m_per_unit": 17.92764,
   "rotation_deg": 1.545,
   "rms_m": 4.14,
   "controls": [
    {
     "label": "arterial and freeway centrelines vs OpenStreetMap: trimmed RMS over the closest 70% of 4642 points",
     "residual_m": 4.14
    }
   ],
   "method": "trimmed ICP",
   "points": 4642,
   "inlier_share": 0.7,
   "median_m": 4.96,
   "p90_m": 13.71,
   "init": {
    "from": "three BART stations",
    "rms_m": 65.9
   },
   "note": "Figure 3-3 fitted to its existing arterials and freeways (vector road centrelines) against OpenStreetMap by trimmed ICP from a three-BART-station start: about 17.9 m per figure point, rotation 1.5 deg, trimmed RMS 4 m (90% of road points within 14 m). The diagram is drawn at about 1:51,000, so district edges are generalised by tens of metres. Zones clipped to the EDC property boundary."
  },
  "license": "Zone shapes: traced from a public City of Concord plan. Georeference: OpenStreetMap contributors (ODbL 1.0), via Overture Maps.",
  "documents": [
   "https://www.concordreuseproject.org/DocumentCenter/View/1105",
   "https://www.concordreuseproject.org/152/The-Area-Plan",
   "https://www.concordreuseproject.org/DocumentCenter/View/1093/2012-01-24-Res-No-12-48232-Amend-Concord-2030-Urb-Area",
   "https://concordreuseproject.org/DocumentCenter/View/1786/1-December-15-2020-Memo-to-City-Council",
   "https://www.concordreuseproject.org/157/Specific-Plan"
  ]
 },
 "features": [
  {
   "type": "Feature",
   "properties": {
    "kind": "zone",
    "category": "mixed-use",
    "label": "North Concord TOD core",
    "source": "traced: Concord Reuse Project Area Plan, Book One: Vision and Standards (City of Concord, adopted Jan 24, 2012), Figure 3-3, Area Plan Diagram, p. 41 (PDF p. 49)",
    "note": "Region-serving mixed-use employment centre by North Concord BART: Class A offices, shops, services, plazas; housing optional up to 20 du/gross acre (60-150 du/net acre), FAR 2.0-4.0 (Table 3-4, p. 44). Table 3-2 (p. 40): ~700 homes and 3,000,000 sq ft commercial. About 28 acres on the EDC property as drawn (50 acres across the plan area as traced; Table 3-2 gives ~55 planning-area-wide). Approximate boundary: traced from a small-scale plan diagram.",
    "stage": "entitlement",
    "accuracy": "approximate",
    "acres": 27.8
   },
   "geometry": {
    "type": "Polygon",
    "coordinates": [
     [
      [
       -122.0229535,
       38.0044428
      ],
      [
       -122.0224654,
       38.0039547
      ],
      [
       -122.0217305,
       38.0039643
      ],
      [
       -122.0207659,
       38.0035406
      ],
      [
       -122.0201701,
       38.0031702
      ],
      [
       -122.0192695,
       38.0022802
      ],
      [
       -122.0198465,
       38.0017492
      ],
      [
       -122.0198447,
       38.001662
      ],
      [
       -122.0199164,
       38.0015738
      ],
      [
       -122.0203863,
       38.0011896
      ],
      [
       -122.0206742,
       38.000895
      ],
      [
       -122.0210001,
       38.000658
      ],
      [
       -122.0209989,
       38.0005999
      ],
      [
       -122.021685,
       38.0000092
      ],
      [
       -122.0220476,
       37.9997718
      ],
      [
       -122.0221548,
       37.999625
      ],
      [
       -122.0224317,
       37.9993759
      ],
      [
       -122.0226783,
       37.9996951
      ],
      [
       -122.0223729,
       37.9998287
      ],
      [
       -122.0224474,
       37.9999382
      ],
      [
       -122.0230591,
       38.0010889
      ],
      [
       -122.0231049,
       38.0012103
      ],
      [
       -122.0234945,
       38.0034806
      ],
      [
       -122.0231101,
       38.0044819
      ],
      [
       -122.0229535,
       38.0044428
      ]
     ]
    ]
   }
  },
  {
   "type": "Feature",
   "properties": {
    "kind": "zone",
    "category": "residential",
    "label": "North Concord TOD neighborhood",
    "source": "traced: Concord Reuse Project Area Plan, Book One: Vision and Standards (City of Concord, adopted Jan 24, 2012), Figure 3-3, Area Plan Diagram, p. 41 (PDF p. 49)",
    "note": "Mixed-use residential district within walking distance of BART: 20-30 du/gross acre (18-100 du/net acre), FAR 1.0-3.0, with local retail, a grocery store and community facilities (Table 3-4, p. 44). Table 3-2 (p. 40): ~2,200 homes and 150,000 sq ft commercial. Category residential: the plan calls it a mixed-use residential district. About 79 acres on the EDC property as drawn (85 acres across the plan area as traced; Table 3-2 gives ~90 planning-area-wide). Approximate boundary: traced from a small-scale plan diagram.",
    "stage": "entitlement",
    "accuracy": "approximate",
    "acres": 79.0
   },
   "geometry": {
    "type": "MultiPolygon",
    "coordinates": [
     [
      [
       [
        -122.0229246,
        38.0048213
       ],
       [
        -122.0226716,
        38.0050282
       ],
       [
        -122.0226005,
        38.0051455
       ],
       [
        -122.0225766,
        38.0054289
       ],
       [
        -122.0215808,
        38.0066424
       ],
       [
        -122.0204456,
        38.0081055
       ],
       [
        -122.0198639,
        38.0085378
       ],
       [
        -122.0192408,
        38.0079814
       ],
       [
        -122.0192395,
        38.0079233
       ],
       [
        -122.0193841,
        38.007805
       ],
       [
        -122.0197763,
        38.0072182
       ],
       [
        -122.0196269,
        38.0071038
       ],
       [
        -122.019219,
        38.0069346
       ],
       [
        -122.0182581,
        38.0066853
       ],
       [
        -122.0179617,
        38.0065728
       ],
       [
        -122.0174466,
        38.0065504
       ],
       [
        -122.0174092,
        38.0065218
       ],
       [
        -122.0167845,
        38.0065299
       ],
       [
        -122.0167104,
        38.0065018
       ],
       [
        -122.016705,
        38.0062401
       ],
       [
        -122.0167742,
        38.0060356
       ],
       [
        -122.0167712,
        38.0058902
       ],
       [
        -122.0169128,
        38.0056266
       ],
       [
        -122.0169447,
        38.0053935
       ],
       [
        -122.0170893,
        38.0052753
       ],
       [
        -122.017196,
        38.0050994
       ],
       [
        -122.0171947,
        38.0050412
       ],
       [
        -122.0177285,
        38.0041908
       ],
       [
        -122.0177622,
        38.004045
       ],
       [
        -122.017943,
        38.0038972
       ],
       [
        -122.0179773,
        38.0037804
       ],
       [
        -122.0186231,
        38.0030158
       ],
       [
        -122.0193316,
        38.003501
       ],
       [
        -122.0197021,
        38.0036417
       ],
       [
        -122.0212251,
        38.0044072
       ],
       [
        -122.021786,
        38.0048652
       ],
       [
        -122.0220064,
        38.0048624
       ],
       [
        -122.0226998,
        38.0046206
       ],
       [
        -122.0229173,
        38.0044724
       ],
       [
        -122.0230276,
        38.0044709
       ],
       [
        -122.0231056,
        38.0044935
       ],
       [
        -122.0229854,
        38.0048067
       ],
       [
        -122.0229246,
        38.0048213
       ]
      ]
     ],
     [
      [
       [
        -122.0220109,
        37.9997723
       ],
       [
        -122.021829,
        37.9998619
       ],
       [
        -122.0209622,
        38.0006004
       ],
       [
        -122.0209634,
        38.0006585
       ],
       [
        -122.0206375,
        38.0008954
       ],
       [
        -122.0203495,
        38.00119
       ],
       [
        -122.0198797,
        38.0015743
       ],
       [
        -122.019808,
        38.0016625
       ],
       [
        -122.0198098,
        38.0017497
       ],
       [
        -122.0192321,
        38.0022516
       ],
       [
        -122.0183345,
        38.0015071
       ],
       [
        -122.0181863,
        38.0014508
       ],
       [
        -122.0179622,
        38.0012792
       ],
       [
        -122.0176658,
        38.0011667
       ],
       [
        -122.0175537,
        38.0010809
       ],
       [
        -122.0174074,
        38.0011119
       ],
       [
        -122.0172586,
        38.0010266
       ],
       [
        -122.0170369,
        38.0009713
       ],
       [
        -122.0169278,
        38.0010309
       ],
       [
        -122.0167808,
        38.0010328
       ],
       [
        -122.0165953,
        38.0009479
       ],
       [
        -122.0164821,
        38.000804
       ],
       [
        -122.0162224,
        38.000691
       ],
       [
        -122.0171929,
        37.9996313
       ],
       [
        -122.0183844,
        37.9985979
       ],
       [
        -122.0199048,
        37.9974729
       ],
       [
        -122.0206668,
        37.9969976
       ],
       [
        -122.0208493,
        37.996937
       ],
       [
        -122.0221704,
        37.9986068
       ],
       [
        -122.0224999,
        37.998973
       ],
       [
        -122.022203,
        37.99908
       ],
       [
        -122.0224169,
        37.9993568
       ],
       [
        -122.0220109,
        37.9997723
       ]
      ]
     ]
    ]
   }
  },
  {
   "type": "Feature",
   "properties": {
    "kind": "zone",
    "category": "residential",
    "label": "Central neighborhood",
    "source": "traced: Concord Reuse Project Area Plan, Book One: Vision and Standards (City of Concord, adopted Jan 24, 2012), Figure 3-3, Area Plan Diagram, p. 41 (PDF p. 49)",
    "note": "Mixed-use residential district at moderate densities: 15-20 du/gross acre (14-50 du/net acre), low- to mid-rise (Table 3-4, p. 45). Table 3-2 (p. 40): ~2,600 homes and 100,000 sq ft commercial. About 177 acres on the EDC property as drawn (177 acres across the plan area as traced; Table 3-2 gives ~180 planning-area-wide). Approximate boundary: traced from a small-scale plan diagram.",
    "stage": "entitlement",
    "accuracy": "approximate",
    "acres": 177.0
   },
   "geometry": {
    "type": "MultiPolygon",
    "coordinates": [
     [
      [
       [
        -122.0127091,
        38.0014346
       ],
       [
        -122.0136634,
        38.0013641
       ],
       [
        -122.0137007,
        38.0013927
       ],
       [
        -122.0139212,
        38.0013898
       ],
       [
        -122.0139585,
        38.0014184
       ],
       [
        -122.0151375,
        38.0015486
       ],
       [
        -122.0153236,
        38.0016625
       ],
       [
        -122.0153971,
        38.0016615
       ],
       [
        -122.0155049,
        38.0015438
       ],
       [
        -122.0155784,
        38.0015429
       ],
       [
        -122.0157646,
        38.0016568
       ],
       [
        -122.0162441,
        38.0017378
       ],
       [
        -122.0172821,
        38.0021606
       ],
       [
        -122.0184737,
        38.0029014
       ],
       [
        -122.0186219,
        38.0029576
       ],
       [
        -122.0179405,
        38.0037809
       ],
       [
        -122.0179062,
        38.0038977
       ],
       [
        -122.0177255,
        38.0040454
       ],
       [
        -122.0176917,
        38.0041913
       ],
       [
        -122.017158,
        38.0050417
       ],
       [
        -122.0170526,
        38.0052758
       ],
       [
        -122.016908,
        38.005394
       ],
       [
        -122.0168761,
        38.0056271
       ],
       [
        -122.0167345,
        38.0058907
       ],
       [
        -122.0167044,
        38.006211
       ],
       [
        -122.0166682,
        38.0062406
       ],
       [
        -122.0166736,
        38.0065023
       ],
       [
        -122.0167851,
        38.006559
       ],
       [
        -122.0174098,
        38.0065509
       ],
       [
        -122.0174472,
        38.0065795
       ],
       [
        -122.0179623,
        38.0066019
       ],
       [
        -122.0182587,
        38.0067144
       ],
       [
        -122.0192196,
        38.0069637
       ],
       [
        -122.019516,
        38.0070762
       ],
       [
        -122.0197396,
        38.0072187
       ],
       [
        -122.0193474,
        38.0078055
       ],
       [
        -122.0191299,
        38.0079538
       ],
       [
        -122.0170755,
        38.008155
       ],
       [
        -122.0168194,
        38.0082164
       ],
       [
        -122.0164513,
        38.0081921
       ],
       [
        -122.0162688,
        38.0082527
       ],
       [
        -122.0144361,
        38.0085091
       ],
       [
        -122.0130076,
        38.0087603
       ],
       [
        -122.0126033,
        38.0087655
       ],
       [
        -122.0125262,
        38.008592
       ],
       [
        -122.0125196,
        38.0082722
       ],
       [
        -122.0125558,
        38.0082426
       ],
       [
        -122.012651,
        38.0075142
       ],
       [
        -122.0126871,
        38.0074847
       ],
       [
        -122.0126805,
        38.0071648
       ],
       [
        -122.0128613,
        38.0070171
       ],
       [
        -122.0128541,
        38.0066681
       ],
       [
        -122.0129252,
        38.0065509
       ],
       [
        -122.013165,
        38.0057043
       ],
       [
        -122.0135144,
        38.0048272
       ],
       [
        -122.0133289,
        38.0047423
       ],
       [
        -122.0128493,
        38.0046613
       ],
       [
        -122.0082569,
        38.0047788
       ],
       [
        -122.0081087,
        38.0047225
       ],
       [
        -122.0081057,
        38.0045771
       ],
       [
        -122.008245,
        38.0041972
       ],
       [
        -122.0089855,
        38.0026752
       ],
       [
        -122.0090927,
        38.0025284
       ],
       [
        -122.0091259,
        38.0023535
       ],
       [
        -122.0093054,
        38.0021476
       ],
       [
        -122.0093036,
        38.0020603
       ],
       [
        -122.0094097,
        38.0018554
       ],
       [
        -122.0095199,
        38.0018539
       ],
       [
        -122.0096513,
        38.0019016
       ],
       [
        -122.0099158,
        38.0020796
       ],
       [
        -122.0102232,
        38.002109
       ],
       [
        -122.0103717,
        38.0021629
       ],
       [
        -122.0108512,
        38.0022439
       ],
       [
        -122.0111452,
        38.0022401
       ],
       [
        -122.0112957,
        38.0022116
       ],
       [
        -122.011494,
        38.0022306
       ],
       [
        -122.0124021,
        38.001895
       ],
       [
        -122.0126438,
        38.0014653
       ],
       [
        -122.0127091,
        38.0014346
       ]
      ]
     ],
     [
      [
       [
        -122.0181415,
        37.9939764
       ],
       [
        -122.0194559,
        37.9953263
       ],
       [
        -122.020736,
        37.9967931
       ],
       [
        -122.0207752,
        37.9969089
       ],
       [
        -122.0199042,
        37.9974438
       ],
       [
        -122.0183476,
        37.9985983
       ],
       [
        -122.0171561,
        37.9996318
       ],
       [
        -122.0160772,
        38.0007802
       ],
       [
        -122.0155941,
        38.0005247
       ],
       [
        -122.0154477,
        38.0005556
       ],
       [
        -122.0147815,
        38.0003316
       ],
       [
        -122.0146315,
        38.0001881
       ],
       [
        -122.0144104,
        38.0001619
       ],
       [
        -122.0142236,
        38.0000189
       ],
       [
        -122.0140339,
        37.9997305
       ],
       [
        -122.0140309,
        37.9995851
       ],
       [
        -122.0138815,
        37.9994707
       ],
       [
        -122.0138773,
        37.9992671
       ],
       [
        -122.0139496,
        37.999208
       ],
       [
        -122.0139478,
        37.9991208
       ],
       [
        -122.0140201,
        37.9990617
       ],
       [
        -122.0140544,
        37.9989449
       ],
       [
        -122.0140472,
        37.998596
       ],
       [
        -122.0139707,
        37.9984515
       ],
       [
        -122.0139683,
        37.9983352
       ],
       [
        -122.0140767,
        37.9982466
       ],
       [
        -122.0141827,
        37.9980416
       ],
       [
        -122.0139966,
        37.9979276
       ],
       [
        -122.0135533,
        37.997817
       ],
       [
        -122.0138731,
        37.9972894
       ],
       [
        -122.0141876,
        37.9965
       ],
       [
        -122.0143671,
        37.9962941
       ],
       [
        -122.014328,
        37.9961782
       ],
       [
        -122.0145774,
        37.9957969
       ],
       [
        -122.0151556,
        37.995324
       ],
       [
        -122.0160977,
        37.9946719
       ],
       [
        -122.0164218,
        37.9943478
       ],
       [
        -122.0170019,
        37.9939621
       ],
       [
        -122.0175078,
        37.9935483
       ],
       [
        -122.0175813,
        37.9935474
       ],
       [
        -122.0178883,
        37.9937825
       ],
       [
        -122.017889,
        37.9938385
       ],
       [
        -122.0179655,
        37.9938416
       ],
       [
        -122.0181415,
        37.9939764
       ]
      ]
     ]
    ]
   }
  },
  {
   "type": "Feature",
   "properties": {
    "kind": "zone",
    "category": "mixed-use",
    "label": "Village center",
    "source": "traced: Concord Reuse Project Area Plan, Book One: Vision and Standards (City of Concord, adopted Jan 24, 2012), Figure 3-3, Area Plan Diagram, p. 41 (PDF p. 49)",
    "note": "Main-street centres anchoring the village neighborhoods: multi-unit housing, retail and community facilities, 5-20 du/gross acre (18-50 du/net acre), FAR 0.5-2.0 (Table 3-4, p. 45). Table 3-2 (p. 40): ~500 homes and 350,000 sq ft commercial. About 66 acres on the EDC property as drawn (67 acres across the plan area as traced; Table 3-2 gives ~70 planning-area-wide). Approximate boundary: traced from a small-scale plan diagram.",
    "stage": "entitlement",
    "accuracy": "approximate",
    "acres": 66.0
   },
   "geometry": {
    "type": "MultiPolygon",
    "coordinates": [
     [
      [
       [
        -122.012934,
        37.9980868
       ],
       [
        -122.0130135,
        37.9983767
       ],
       [
        -122.0128412,
        37.9985565
       ],
       [
        -122.0126852,
        37.9984973
       ],
       [
        -122.0125382,
        37.9984992
       ],
       [
        -122.0123527,
        37.9984143
       ],
       [
        -122.012022,
        37.9984186
       ],
       [
        -122.0119129,
        37.9984782
       ],
       [
        -122.0116527,
        37.9983361
       ],
       [
        -122.0113949,
        37.9983103
       ],
       [
        -122.0112834,
        37.9982536
       ],
       [
        -122.0112479,
        37.9983122
       ],
       [
        -122.0110256,
        37.9982279
       ],
       [
        -122.0107311,
        37.9982026
       ],
       [
        -122.0106196,
        37.9981459
       ],
       [
        -122.0107251,
        37.9979118
       ],
       [
        -122.0107973,
        37.9978527
       ],
       [
        -122.0108299,
        37.9976487
       ],
       [
        -122.0110076,
        37.9973555
       ],
       [
        -122.0110064,
        37.9972974
       ],
       [
        -122.0108944,
        37.9972116
       ],
       [
        -122.0110715,
        37.9968893
       ],
       [
        -122.0112758,
        37.9961014
       ],
       [
        -122.0119402,
        37.9962382
       ],
       [
        -122.0121239,
        37.9962358
       ],
       [
        -122.0121868,
        37.996308
       ],
       [
        -122.0125485,
        37.9972193
       ],
       [
        -122.0123346,
        37.997542
       ],
       [
        -122.0127498,
        37.9976455
       ],
       [
        -122.012934,
        37.9980868
       ]
      ]
     ],
     [
      [
       [
        -122.0035531,
        37.9941068
       ],
       [
        -122.0048108,
        37.9944978
       ],
       [
        -122.0048132,
        37.9946142
       ],
       [
        -122.0042799,
        37.9954936
       ],
       [
        -122.0043552,
        37.9955799
       ],
       [
        -122.0042486,
        37.9957558
       ],
       [
        -122.0041401,
        37.9958444
       ],
       [
        -122.003963,
        37.9961666
       ],
       [
        -122.0028902,
        37.9958314
       ],
       [
        -122.0026306,
        37.9957184
       ],
       [
        -122.0019657,
        37.9955524
       ],
       [
        -122.0020314,
        37.9951735
       ],
       [
        -122.002173,
        37.9949099
       ],
       [
        -122.0021694,
        37.9947354
       ],
       [
        -122.0021321,
        37.9947068
       ],
       [
        -122.0023098,
        37.9944137
       ],
       [
        -122.0023084,
        37.9943424
       ],
       [
        -122.0026089,
        37.9937483
       ],
       [
        -122.0035531,
        37.9941068
       ]
      ]
     ],
     [
      [
       [
        -122.0163128,
        37.9944073
       ],
       [
        -122.0160971,
        37.9946428
       ],
       [
        -122.0154809,
        37.995058
       ],
       [
        -122.0140208,
        37.9937681
       ],
       [
        -122.0140196,
        37.9937099
       ],
       [
        -122.0147443,
        37.9932061
       ],
       [
        -122.0150352,
        37.9930569
       ],
       [
        -122.0150707,
        37.9929983
       ],
       [
        -122.0150328,
        37.9929406
       ],
       [
        -122.0152876,
        37.9928209
       ],
       [
        -122.0155044,
        37.9926436
       ],
       [
        -122.0156141,
        37.9926131
       ],
       [
        -122.0168862,
        37.9937018
       ],
       [
        -122.0170368,
        37.9938744
       ],
       [
        -122.0170013,
        37.993933
       ],
       [
        -122.0163128,
        37.9944073
       ]
      ]
     ],
     [
      [
       [
        -121.9941236,
        37.9912901
       ],
       [
        -121.9940163,
        37.9914369
       ],
       [
        -121.9935837,
        37.9918497
       ],
       [
        -121.9934355,
        37.9917934
       ],
       [
        -121.9920583,
        37.9909384
       ],
       [
        -121.9917969,
        37.9907382
       ],
       [
        -121.9931653,
        37.9893537
       ],
       [
        -121.9943185,
        37.990037
       ],
       [
        -121.994952,
        37.9904652
       ],
       [
        -121.9944477,
        37.9909661
       ],
       [
        -121.9941976,
        37.9913183
       ],
       [
        -121.9941236,
        37.9912901
       ]
      ]
     ],
     [
      [
       [
        -122.0124877,
        37.9853822
       ],
       [
        -122.0132122,
        37.9848783
       ],
       [
        -122.0145264,
        37.9862283
       ],
       [
        -122.0139096,
        37.9866145
       ],
       [
        -122.0135844,
        37.9868804
       ],
       [
        -122.0132567,
        37.9870301
       ],
       [
        -122.0128941,
        37.9872675
       ],
       [
        -122.0127839,
        37.9872689
       ],
       [
        -122.0125237,
        37.9871269
       ],
       [
        -122.0124135,
        37.9871283
       ],
       [
        -122.0121545,
        37.9870444
       ],
       [
        -122.0119678,
        37.9869014
       ],
       [
        -122.0118835,
        37.9863789
       ],
       [
        -122.0115818,
        37.9860047
       ],
       [
        -122.0119825,
        37.9856486
       ],
       [
        -122.0124877,
        37.9853822
       ]
      ]
     ],
     [
      [
       [
        -121.9875364,
        37.9854408
       ],
       [
        -121.9862006,
        37.9866212
       ],
       [
        -121.9860554,
        37.9867103
       ],
       [
        -121.9844147,
        37.9855386
       ],
       [
        -121.9844135,
        37.9854805
       ],
       [
        -121.9848467,
        37.9850969
       ],
       [
        -121.9849178,
        37.9849796
       ],
       [
        -121.9849552,
        37.9850082
       ],
       [
        -121.9858577,
        37.9842115
       ],
       [
        -121.9859312,
        37.9842105
       ],
       [
        -121.9875346,
        37.9853535
       ],
       [
        -121.9875364,
        37.9854408
       ]
      ]
     ],
     [
      [
       [
        -121.9786993,
        37.9791251
       ],
       [
        -121.9796697,
        37.979869
       ],
       [
        -121.9790558,
        37.9804003
       ],
       [
        -121.9788401,
        37.9806358
       ],
       [
        -121.9781894,
        37.9811675
       ],
       [
        -121.9779666,
        37.981054
       ],
       [
        -121.9774814,
        37.980682
       ],
       [
        -121.977184,
        37.9805113
       ],
       [
        -121.9766036,
        37.9800664
       ],
       [
        -121.9771206,
        37.9798387
       ],
       [
        -121.977228,
        37.9797741
       ],
       [
        -121.9783046,
        37.9788704
       ],
       [
        -121.9786993,
        37.9791251
       ]
      ]
     ],
     [
      [
       [
        -121.9767279,
        37.9797608
       ],
       [
        -121.9771617,
        37.9794063
       ],
       [
        -121.9771232,
        37.9793196
       ],
       [
        -121.9774864,
        37.9791114
       ],
       [
        -121.9779919,
        37.9786687
       ],
       [
        -121.9781433,
        37.9787664
       ],
       [
        -121.9771523,
        37.9795982
       ],
       [
        -121.9771487,
        37.979624
       ],
       [
        -121.9769604,
        37.9797312
       ],
       [
        -121.9766673,
        37.979851
       ],
       [
        -121.9766547,
        37.9798407
       ],
       [
        -121.9767279,
        37.9797608
       ]
      ]
     ]
    ]
   }
  },
  {
   "type": "Feature",
   "properties": {
    "kind": "zone",
    "category": "residential",
    "label": "Village neighborhood",
    "source": "traced: Concord Reuse Project Area Plan, Book One: Vision and Standards (City of Concord, adopted Jan 24, 2012), Figure 3-3, Area Plan Diagram, p. 41 (PDF p. 49)",
    "note": "Residential districts at moderate to low densities: 8-12 du/gross acre (6-45 du/net acre), attached and detached homes (Table 3-4, p. 46). Table 3-2 (p. 40): ~6,200 homes. About 789 acres on the EDC property as drawn (799 acres across the plan area as traced; Table 3-2 gives ~740 planning-area-wide). Approximate boundary: traced from a small-scale plan diagram.",
    "stage": "entitlement",
    "accuracy": "approximate",
    "acres": 788.7
   },
   "geometry": {
    "type": "MultiPolygon",
    "coordinates": [
     [
      [
       [
        -122.0121233,
        37.9962068
       ],
       [
        -122.0119396,
        37.9962091
       ],
       [
        -122.0113119,
        37.9960718
       ],
       [
        -122.011239,
        37.9961019
       ],
       [
        -122.0110348,
        37.9968898
       ],
       [
        -122.0108576,
        37.997212
       ],
       [
        -122.0109697,
        37.9972978
       ],
       [
        -122.0109709,
        37.997356
       ],
       [
        -122.0107931,
        37.9976492
       ],
       [
        -122.0107606,
        37.9978532
       ],
       [
        -122.0106528,
        37.9979709
       ],
       [
        -122.0105829,
        37.9981463
       ],
       [
        -122.0107317,
        37.9982317
       ],
       [
        -122.0110262,
        37.9982569
       ],
       [
        -122.0112485,
        37.9983413
       ],
       [
        -122.011284,
        37.9982827
       ],
       [
        -122.0113955,
        37.9983394
       ],
       [
        -122.0116533,
        37.9983652
       ],
       [
        -122.0119135,
        37.9985072
       ],
       [
        -122.0120226,
        37.9984477
       ],
       [
        -122.0123533,
        37.9984434
       ],
       [
        -122.0128074,
        37.9985905
       ],
       [
        -122.0119517,
        37.9994538
       ],
       [
        -122.0109537,
        38.0012246
       ],
       [
        -122.0106465,
        38.0012286
       ],
       [
        -122.0103875,
        38.0011447
       ],
       [
        -122.0070064,
        37.999385
       ],
       [
        -122.0058191,
        37.9988477
       ],
       [
        -122.0055956,
        37.9987051
       ],
       [
        -122.0054499,
        37.9987652
       ],
       [
        -122.0050427,
        37.998625
       ],
       [
        -122.0048957,
        37.9986269
       ],
       [
        -122.0047108,
        37.9985711
       ],
       [
        -122.0044535,
        37.9985744
       ],
       [
        -122.0044162,
        37.9985458
       ],
       [
        -122.004159,
        37.9985491
       ],
       [
        -122.0041216,
        37.9985205
       ],
       [
        -122.0031662,
        37.9985328
       ],
       [
        -122.0031301,
        37.9985624
       ],
       [
        -122.0018446,
        37.998608
       ],
       [
        -122.0014368,
        37.9984387
       ],
       [
        -122.0013332,
        37.9985877
       ],
       [
        -122.0016906,
        37.9974905
       ],
       [
        -122.0017973,
        37.9967164
       ],
       [
        -122.0019051,
        37.995281
       ],
       [
        -122.0019263,
        37.9951369
       ],
       [
        -122.0019669,
        37.9950173
       ],
       [
        -122.0021158,
        37.994723
       ],
       [
        -122.0021327,
        37.9947359
       ],
       [
        -122.0021362,
        37.9949104
       ],
       [
        -122.0019946,
        37.9951739
       ],
       [
        -122.0019289,
        37.9955529
       ],
       [
        -122.0023361,
        37.9956931
       ],
       [
        -122.0026312,
        37.9957475
       ],
       [
        -122.0032239,
        37.9959725
       ],
       [
        -122.0039636,
        37.9961957
       ],
       [
        -122.004392,
        37.9955794
       ],
       [
        -122.0043167,
        37.9954931
       ],
       [
        -122.0048499,
        37.9946137
       ],
       [
        -122.0048475,
        37.9944974
       ],
       [
        -122.0035525,
        37.9940778
       ],
       [
        -122.0026212,
        37.9937241
       ],
       [
        -122.0031906,
        37.9925985
       ],
       [
        -122.0036714,
        37.9927092
       ],
       [
        -122.0037461,
        37.9927664
       ],
       [
        -122.0038563,
        37.992765
       ],
       [
        -122.0045804,
        37.9922321
       ],
       [
        -122.0046907,
        37.9922307
       ],
       [
        -122.0059597,
        37.9931742
       ],
       [
        -122.006106,
        37.9931432
       ],
       [
        -122.0088691,
        37.9916824
       ],
       [
        -122.009236,
        37.9916486
       ],
       [
        -122.0093853,
        37.991763
       ],
       [
        -122.009398,
        37.9918178
       ],
       [
        -122.009383,
        37.9919445
       ],
       [
        -122.0094798,
        37.9924349
       ],
       [
        -122.0095299,
        37.9925257
       ],
       [
        -122.0105875,
        37.9935945
       ],
       [
        -122.0113566,
        37.9943134
       ],
       [
        -122.0113215,
        37.9943369
       ],
       [
        -122.0116884,
        37.9951238
       ],
       [
        -122.0118382,
        37.9954798
       ],
       [
        -122.0118529,
        37.9955704
       ],
       [
        -122.0117824,
        37.9957167
       ],
       [
        -122.0119606,
        37.9957705
       ],
       [
        -122.0120535,
        37.9959912
       ],
       [
        -122.0120456,
        37.9960042
       ],
       [
        -122.0121222,
        37.9961544
       ],
       [
        -122.0121233,
        37.9962068
       ]
      ]
     ],
     [
      [
       [
        -122.0009247,
        37.9985616
       ],
       [
        -122.0007043,
        37.9985644
       ],
       [
        -122.0005911,
        37.9984205
       ],
       [
        -122.000332,
        37.9983365
       ],
       [
        -121.9975986,
        37.9976735
       ],
       [
        -121.9972643,
        37.9975033
       ],
       [
        -121.9969282,
        37.9972459
       ],
       [
        -121.9966254,
        37.9968134
       ],
       [
        -121.9963906,
        37.9961184
       ],
       [
        -121.9962999,
        37.9952761
       ],
       [
        -121.9963692,
        37.9950716
       ],
       [
        -121.9966169,
        37.9946031
       ],
       [
        -121.9967277,
        37.9946307
       ],
       [
        -121.9969429,
        37.9943662
       ],
       [
        -121.9980267,
        37.9934507
       ],
       [
        -121.9980978,
        37.9933334
       ],
       [
        -121.998246,
        37.9933897
       ],
       [
        -121.9983183,
        37.9933306
       ],
       [
        -121.998496,
        37.9930375
       ],
       [
        -121.9992551,
        37.9924169
       ],
       [
        -121.9995793,
        37.9920928
       ],
       [
        -121.9996533,
        37.992121
       ],
       [
        -122.0000492,
        37.9917087
       ],
       [
        -122.0008088,
        37.9911172
       ],
       [
        -122.0009558,
        37.9911153
       ],
       [
        -122.0012154,
        37.9912283
       ],
       [
        -122.0028903,
        37.9922539
       ],
       [
        -122.0030944,
        37.9923314
       ],
       [
        -122.0027911,
        37.9929408
       ],
       [
        -122.002493,
        37.9934363
       ],
       [
        -122.0017324,
        37.9950889
       ],
       [
        -122.001706,
        37.9952074
       ],
       [
        -122.0014874,
        37.997455
       ],
       [
        -122.0011071,
        37.9986207
       ],
       [
        -122.0009247,
        37.9985616
       ]
      ]
     ],
     [
      [
       [
        -122.0170206,
        37.9917992
       ],
       [
        -122.0168266,
        37.9925974
       ],
       [
        -122.0168308,
        37.9928009
       ],
       [
        -122.0167946,
        37.9928305
       ],
       [
        -122.0169838,
        37.9930898
       ],
       [
        -122.0175072,
        37.9935193
       ],
       [
        -122.0171458,
        37.9938148
       ],
       [
        -122.0170362,
        37.9938453
       ],
       [
        -122.016923,
        37.9937014
       ],
       [
        -122.0156134,
        37.992584
       ],
       [
        -122.0155038,
        37.9926145
       ],
       [
        -122.015287,
        37.9927919
       ],
       [
        -122.0150322,
        37.9929115
       ],
       [
        -122.0149966,
        37.9929701
       ],
       [
        -122.0150346,
        37.9930278
       ],
       [
        -122.0147437,
        37.993177
       ],
       [
        -122.0139829,
        37.9937104
       ],
       [
        -122.0139841,
        37.9937686
       ],
       [
        -122.0150695,
        37.9947143
       ],
       [
        -122.0154448,
        37.9950876
       ],
       [
        -122.0144328,
        37.9959151
       ],
       [
        -122.0142912,
        37.9961787
       ],
       [
        -122.0143304,
        37.9962945
       ],
       [
        -122.0141509,
        37.9965005
       ],
       [
        -122.0137659,
        37.9974362
       ],
       [
        -122.013587,
        37.9976712
       ],
       [
        -122.0135527,
        37.997788
       ],
       [
        -122.0134424,
        37.9977894
       ],
       [
        -122.0133683,
        37.9977613
       ],
       [
        -122.0133671,
        37.9977031
       ],
       [
        -122.0135093,
        37.9974686
       ],
       [
        -122.0135051,
        37.997265
       ],
       [
        -122.013116,
        37.996223
       ],
       [
        -122.013222,
        37.996018
       ],
       [
        -122.0129263,
        37.9959346
       ],
       [
        -122.0129967,
        37.9957883
       ],
       [
        -122.0129841,
        37.9957544
       ],
       [
        -122.0141125,
        37.9963539
       ],
       [
        -122.0141924,
        37.9962613
       ],
       [
        -122.0131162,
        37.9956884
       ],
       [
        -122.0128367,
        37.995361
       ],
       [
        -122.0123354,
        37.9940226
       ],
       [
        -122.012221,
        37.9938205
       ],
       [
        -122.011132,
        37.9927002
       ],
       [
        -122.0106092,
        37.9922998
       ],
       [
        -122.0104201,
        37.9920405
       ],
       [
        -122.0104129,
        37.9916915
       ],
       [
        -122.0105147,
        37.991283
       ],
       [
        -122.0105425,
        37.9908464
       ],
       [
        -122.0105786,
        37.9908168
       ],
       [
        -122.010692,
        37.9891866
       ],
       [
        -122.0107281,
        37.989157
       ],
       [
        -122.0107215,
        37.9888371
       ],
       [
        -122.0107577,
        37.9888076
       ],
       [
        -122.0107511,
        37.9884877
       ],
       [
        -122.0107872,
        37.9884582
       ],
       [
        -122.0107806,
        37.9881383
       ],
       [
        -122.0108167,
        37.9881088
       ],
       [
        -122.0108101,
        37.9877889
       ],
       [
        -122.0108463,
        37.9877594
       ],
       [
        -122.0108397,
        37.9874395
       ],
       [
        -122.0108758,
        37.98741
       ],
       [
        -122.0108698,
        37.9871192
       ],
       [
        -122.0109379,
        37.9868565
       ],
       [
        -122.0116601,
        37.9862364
       ],
       [
        -122.0117335,
        37.9862354
       ],
       [
        -122.0118468,
        37.9863794
       ],
       [
        -122.0119311,
        37.9869018
       ],
       [
        -122.0121551,
        37.9870735
       ],
       [
        -122.0124141,
        37.9871574
       ],
       [
        -122.0125243,
        37.9871559
       ],
       [
        -122.0127845,
        37.987298
       ],
       [
        -122.0128947,
        37.9872966
       ],
       [
        -122.0132573,
        37.9870592
       ],
       [
        -122.013585,
        37.9869095
       ],
       [
        -122.0139102,
        37.9866435
       ],
       [
        -122.0143824,
        37.9863756
       ],
       [
        -122.0145631,
        37.9862279
       ],
       [
        -122.0144872,
        37.9861125
       ],
       [
        -122.0135121,
        37.9851653
       ],
       [
        -122.013473,
        37.9850495
       ],
       [
        -122.0145981,
        37.9843659
       ],
       [
        -122.0147806,
        37.9843054
       ],
       [
        -122.0156117,
        37.9853999
       ],
       [
        -122.0160255,
        37.9858599
       ],
       [
        -122.0164736,
        37.9862031
       ],
       [
        -122.0177721,
        37.986797
       ],
       [
        -122.0181829,
        37.9871116
       ],
       [
        -122.0182558,
        37.9870816
       ],
       [
        -122.0189316,
        37.9877709
       ],
       [
        -122.0189713,
        37.9879158
       ],
       [
        -122.019046,
        37.987973
       ],
       [
        -122.0191562,
        37.9879716
       ],
       [
        -122.0192677,
        37.9880283
       ],
       [
        -122.0192327,
        37.988116
       ],
       [
        -122.0199881,
        37.9890951
       ],
       [
        -122.0200333,
        37.9895017
       ],
       [
        -122.0198905,
        37.9897072
       ],
       [
        -122.0197068,
        37.9897095
       ],
       [
        -122.0196695,
        37.9896809
       ],
       [
        -122.0185305,
        37.9896958
       ],
       [
        -122.0182745,
        37.9897572
       ],
       [
        -122.0179143,
        37.990111
       ],
       [
        -122.0174849,
        37.9906692
       ],
       [
        -122.0173084,
        37.9910205
       ],
       [
        -122.0170338,
        37.9917635
       ],
       [
        -122.0170033,
        37.9917806
       ],
       [
        -122.0170206,
        37.9917992
       ]
      ]
     ],
     [
      [
       [
        -121.9946405,
        37.9950065
       ],
       [
        -121.994167,
        37.9952161
       ],
       [
        -121.9934315,
        37.9951964
       ],
       [
        -121.9929828,
        37.9948241
       ],
       [
        -121.9926071,
        37.9944217
       ],
       [
        -121.9919724,
        37.9939353
       ],
       [
        -121.9903752,
        37.9931122
       ],
       [
        -121.990153,
        37.9930278
       ],
       [
        -121.9895633,
        37.9929481
       ],
       [
        -121.989046,
        37.9928092
       ],
       [
        -121.9877499,
        37.9923313
       ],
       [
        -121.9874874,
        37.9920729
       ],
       [
        -121.9872593,
        37.9916977
       ],
       [
        -121.9871029,
        37.9912343
       ],
       [
        -121.9871337,
        37.990943
       ],
       [
        -121.9872404,
        37.9907672
       ],
       [
        -121.9891184,
        37.9891435
       ],
       [
        -121.9898775,
        37.9885231
       ],
       [
        -121.9899516,
        37.9885512
       ],
       [
        -121.9902384,
        37.9881985
       ],
       [
        -121.9913223,
        37.9872831
       ],
       [
        -121.9913596,
        37.9873117
       ],
       [
        -121.9914669,
        37.9871649
       ],
       [
        -121.9923338,
        37.9864267
       ],
       [
        -121.9925525,
        37.9863366
       ],
       [
        -121.9928452,
        37.9862747
       ],
       [
        -121.9932499,
        37.9862986
       ],
       [
        -121.993695,
        37.9864965
       ],
       [
        -121.9966787,
        37.9886397
       ],
       [
        -121.9990961,
        37.9900339
       ],
       [
        -121.9993207,
        37.9902347
       ],
       [
        -121.9994363,
        37.990495
       ],
       [
        -121.9994073,
        37.9908734
       ],
       [
        -121.9992295,
        37.9911666
       ],
       [
        -121.9988319,
        37.9914916
       ],
       [
        -121.9986885,
        37.991668
       ],
       [
        -121.9986144,
        37.9916398
       ],
       [
        -121.9984349,
        37.9918457
       ],
       [
        -121.9975318,
        37.9926135
       ],
       [
        -121.9972811,
        37.9929367
       ],
       [
        -121.9970956,
        37.9928518
       ],
       [
        -121.9968094,
        37.9932336
       ],
       [
        -121.9957623,
        37.9941486
       ],
       [
        -121.9956882,
        37.9941205
       ],
       [
        -121.9955087,
        37.9943264
       ],
       [
        -121.9946405,
        37.9950065
       ]
      ],
      [
       [
        -121.9934361,
        37.9918225
       ],
       [
        -121.9935843,
        37.9918787
       ],
       [
        -121.994053,
        37.9914365
       ],
       [
        -121.9941242,
        37.9913192
       ],
       [
        -121.9941982,
        37.9913474
       ],
       [
        -121.9944844,
        37.9909656
       ],
       [
        -121.9949887,
        37.9904647
       ],
       [
        -121.9943179,
        37.9900079
       ],
       [
        -121.9931647,
        37.9893246
       ],
       [
        -121.9917602,
        37.9907386
       ],
       [
        -121.9920589,
        37.9909675
       ],
       [
        -121.9934361,
        37.9918225
       ]
      ]
     ],
     [
      [
       [
        -121.9865672,
        37.990194
       ],
       [
        -121.9862762,
        37.9903431
       ],
       [
        -121.9859106,
        37.9904351
       ],
       [
        -121.9855793,
        37.9904102
       ],
       [
        -121.9852095,
        37.9902985
       ],
       [
        -121.9849494,
        37.9901564
       ],
       [
        -121.9846134,
        37.9898989
       ],
       [
        -121.9840878,
        37.989353
       ],
       [
        -121.9833347,
        37.9884609
       ],
       [
        -121.9829235,
        37.9881171
       ],
       [
        -121.9822545,
        37.9877475
       ],
       [
        -121.9809207,
        37.9872118
       ],
       [
        -121.9805474,
        37.9869256
       ],
       [
        -121.9802091,
        37.9865518
       ],
       [
        -121.9800574,
        37.9863211
       ],
       [
        -121.9799017,
        37.9858868
       ],
       [
        -121.9799325,
        37.9855955
       ],
       [
        -121.9800369,
        37.9853033
       ],
       [
        -121.9803225,
        37.9848925
       ],
       [
        -121.9806106,
        37.984598
       ],
       [
        -121.9820921,
        37.9833576
       ],
       [
        -121.9824192,
        37.983179
       ],
       [
        -121.982418,
        37.9831208
       ],
       [
        -121.9825976,
        37.9829149
       ],
       [
        -121.983899,
        37.9818514
       ],
       [
        -121.9841508,
        37.9815864
       ],
       [
        -121.9851262,
        37.9807596
       ],
       [
        -121.9854189,
        37.9806977
       ],
       [
        -121.9857128,
        37.980694
       ],
       [
        -121.986268,
        37.9808905
       ],
       [
        -121.9867171,
        37.981292
       ],
       [
        -121.9868652,
        37.9813483
       ],
       [
        -121.9915676,
        37.9848949
       ],
       [
        -121.9917175,
        37.9850384
       ],
       [
        -121.9918704,
        37.9853273
       ],
       [
        -121.9918746,
        37.9855309
       ],
       [
        -121.9917679,
        37.9857068
       ],
       [
        -121.9891676,
        37.9879504
       ],
       [
        -121.9890936,
        37.9879223
       ],
       [
        -121.9888061,
        37.9882459
       ],
       [
        -121.9877951,
        37.9891313
       ],
       [
        -121.9875415,
        37.9893091
       ],
       [
        -121.9871462,
        37.9897504
       ],
       [
        -121.9865672,
        37.990194
       ]
      ],
      [
       [
        -121.9843768,
        37.985481
       ],
       [
        -121.984378,
        37.9855391
       ],
       [
        -121.986056,
        37.9867394
       ],
       [
        -121.9862374,
        37.9866207
       ],
       [
        -121.9875731,
        37.9854403
       ],
       [
        -121.9875713,
        37.9853531
       ],
       [
        -121.9859306,
        37.9841814
       ],
       [
        -121.9858571,
        37.9841824
       ],
       [
        -121.9849546,
        37.9849792
       ],
       [
        -121.9849173,
        37.9849505
       ],
       [
        -121.98481,
        37.9850973
       ],
       [
        -121.9843768,
        37.985481
       ]
      ]
     ],
     [
      [
       [
        -121.9809328,
        37.9769154
       ],
       [
        -121.9811947,
        37.9771448
       ],
       [
        -121.9813428,
        37.9772011
       ],
       [
        -121.9833559,
        37.9786298
       ],
       [
        -121.9843264,
        37.9793737
       ],
       [
        -121.9844396,
        37.9795177
       ],
       [
        -121.9844449,
        37.9797794
       ],
       [
        -121.9843743,
        37.9799257
       ],
       [
        -121.9841225,
        37.9801906
       ],
       [
        -121.9818108,
        37.9821687
       ],
       [
        -121.9814487,
        37.9824351
       ],
       [
        -121.9813391,
        37.9824655
       ],
       [
        -121.9810884,
        37.9827887
       ],
       [
        -121.9800774,
        37.983674
       ],
       [
        -121.9799678,
        37.9837045
       ],
       [
        -121.9790669,
        37.9845885
       ],
       [
        -121.9786331,
        37.984943
       ],
       [
        -121.9782325,
        37.9851226
       ],
       [
        -121.9781223,
        37.985124
       ],
       [
        -121.9775671,
        37.9849274
       ],
       [
        -121.976375,
        37.9841281
       ],
       [
        -121.9748873,
        37.9832452
       ],
       [
        -121.9745514,
        37.9829877
       ],
       [
        -121.9741379,
        37.9825276
       ],
       [
        -121.9738341,
        37.9820369
       ],
       [
        -121.9738253,
        37.9816008
       ],
       [
        -121.9739407,
        37.9812387
       ],
       [
        -121.9753947,
        37.9805988
       ],
       [
        -121.9756447,
        37.9807866
       ],
       [
        -121.9756914,
        37.9807847
       ],
       [
        -121.9757352,
        37.9807607
       ],
       [
        -121.9758672,
        37.9805904
       ],
       [
        -121.9758512,
        37.9805433
       ],
       [
        -121.9757308,
        37.9804508
       ],
       [
        -121.9765799,
        37.9800768
       ],
       [
        -121.9771846,
        37.9805404
       ],
       [
        -121.977482,
        37.9807111
       ],
       [
        -121.9779672,
        37.9810831
       ],
       [
        -121.97819,
        37.9811966
       ],
       [
        -121.9788768,
        37.9806353
       ],
       [
        -121.9790925,
        37.9803999
       ],
       [
        -121.9797065,
        37.9798686
       ],
       [
        -121.9786987,
        37.979096
       ],
       [
        -121.9783239,
        37.9788542
       ],
       [
        -121.9807698,
        37.9768009
       ],
       [
        -121.9809328,
        37.9769154
       ]
      ]
     ],
     [
      [
       [
        -121.9740672,
        37.9808415
       ],
       [
        -121.9740969,
        37.9804921
       ],
       [
        -121.9741331,
        37.9804626
       ],
       [
        -121.9740921,
        37.9784271
       ],
       [
        -121.974127,
        37.9783394
       ],
       [
        -121.9743777,
        37.9780163
       ],
       [
        -121.9747392,
        37.9777209
       ],
       [
        -121.9747381,
        37.9776627
       ],
       [
        -121.9749894,
        37.9773687
       ],
       [
        -121.9774842,
        37.9753594
       ],
       [
        -121.9778853,
        37.9752089
       ],
       [
        -121.9782526,
        37.9752042
       ],
       [
        -121.9786964,
        37.975344
       ],
       [
        -121.9806147,
        37.9766919
       ],
       [
        -121.9781626,
        37.9787501
       ],
       [
        -121.9779913,
        37.9786396
       ],
       [
        -121.9774858,
        37.9790823
       ],
       [
        -121.9770864,
        37.97932
       ],
       [
        -121.9771249,
        37.9794068
       ],
       [
        -121.9766911,
        37.9797613
       ],
       [
        -121.976634,
        37.9798236
       ],
       [
        -121.9763514,
        37.9795914
       ],
       [
        -121.9763117,
        37.9795801
       ],
       [
        -121.97619,
        37.9796049
       ],
       [
        -121.9760357,
        37.9797274
       ],
       [
        -121.976033,
        37.9797501
       ],
       [
        -121.9763501,
        37.9799906
       ],
       [
        -121.9755709,
        37.9803339
       ],
       [
        -121.9754836,
        37.980273
       ],
       [
        -121.975434,
        37.9802697
       ],
       [
        -121.9752042,
        37.9804263
       ],
       [
        -121.9752048,
        37.9804583
       ],
       [
        -121.9752325,
        37.980483
       ],
       [
        -121.974008,
        37.9810273
       ],
       [
        -121.9740672,
        37.9808415
       ]
      ]
     ]
    ]
   }
  },
  {
   "type": "Feature",
   "properties": {
    "kind": "zone",
    "category": "commercial",
    "label": "Commercial flex",
    "source": "traced: Concord Reuse Project Area Plan, Book One: Vision and Standards (City of Concord, adopted Jan 24, 2012), Figure 3-3, Area Plan Diagram, p. 41 (PDF p. 49)",
    "note": "Region-serving retail and/or workplace district: R&D/flex, light industrial, office and retail, FAR 0.2-1.0, no housing (Table 3-4, p. 46). Table 3-2 (p. 40): ~1,700,000 sq ft. Category commercial: the plan lists it under Commercial. About 210 acres on the EDC property as drawn (226 acres across the plan area as traced; Table 3-2 gives ~210 planning-area-wide). Approximate boundary: traced from a small-scale plan diagram.",
    "stage": "entitlement",
    "accuracy": "approximate",
    "acres": 210.5
   },
   "geometry": {
    "type": "MultiPolygon",
    "coordinates": [
     [
      [
       [
        -121.9948691,
        38.0062014
       ],
       [
        -121.9949402,
        38.0060842
       ],
       [
        -121.9949728,
        38.0058802
       ],
       [
        -121.9948981,
        38.0058229
       ],
       [
        -121.9948964,
        38.0057357
       ],
       [
        -121.9953296,
        38.0053521
       ],
       [
        -121.9952176,
        38.0052662
       ],
       [
        -121.9952152,
        38.0051499
       ],
       [
        -121.9953189,
        38.0048287
       ],
       [
        -121.9955039,
        38.0048845
       ],
       [
        -121.9956538,
        38.005028
       ],
       [
        -121.9957629,
        38.0049684
       ],
       [
        -121.9960599,
        38.00511
       ],
       [
        -121.9972062,
        38.0054444
       ],
       [
        -121.9972827,
        38.0055888
       ],
       [
        -121.9974315,
        38.0056742
       ],
       [
        -121.9976508,
        38.0056132
       ],
       [
        -121.997796,
        38.0055241
       ],
       [
        -121.9979797,
        38.0055217
       ],
       [
        -121.9981297,
        38.0056652
       ],
       [
        -121.9985351,
        38.0057182
       ],
       [
        -121.9987567,
        38.0058023
       ],
       [
        -121.998325,
        38.0071203
       ],
       [
        -121.9978992,
        38.006977
       ],
       [
        -121.9976414,
        38.0069512
       ],
       [
        -121.9949136,
        38.0062896
       ],
       [
        -121.9948691,
        38.0062014
       ]
      ]
     ],
     [
      [
       [
        -121.9984968,
        38.0074347
       ],
       [
        -121.9985655,
        38.0072012
       ],
       [
        -121.9985163,
        38.0071846
       ],
       [
        -121.9989548,
        38.0058452
       ],
       [
        -121.9990153,
        38.0058284
       ],
       [
        -121.999049,
        38.0056825
       ],
       [
        -121.9994557,
        38.0057937
       ],
       [
        -121.9998561,
        38.0057783
       ],
       [
        -122.0001901,
        38.0063902
       ],
       [
        -122.0001633,
        38.0057665
       ],
       [
        -122.0005943,
        38.00575
       ],
       [
        -122.0007822,
        38.0059511
       ],
       [
        -122.001193,
        38.0062658
       ],
       [
        -122.0017514,
        38.0066077
       ],
       [
        -122.0020852,
        38.0067488
       ],
       [
        -122.0021249,
        38.0068937
       ],
       [
        -122.0024213,
        38.0070063
       ],
       [
        -122.003614,
        38.0078053
       ],
       [
        -122.0040604,
        38.0080613
       ],
       [
        -122.0041357,
        38.0081476
       ],
       [
        -122.0041393,
        38.0083221
       ],
       [
        -122.0041766,
        38.0083507
       ],
       [
        -122.004764,
        38.0083141
       ],
       [
        -122.0047676,
        38.0084885
       ],
       [
        -122.0048803,
        38.0086034
       ],
       [
        -122.0052899,
        38.0088599
       ],
       [
        -122.0063303,
        38.0093991
       ],
       [
        -122.0064424,
        38.0094849
       ],
       [
        -122.0064809,
        38.0095717
       ],
       [
        -122.0064869,
        38.0098625
       ],
       [
        -122.0065242,
        38.0098911
       ],
       [
        -122.0070755,
        38.009884
       ],
       [
        -122.0071117,
        38.0098544
       ],
       [
        -122.0075153,
        38.0098201
       ],
       [
        -122.007593,
        38.0100227
       ],
       [
        -122.007743,
        38.0101662
       ],
       [
        -122.0082268,
        38.0104509
       ],
       [
        -122.0090763,
        38.0106435
       ],
       [
        -122.00978,
        38.0108962
       ],
       [
        -122.009927,
        38.0108943
       ],
       [
        -122.010036,
        38.0108347
       ],
       [
        -122.010074,
        38.0108924
       ],
       [
        -122.0104451,
        38.0110621
       ],
       [
        -122.0104708,
        38.0111011
       ],
       [
        -122.0103519,
        38.0110308
       ],
       [
        -122.0061253,
        38.0116421
       ],
       [
        -122.0060524,
        38.0116125
       ],
       [
        -122.0016001,
        38.012257
       ],
       [
        -122.0007341,
        38.0123139
       ],
       [
        -121.9990578,
        38.0125584
       ],
       [
        -121.9988932,
        38.0124323
       ],
       [
        -121.9987082,
        38.0123765
       ],
       [
        -121.9984136,
        38.0123512
       ],
       [
        -121.9983775,
        38.0123808
       ],
       [
        -121.9980099,
        38.0123855
       ],
       [
        -121.9977124,
        38.0122148
       ],
       [
        -121.9975647,
        38.0121876
       ],
       [
        -121.9973407,
        38.012016
       ],
       [
        -121.9972447,
        38.0119956
       ],
       [
        -121.9972387,
        38.0119398
       ],
       [
        -121.9971084,
        38.01193
       ],
       [
        -121.9971527,
        38.0118148
       ],
       [
        -121.9972092,
        38.0114446
       ],
       [
        -121.9973814,
        38.0109127
       ],
       [
        -121.9973158,
        38.0108983
       ],
       [
        -121.9974143,
        38.0106751
       ],
       [
        -121.9974298,
        38.0106009
       ],
       [
        -121.997711,
        38.0103533
       ],
       [
        -121.9976689,
        38.0100921
       ],
       [
        -121.9977051,
        38.0100626
       ],
       [
        -121.9977009,
        38.009859
       ],
       [
        -121.9979788,
        38.0090702
       ],
       [
        -121.9979765,
        38.0089538
       ],
       [
        -121.9981205,
        38.0086638
       ],
       [
        -121.9992423,
        38.0088801
       ],
       [
        -122.00143,
        38.0100792
       ],
       [
        -122.0018799,
        38.0108699
       ],
       [
        -122.0018398,
        38.0110343
       ],
       [
        -122.0027203,
        38.0112173
       ],
       [
        -122.0039693,
        38.0117461
       ],
       [
        -122.0044868,
        38.0116099
       ],
       [
        -122.0037574,
        38.0112877
       ],
       [
        -122.0022734,
        38.0108001
       ],
       [
        -122.001682,
        38.0099197
       ],
       [
        -121.9999509,
        38.0089053
       ],
       [
        -121.9994004,
        38.0086037
       ],
       [
        -121.9982229,
        38.0082737
       ],
       [
        -121.9983243,
        38.0079896
       ],
       [
        -121.9983201,
        38.0077837
       ],
       [
        -121.9983612,
        38.0076583
       ],
       [
        -121.9984968,
        38.0074347
       ]
      ]
     ],
     [
      [
       [
        -122.0116188,
        38.0109306
       ],
       [
        -122.0115802,
        38.0108438
       ],
       [
        -122.0113567,
        38.0107013
       ],
       [
        -122.0113181,
        38.0106145
       ],
       [
        -122.0113543,
        38.010585
       ],
       [
        -122.0111302,
        38.0104134
       ],
       [
        -122.0109826,
        38.0103862
       ],
       [
        -122.0107964,
        38.0102722
       ],
       [
        -122.0106861,
        38.0102737
       ],
       [
        -122.0104994,
        38.0101307
       ],
       [
        -122.0104259,
        38.0101316
       ],
       [
        -122.0100921,
        38.0099905
       ],
       [
        -122.009871,
        38.0099643
       ],
       [
        -122.0097518,
        38.0095295
       ],
       [
        -122.0096771,
        38.0094723
       ],
       [
        -122.0093457,
        38.0094475
       ],
       [
        -122.0093095,
        38.0094771
       ],
       [
        -122.0090523,
        38.0094804
       ],
       [
        -122.0087601,
        38.0095714
       ],
       [
        -122.0086878,
        38.0096305
       ],
       [
        -122.0082835,
        38.0096357
       ],
       [
        -122.0080914,
        38.009231
       ],
       [
        -122.0067522,
        38.008463
       ],
       [
        -122.0067106,
        38.0082308
       ],
       [
        -122.0074438,
        38.0081341
       ],
       [
        -122.0076631,
        38.0080731
       ],
       [
        -122.0077716,
        38.0079845
       ],
       [
        -122.0076927,
        38.0077237
       ],
       [
        -122.0075651,
        38.0068819
       ],
       [
        -122.0076012,
        38.0068523
       ],
       [
        -122.0076935,
        38.0059786
       ],
       [
        -122.0078623,
        38.0052492
       ],
       [
        -122.0079328,
        38.0051029
       ],
       [
        -122.007928,
        38.0048703
       ],
       [
        -122.0080726,
        38.0047521
       ],
       [
        -122.0082575,
        38.0048079
       ],
       [
        -122.0095438,
        38.0047913
       ],
       [
        -122.0095799,
        38.0047617
       ],
       [
        -122.0128499,
        38.0046904
       ],
       [
        -122.0134777,
        38.0048277
       ],
       [
        -122.0131282,
        38.0057047
       ],
       [
        -122.0128884,
        38.0065513
       ],
       [
        -122.0128173,
        38.0066686
       ],
       [
        -122.0128245,
        38.0070175
       ],
       [
        -122.0126438,
        38.0071653
       ],
       [
        -122.0126504,
        38.0074851
       ],
       [
        -122.012548,
        38.0078646
       ],
       [
        -122.012519,
        38.0082431
       ],
       [
        -122.0124829,
        38.0082726
       ],
       [
        -122.0124895,
        38.0085925
       ],
       [
        -122.0125292,
        38.0087374
       ],
       [
        -122.0126039,
        38.0087946
       ],
       [
        -122.0130082,
        38.0087894
       ],
       [
        -122.0144367,
        38.0085382
       ],
       [
        -122.0162694,
        38.0082818
       ],
       [
        -122.0164519,
        38.0082212
       ],
       [
        -122.01682,
        38.0082455
       ],
       [
        -122.0170761,
        38.008184
       ],
       [
        -122.0186172,
        38.0080477
       ],
       [
        -122.0192034,
        38.0079528
       ],
       [
        -122.0192793,
        38.0080682
       ],
       [
        -122.0198466,
        38.0085507
       ],
       [
        -122.0194068,
        38.0088775
       ],
       [
        -122.0177997,
        38.0091996
       ],
       [
        -122.0179788,
        38.0097003
       ],
       [
        -122.0191025,
        38.0094537
       ],
       [
        -122.0189426,
        38.0095559
       ],
       [
        -122.0181744,
        38.0097404
       ],
       [
        -122.0180274,
        38.0097423
       ],
       [
        -122.017772,
        38.0098329
       ],
       [
        -122.0175947,
        38.0099778
       ],
       [
        -122.0157888,
        38.0102397
       ],
       [
        -122.0157585,
        38.0102371
       ],
       [
        -122.0125924,
        38.0107031
       ],
       [
        -122.0125695,
        38.0106856
       ],
       [
        -122.0122393,
        38.010719
       ],
       [
        -122.0120548,
        38.0107811
       ],
       [
        -122.011687,
        38.0108344
       ],
       [
        -122.0117083,
        38.0109205
       ],
       [
        -122.0116188,
        38.0109306
       ]
      ]
     ]
    ]
   }
  },
  {
   "type": "Feature",
   "properties": {
    "kind": "zone",
    "category": "civic",
    "label": "Campus",
    "source": "traced: Concord Reuse Project Area Plan, Book One: Vision and Standards (City of Concord, adopted Jan 24, 2012), Figure 3-3, Area Plan Diagram, p. 41 (PDF p. 49)",
    "note": "Educational, research and development, health-care and/or cultural uses; up to 800,000 sq ft for any use besides a four-year campus (Table 3-4, p. 47). Category civic: the plan lists it under Civic and Institutional. About 118 acres on the EDC property as drawn (122 acres across the plan area as traced; Table 3-2 gives ~120 planning-area-wide). Approximate boundary: traced from a small-scale plan diagram.",
    "stage": "entitlement",
    "accuracy": "approximate",
    "acres": 118.1
   },
   "geometry": {
    "type": "Polygon",
    "coordinates": [
     [
      [
       -122.0091856,
       38.0016837
      ],
      [
       -122.0094091,
       38.0018263
      ],
      [
       -122.0091976,
       38.0022653
      ],
      [
       -122.0090891,
       38.0023539
      ],
      [
       -122.009056,
       38.0025289
      ],
      [
       -122.0083137,
       38.0039637
      ],
      [
       -122.0081034,
       38.0044608
      ],
      [
       -122.008072,
       38.004723
      ],
      [
       -122.0078912,
       38.0048708
      ],
      [
       -122.007896,
       38.0051034
      ],
      [
       -122.0078255,
       38.0052497
      ],
      [
       -122.0076568,
       38.005979
      ],
      [
       -122.0075645,
       38.0068528
      ],
      [
       -122.0075283,
       38.0068823
      ],
      [
       -122.007656,
       38.0077242
      ],
      [
       -122.0077342,
       38.0079559
      ],
      [
       -122.0076625,
       38.008044
      ],
      [
       -122.0068938,
       38.0081994
      ],
      [
       -122.0060853,
       38.0082098
      ],
      [
       -122.0059708,
       38.0080077
      ],
      [
       -122.0026938,
       38.0059557
      ],
      [
       -122.0024348,
       38.0058718
      ],
      [
       -122.0024324,
       38.0057554
      ],
      [
       -122.0020613,
       38.0055857
      ],
      [
       -122.0015005,
       38.0051275
      ],
      [
       -122.0014626,
       38.0050698
      ],
      [
       -122.0014554,
       38.0047209
      ],
      [
       -122.0015585,
       38.0043706
      ],
      [
       -122.0015519,
       38.0040507
      ],
      [
       -122.0014725,
       38.0037609
      ],
      [
       -122.0015086,
       38.0037313
      ],
      [
       -122.001431,
       38.0035287
      ],
      [
       -122.0010142,
       38.0029233
      ],
      [
       -122.0009733,
       38.0027202
      ],
      [
       -122.0008595,
       38.0025472
      ],
      [
       -122.0006366,
       38.0024337
      ],
      [
       -122.0002312,
       38.0023807
      ],
      [
       -122.000224,
       38.0020318
      ],
      [
       -122.0002957,
       38.0019436
      ],
      [
       -122.0007087,
       38.0005713
      ],
      [
       -122.0008147,
       38.0003663
      ],
      [
       -122.0009166,
       37.9999578
      ],
      [
       -122.0010239,
       37.999811
      ],
      [
       -122.0010209,
       37.9996656
      ],
      [
       -122.0010511,
       37.9996029
      ],
      [
       -122.002884,
       38.0000098
      ],
      [
       -122.0046226,
       37.9997297
      ],
      [
       -122.0048106,
       37.9998496
      ],
      [
       -122.0049925,
       37.99976
      ],
      [
       -122.0051413,
       37.9998453
      ],
      [
       -122.0053739,
       37.9999034
      ],
      [
       -122.0061985,
       38.0005082
      ],
      [
       -122.0065341,
       38.0004116
      ],
      [
       -122.0075419,
       38.0008951
      ],
      [
       -122.007575,
       38.0009209
      ],
      [
       -122.0075828,
       38.0009147
      ],
      [
       -122.0091856,
       38.0016837
      ]
     ],
     [
      [
       -122.0037095,
       38.0055707
      ],
      [
       -122.0036448,
       38.0057634
      ],
      [
       -122.0038006,
       38.0055951
      ],
      [
       -122.0060738,
       38.004895
      ],
      [
       -122.0060158,
       38.0047505
      ],
      [
       -122.0058187,
       38.004797
      ],
      [
       -122.00565,
       38.004803
      ],
      [
       -122.0046043,
       38.0050093
      ],
      [
       -122.00432,
       38.0051051
      ],
      [
       -122.0037095,
       38.0055707
      ]
     ]
    ]
   }
  },
  {
   "type": "Feature",
   "properties": {
    "kind": "zone",
    "category": "civic",
    "label": "First responder training center",
    "source": "traced: Concord Reuse Project Area Plan, Book One: Vision and Standards (City of Concord, adopted Jan 24, 2012), Figure 3-3, Area Plan Diagram, p. 41 (PDF p. 49)",
    "note": "Training grounds and facilities for emergency services (Table 3-4, p. 47; Table 3-12, p. 62). About 10 acres on the EDC property as drawn (86 acres across the plan area as traced; Table 3-2 gives ~80 planning-area-wide). Approximate boundary: traced from a small-scale plan diagram.",
    "stage": "entitlement",
    "accuracy": "approximate",
    "acres": 10.4
   },
   "geometry": {
    "type": "Polygon",
    "coordinates": [
     [
      [
       -122.0082066,
       38.0130397
      ],
      [
       -122.0112831,
       38.0124765
      ],
      [
       -122.0124929,
       38.0123154
      ],
      [
       -122.01257,
       38.0124889
      ],
      [
       -122.0126827,
       38.0126038
      ],
      [
       -122.0126839,
       38.0126619
      ],
      [
       -122.0125387,
       38.0127511
      ],
      [
       -122.012582,
       38.0130705
      ],
      [
       -122.0129164,
       38.0132406
      ],
      [
       -122.0129568,
       38.0134146
      ],
      [
       -122.01307,
       38.0135586
      ],
      [
       -122.0131477,
       38.0137612
      ],
      [
       -122.0132604,
       38.0138761
      ],
      [
       -122.0134833,
       38.0139895
      ],
      [
       -122.0136309,
       38.0140167
      ],
      [
       -122.0144401,
       38.0140353
      ],
      [
       -122.0144775,
       38.0140639
      ],
      [
       -122.0151909,
       38.0156224
      ],
      [
       -122.0125465,
       38.0144135
      ],
      [
       -122.0122567,
       38.0141393
      ],
      [
       -122.0119042,
       38.0136441
      ],
      [
       -122.0117369,
       38.0132387
      ],
      [
       -122.0115247,
       38.0125325
      ],
      [
       -122.0062774,
       38.0134009
      ],
      [
       -122.00579,
       38.0134177
      ],
      [
       -122.005807,
       38.0133664
      ],
      [
       -122.0082066,
       38.0130397
      ]
     ]
    ]
   }
  },
  {
   "type": "Feature",
   "properties": {
    "kind": "zone",
    "category": "open-space",
    "label": "Conservation open space",
    "source": "traced: Concord Reuse Project Area Plan, Book One: Vision and Standards (City of Concord, adopted Jan 24, 2012), Figure 3-3, Area Plan Diagram, p. 41 (PDF p. 49)",
    "note": "Conservation lands, mostly the future regional park, conveyed separately from the EDC property; on the EDC property mainly the creek corridors (Table 3-2, p. 40; Section 3.4). About 230 acres on the EDC property as drawn (2,731 acres across the plan area as traced; Table 3-2 gives ~2,715 planning-area-wide). Approximate boundary: traced from a small-scale plan diagram.",
    "stage": "entitlement",
    "accuracy": "approximate",
    "acres": 230.3
   },
   "geometry": {
    "type": "MultiPolygon",
    "coordinates": [
     [
      [
       [
        -122.0188114,
        38.0156365
       ],
       [
        -122.0184409,
        38.0154959
       ],
       [
        -122.0181462,
        38.0154706
       ],
       [
        -122.0177745,
        38.0152719
       ],
       [
        -122.0174413,
        38.0151598
       ],
       [
        -122.0171804,
        38.0149887
       ],
       [
        -122.0170334,
        38.0149906
       ],
       [
        -122.0169207,
        38.0148757
       ],
       [
        -122.0159958,
        38.0145969
       ],
       [
        -122.0155488,
        38.0143118
       ],
       [
        -122.014992,
        38.0140573
       ],
       [
        -122.0144769,
        38.0140348
       ],
       [
        -122.0144395,
        38.0140062
       ],
       [
        -122.0138882,
        38.0140134
       ],
       [
        -122.0134086,
        38.0139323
       ],
       [
        -122.0131845,
        38.0137607
       ],
       [
        -122.012955,
        38.0133274
       ],
       [
        -122.0129532,
        38.0132402
       ],
       [
        -122.0128411,
        38.0131544
       ],
       [
        -122.0126188,
        38.01307
       ],
       [
        -122.0125754,
        38.0127506
       ],
       [
        -122.0127206,
        38.0126615
       ],
       [
        -122.0127194,
        38.0126033
       ],
       [
        -122.0125308,
        38.0123731
       ],
       [
        -122.0125296,
        38.0123149
       ],
       [
        -122.01319,
        38.0122482
       ],
       [
        -122.0133725,
        38.0121877
       ],
       [
        -122.0135931,
        38.0121848
       ],
       [
        -122.0136334,
        38.0123588
       ],
       [
        -122.0135997,
        38.0125047
       ],
       [
        -122.0137852,
        38.0125895
       ],
       [
        -122.0140545,
        38.0131677
       ],
       [
        -122.0142052,
        38.0133403
       ],
       [
        -122.0151234,
        38.0132993
       ],
       [
        -122.0154186,
        38.0133537
       ],
       [
        -122.0158265,
        38.0135229
       ],
       [
        -122.0163121,
        38.0138947
       ],
       [
        -122.0173099,
        38.0141435
       ],
       [
        -122.0175328,
        38.014257
       ],
       [
        -122.0178323,
        38.0145149
       ],
       [
        -122.0179781,
        38.0144548
       ],
       [
        -122.0181643,
        38.0145687
       ],
       [
        -122.0186788,
        38.0145621
       ],
       [
        -122.0187897,
        38.0145897
       ],
       [
        -122.0193133,
        38.0150192
       ],
       [
        -122.0195356,
        38.0151036
       ],
       [
        -122.0200089,
        38.0153688
       ],
       [
        -122.0194861,
        38.0156799
       ],
       [
        -122.0190925,
        38.0157683
       ],
       [
        -122.0188114,
        38.0156365
       ]
      ]
     ],
     [
      [
       [
        -122.0001944,
        38.0023812
       ],
       [
        -122.0003059,
        38.0024379
       ],
       [
        -122.0006372,
        38.0024628
       ],
       [
        -122.0008227,
        38.0025476
       ],
       [
        -122.0009365,
        38.0027207
       ],
       [
        -122.0009774,
        38.0029238
       ],
       [
        -122.0013942,
        38.0035292
       ],
       [
        -122.0014719,
        38.0037318
       ],
       [
        -122.0014357,
        38.0037613
       ],
       [
        -122.0015152,
        38.0040512
       ],
       [
        -122.0015217,
        38.004371
       ],
       [
        -122.0014187,
        38.0047214
       ],
       [
        -122.0014258,
        38.0050703
       ],
       [
        -122.0016884,
        38.0053287
       ],
       [
        -122.0020619,
        38.0056148
       ],
       [
        -122.0023956,
        38.0057559
       ],
       [
        -122.0024354,
        38.0059008
       ],
       [
        -122.0026944,
        38.0059848
       ],
       [
        -122.0058594,
        38.0079509
       ],
       [
        -122.0060859,
        38.0082389
       ],
       [
        -122.0066739,
        38.0082313
       ],
       [
        -122.0066775,
        38.0084058
       ],
       [
        -122.0067528,
        38.008492
       ],
       [
        -122.0080546,
        38.0092315
       ],
       [
        -122.0082841,
        38.0096648
       ],
       [
        -122.0086884,
        38.0096596
       ],
       [
        -122.0089065,
        38.0095404
       ],
       [
        -122.0090529,
        38.0095095
       ],
       [
        -122.0096036,
        38.0094733
       ],
       [
        -122.0096777,
        38.0095014
       ],
       [
        -122.0098716,
        38.0099933
       ],
       [
        -122.0100927,
        38.0100196
       ],
       [
        -122.0104265,
        38.0101607
       ],
       [
        -122.0105,
        38.0101597
       ],
       [
        -122.0106867,
        38.0103028
       ],
       [
        -122.010797,
        38.0103013
       ],
       [
        -122.0109832,
        38.0104153
       ],
       [
        -122.0111308,
        38.0104424
       ],
       [
        -122.0113175,
        38.0105855
       ],
       [
        -122.0112814,
        38.010615
       ],
       [
        -122.0113199,
        38.0107018
       ],
       [
        -122.0115434,
        38.0108443
       ],
       [
        -122.011582,
        38.0109311
       ],
       [
        -122.0110319,
        38.0109963
       ],
       [
        -122.010703,
        38.0110878
       ],
       [
        -122.0104824,
        38.0110907
       ],
       [
        -122.0102957,
        38.0109477
       ],
       [
        -122.0100734,
        38.0108633
       ],
       [
        -122.0100354,
        38.0108056
       ],
       [
        -122.0099264,
        38.0108652
       ],
       [
        -122.0097794,
        38.0108671
       ],
       [
        -122.0090757,
        38.0106144
       ],
       [
        -122.0082262,
        38.0104218
       ],
       [
        -122.0077798,
        38.0101658
       ],
       [
        -122.0076298,
        38.0100223
       ],
       [
        -122.0075147,
        38.0097911
       ],
       [
        -122.0071111,
        38.0098254
       ],
       [
        -122.0070749,
        38.0098549
       ],
       [
        -122.0065236,
        38.009862
       ],
       [
        -122.0064791,
        38.0094845
       ],
       [
        -122.0063297,
        38.0093701
       ],
       [
        -122.0052893,
        38.0088308
       ],
       [
        -122.0048797,
        38.0085743
       ],
       [
        -122.0048044,
        38.0084881
       ],
       [
        -122.0048008,
        38.0083136
       ],
       [
        -122.0047634,
        38.008285
       ],
       [
        -122.004176,
        38.0083216
       ],
       [
        -122.0041724,
        38.0081472
       ],
       [
        -122.0040598,
        38.0080323
       ],
       [
        -122.0036134,
        38.0077762
       ],
       [
        -122.0024207,
        38.0069772
       ],
       [
        -122.0021243,
        38.0068646
       ],
       [
        -122.0020846,
        38.0067197
       ],
       [
        -122.0017508,
        38.0065786
       ],
       [
        -122.0011924,
        38.0062367
       ],
       [
        -122.000819,
        38.0059507
       ],
       [
        -122.0006684,
        38.0057781
       ],
       [
        -122.000557,
        38.0057214
       ],
       [
        -122.0003631,
        38.0052294
       ],
       [
        -122.0003891,
        38.0047055
       ],
       [
        -122.0004928,
        38.0043843
       ],
       [
        -122.0004483,
        38.0040067
       ],
       [
        -122.0001845,
        38.0036902
       ],
       [
        -121.9997411,
        38.0035795
       ],
       [
        -121.9998786,
        38.0031124
       ],
       [
        -122.0000214,
        38.0029069
       ],
       [
        -122.0000528,
        38.0026448
       ],
       [
        -122.0000067,
        38.0026318
       ],
       [
        -122.0001001,
        38.0023466
       ],
       [
        -122.0000615,
        38.0023109
       ],
       [
        -122.0000642,
        38.0022841
       ],
       [
        -122.0001194,
        38.0022874
       ],
       [
        -122.0001882,
        38.0020773
       ],
       [
        -122.0001944,
        38.0023812
       ]
      ]
     ],
     [
      [
       [
        -121.9983023,
        37.9997296
       ],
       [
        -121.9985239,
        37.9997849
       ],
       [
        -121.9988606,
        38.0000715
       ],
       [
        -121.998975,
        38.0002736
       ],
       [
        -121.9993075,
        38.0003566
       ],
       [
        -121.9993105,
        38.000502
       ],
       [
        -121.9994617,
        38.0007036
       ],
       [
        -121.9994267,
        38.0007913
       ],
       [
        -121.9996122,
        38.0008762
       ],
       [
        -121.9995773,
        38.0009639
       ],
       [
        -121.9996531,
        38.0010793
       ],
       [
        -121.9999531,
        38.0013663
       ],
       [
        -122.0001835,
        38.0014456
       ],
       [
        -121.9999383,
        38.0021943
       ],
       [
        -121.9999626,
        38.0022355
       ],
       [
        -121.9999233,
        38.0022399
       ],
       [
        -121.9998129,
        38.0025771
       ],
       [
        -121.999757,
        38.0025613
       ],
       [
        -121.9995336,
        38.0024187
       ],
       [
        -121.9994565,
        38.0022452
       ],
       [
        -121.9992704,
        38.0021313
       ],
       [
        -121.9991536,
        38.0018128
       ],
       [
        -121.9990789,
        38.0017556
       ],
       [
        -121.9988951,
        38.001758
       ],
       [
        -121.9987084,
        38.0016149
       ],
       [
        -121.998594,
        38.0014128
       ],
       [
        -121.998626,
        38.0011797
       ],
       [
        -121.9985513,
        38.0011225
       ],
       [
        -121.9985116,
        38.0009776
       ],
       [
        -121.9979509,
        38.0005194
       ],
       [
        -121.9976166,
        38.0003492
       ],
       [
        -121.9972847,
        38.0002953
       ],
       [
        -121.9964768,
        38.0003347
       ],
       [
        -121.9962919,
        38.0002789
       ],
       [
        -121.9960311,
        38.0001077
       ],
       [
        -121.9959179,
        37.9999637
       ],
       [
        -121.9959046,
        37.9999243
       ],
       [
        -121.9964671,
        38.00018
       ],
       [
        -121.9965413,
        38.0000457
       ],
       [
        -121.9975353,
        37.9997066
       ],
       [
        -121.9975307,
        37.9996786
       ],
       [
        -121.9980464,
        37.9996247
       ],
       [
        -121.9983023,
        37.9997296
       ]
      ]
     ],
     [
      [
       [
        -121.9721582,
        37.9827561
       ],
       [
        -121.9723075,
        37.9828706
       ],
       [
        -121.9729,
        37.9830958
       ],
       [
        -121.9731239,
        37.9832675
       ],
       [
        -121.973391,
        37.9837586
       ],
       [
        -121.9737275,
        37.9840452
       ],
       [
        -121.9740244,
        37.9841869
       ],
       [
        -121.9743632,
        37.9845898
       ],
       [
        -121.9745539,
        37.9849364
       ],
       [
        -121.9747785,
        37.9851372
       ],
       [
        -121.9750386,
        37.9852793
       ],
       [
        -121.9750771,
        37.9853661
       ],
       [
        -121.975189,
        37.9854519
       ],
       [
        -121.975336,
        37.9854501
       ],
       [
        -121.9754812,
        37.985361
       ],
       [
        -121.9758148,
        37.9855022
       ],
       [
        -121.9760423,
        37.9858483
       ],
       [
        -121.9760475,
        37.98611
       ],
       [
        -121.9762347,
        37.9862822
       ],
       [
        -121.9763829,
        37.9863385
       ],
       [
        -121.9768978,
        37.986361
       ],
       [
        -121.9770827,
        37.9864169
       ],
       [
        -121.9773452,
        37.9866753
       ],
       [
        -121.977456,
        37.986703
       ],
       [
        -121.9776455,
        37.9869915
       ],
       [
        -121.9778695,
        37.9871631
       ],
       [
        -121.9782398,
        37.9873039
       ],
       [
        -121.9786078,
        37.9873283
       ],
       [
        -121.9786452,
        37.9873569
       ],
       [
        -121.9790493,
        37.9873518
       ],
       [
        -121.9796792,
        37.9876056
       ],
       [
        -121.9801947,
        37.9876572
       ],
       [
        -121.9806018,
        37.9877975
       ],
       [
        -121.9818675,
        37.9885959
       ],
       [
        -121.9824245,
        37.9888796
       ],
       [
        -121.982943,
        37.9890767
       ],
       [
        -121.9833151,
        37.9893046
       ],
       [
        -121.9841032,
        37.990109
       ],
       [
        -121.9843319,
        37.9905133
       ],
       [
        -121.9843804,
        37.9910944
       ],
       [
        -121.9842796,
        37.991561
       ],
       [
        -121.9845101,
        37.9920526
       ],
       [
        -121.9847726,
        37.992311
       ],
       [
        -121.985444,
        37.9927969
       ],
       [
        -121.9859352,
        37.9934596
       ],
       [
        -121.985937,
        37.9935469
       ],
       [
        -121.9862748,
        37.9938916
       ],
       [
        -121.9865705,
        37.9939751
       ],
       [
        -121.9869379,
        37.9939704
       ],
       [
        -121.9874547,
        37.9940802
       ],
       [
        -121.9876017,
        37.9940783
       ],
       [
        -121.9882316,
        37.994332
       ],
       [
        -121.9888195,
        37.9943246
       ],
       [
        -121.9896611,
        37.9941393
       ],
       [
        -121.9905803,
        37.9941567
       ],
       [
        -121.9909495,
        37.9942392
       ],
       [
        -121.9915421,
        37.9944643
       ],
       [
        -121.9918023,
        37.9946065
       ],
       [
        -121.9921016,
        37.9948644
       ],
       [
        -121.9921413,
        37.9950093
       ],
       [
        -121.9922918,
        37.9951819
       ],
       [
        -121.993115,
        37.9958985
       ],
       [
        -121.9938239,
        37.996413
       ],
       [
        -121.9946785,
        37.9968674
       ],
       [
        -121.9950181,
        37.9972994
       ],
       [
        -121.9954425,
        37.9982829
       ],
       [
        -121.9957803,
        37.9986276
       ],
       [
        -121.9963381,
        37.9989404
       ],
       [
        -121.9968146,
        37.9993055
       ],
       [
        -121.9961801,
        37.9993452
       ],
       [
        -121.9958856,
        37.999868
       ],
       [
        -121.9958005,
        37.9996162
       ],
       [
        -121.9952061,
        37.9993039
       ],
       [
        -121.9947201,
        37.9989029
       ],
       [
        -121.9943407,
        37.998326
       ],
       [
        -121.9941066,
        37.9976601
       ],
       [
        -121.9939181,
        37.9974298
       ],
       [
        -121.9931376,
        37.9970035
       ],
       [
        -121.9922421,
        37.996346
       ],
       [
        -121.9917164,
        37.9958
       ],
       [
        -121.991452,
        37.9954544
       ],
       [
        -121.9910787,
        37.9951683
       ],
       [
        -121.990745,
        37.9950271
       ],
       [
        -121.9903017,
        37.9949165
       ],
       [
        -121.9897506,
        37.9949235
       ],
       [
        -121.9888361,
        37.9951387
       ],
       [
        -121.9887854,
        37.9951394
       ],
       [
        -121.9888286,
        37.9950222
       ],
       [
        -121.9884963,
        37.9950632
       ],
       [
        -121.9880873,
        37.9950394
       ],
       [
        -121.9878725,
        37.9950608
       ],
       [
        -121.9877314,
        37.9950365
       ],
       [
        -121.9873604,
        37.9948667
       ],
       [
        -121.9872502,
        37.9948681
       ],
       [
        -121.9871388,
        37.9948113
       ],
       [
        -121.9868442,
        37.994786
       ],
       [
        -121.9868069,
        37.9948319
       ],
       [
        -121.9866612,
        37.9947832
       ],
       [
        -121.9864346,
        37.9947709
       ],
       [
        -121.9861707,
        37.9947191
       ],
       [
        -121.9859967,
        37.9946624
       ],
       [
        -121.9857046,
        37.994531
       ],
       [
        -121.9851797,
        37.9942185
       ],
       [
        -121.9849573,
        37.9938903
       ],
       [
        -121.9848003,
        37.993591
       ],
       [
        -121.9848198,
        37.9935552
       ],
       [
        -121.9847368,
        37.99347
       ],
       [
        -121.984447,
        37.993188
       ],
       [
        -121.9837054,
        37.992721
       ],
       [
        -121.9835392,
        37.9925973
       ],
       [
        -121.9833957,
        37.9924123
       ],
       [
        -121.9832389,
        37.9920411
       ],
       [
        -121.9831662,
        37.9917864
       ],
       [
        -121.9831393,
        37.9914094
       ],
       [
        -121.9830281,
        37.9911517
       ],
       [
        -121.9831915,
        37.9906655
       ],
       [
        -121.9826434,
        37.990238
       ],
       [
        -121.982224,
        37.9897441
       ],
       [
        -121.9818225,
        37.9896501
       ],
       [
        -121.9813981,
        37.9898345
       ],
       [
        -121.9811505,
        37.9898319
       ],
       [
        -121.9810154,
        37.9898052
       ],
       [
        -121.9808761,
        37.9897556
       ],
       [
        -121.9808531,
        37.989772
       ],
       [
        -121.9806044,
        37.9895676
       ],
       [
        -121.9806157,
        37.9895583
       ],
       [
        -121.9805498,
        37.9894855
       ],
       [
        -121.9804888,
        37.9893606
       ],
       [
        -121.9804607,
        37.9891839
       ],
       [
        -121.9805103,
        37.9888321
       ],
       [
        -121.9801373,
        37.9887263
       ],
       [
        -121.9800761,
        37.988792
       ],
       [
        -121.9798475,
        37.9889131
       ],
       [
        -121.9796969,
        37.9888501
       ],
       [
        -121.9792675,
        37.9885697
       ],
       [
        -121.9791924,
        37.9884373
       ],
       [
        -121.9786043,
        37.9881666
       ],
       [
        -121.9780284,
        37.9881166
       ],
       [
        -121.9774638,
        37.9879714
       ],
       [
        -121.9770389,
        37.9876834
       ],
       [
        -121.9765954,
        37.9872279
       ],
       [
        -121.9765159,
        37.9870611
       ],
       [
        -121.9761888,
        37.9870729
       ],
       [
        -121.9759944,
        37.9871505
       ],
       [
        -121.9757819,
        37.9871696
       ],
       [
        -121.9756382,
        37.9871411
       ],
       [
        -121.9751122,
        37.9869664
       ],
       [
        -121.9749687,
        37.9868703
       ],
       [
        -121.9748472,
        37.9867013
       ],
       [
        -121.9749907,
        37.9861734
       ],
       [
        -121.974969,
        37.9860518
       ],
       [
        -121.9749244,
        37.9859951
       ],
       [
        -121.9748097,
        37.9860896
       ],
       [
        -121.9744988,
        37.9861912
       ],
       [
        -121.9742793,
        37.9861954
       ],
       [
        -121.9739588,
        37.9861065
       ],
       [
        -121.9737515,
        37.9858614
       ],
       [
        -121.973716,
        37.9857704
       ],
       [
        -121.9736623,
        37.9854966
       ],
       [
        -121.9733568,
        37.9849174
       ],
       [
        -121.9729892,
        37.9845981
       ],
       [
        -121.9727227,
        37.984434
       ],
       [
        -121.9725117,
        37.9842571
       ],
       [
        -121.9723574,
        37.9840526
       ],
       [
        -121.9722012,
        37.9837276
       ],
       [
        -121.9719909,
        37.9836894
       ],
       [
        -121.9718982,
        37.983657
       ],
       [
        -121.9716052,
        37.9834769
       ],
       [
        -121.971999,
        37.9830213
       ],
       [
        -121.971887,
        37.9829618
       ],
       [
        -121.9721223,
        37.9826882
       ],
       [
        -121.9721582,
        37.9827561
       ]
      ]
     ],
     [
      [
       [
        -121.9709214,
        37.9724174
       ],
       [
        -121.9709587,
        37.972446
       ],
       [
        -121.9707471,
        37.9728849
       ],
       [
        -121.9706795,
        37.9731766
       ],
       [
        -121.9711011,
        37.9740439
       ],
       [
        -121.9710737,
        37.9745096
       ],
       [
        -121.9708253,
        37.974949
       ],
       [
        -121.9708656,
        37.975123
       ],
       [
        -121.9710172,
        37.9753538
       ],
       [
        -121.9710568,
        37.9754987
       ],
       [
        -121.9708429,
        37.9758213
       ],
       [
        -121.9711385,
        37.9759049
       ],
       [
        -121.9715467,
        37.9761033
       ],
       [
        -121.9719152,
        37.9761568
       ],
       [
        -121.972212,
        37.9762985
       ],
       [
        -121.9721059,
        37.9765035
       ],
       [
        -121.9719974,
        37.9765921
       ],
       [
        -121.9720388,
        37.9768242
       ],
       [
        -121.9721152,
        37.9769687
       ],
       [
        -121.9724499,
        37.9771681
       ],
       [
        -121.9726371,
        37.9773402
       ],
       [
        -121.9731276,
        37.9779739
       ],
       [
        -121.9733579,
        37.9784655
       ],
       [
        -121.9734419,
        37.9789879
       ],
       [
        -121.9735189,
        37.9791615
       ],
       [
        -121.973523,
        37.979365
       ],
       [
        -121.9735604,
        37.9793936
       ],
       [
        -121.9735371,
        37.9800629
       ],
       [
        -121.9734677,
        37.9802674
       ],
       [
        -121.973147,
        37.9807659
       ],
       [
        -121.9724281,
        37.9815602
       ],
       [
        -121.9720712,
        37.9820883
       ],
       [
        -121.9720054,
        37.9824672
       ],
       [
        -121.9720573,
        37.9825654
       ],
       [
        -121.9716744,
        37.9829142
       ],
       [
        -121.9713954,
        37.9832365
       ],
       [
        -121.9713372,
        37.9833787
       ],
       [
        -121.9709777,
        37.9833
       ],
       [
        -121.9708462,
        37.9832341
       ],
       [
        -121.9707433,
        37.9831571
       ],
       [
        -121.9706514,
        37.9830498
       ],
       [
        -121.9705785,
        37.9828922
       ],
       [
        -121.970564,
        37.9827786
       ],
       [
        -121.9705945,
        37.9826118
       ],
       [
        -121.9710013,
        37.9817838
       ],
       [
        -121.9711437,
        37.9816791
       ],
       [
        -121.9713376,
        37.9812689
       ],
       [
        -121.9714952,
        37.981072
       ],
       [
        -121.9715526,
        37.9810772
       ],
       [
        -121.9716534,
        37.9808645
       ],
       [
        -121.9716867,
        37.9808744
       ],
       [
        -121.9721483,
        37.9804244
       ],
       [
        -121.9724751,
        37.9798938
       ],
       [
        -121.9724446,
        37.9798179
       ],
       [
        -121.9717053,
        37.9794499
       ],
       [
        -121.9707023,
        37.9791349
       ],
       [
        -121.9708009,
        37.9785391
       ],
       [
        -121.9708186,
        37.9779824
       ],
       [
        -121.9710934,
        37.9779979
       ],
       [
        -121.9711383,
        37.9778374
       ],
       [
        -121.9711136,
        37.9775747
       ],
       [
        -121.9709064,
        37.9773257
       ],
       [
        -121.9708691,
        37.9771471
       ],
       [
        -121.9709049,
        37.9770094
       ],
       [
        -121.9705892,
        37.9766361
       ],
       [
        -121.9702903,
        37.9763623
       ],
       [
        -121.9702455,
        37.976229
       ],
       [
        -121.9701582,
        37.9761866
       ],
       [
        -121.9700872,
        37.9760974
       ],
       [
        -121.9696452,
        37.9759086
       ],
       [
        -121.9687023,
        37.9773803
       ],
       [
        -121.9680217,
        37.9777739
       ],
       [
        -121.9676297,
        37.977387
       ],
       [
        -121.96563,
        37.9764757
       ],
       [
        -121.9652788,
        37.9764211
       ],
       [
        -121.9635197,
        37.9763328
       ],
       [
        -121.9622731,
        37.9763638
       ],
       [
        -121.9610492,
        37.9763181
       ],
       [
        -121.9615407,
        37.9760947
       ],
       [
        -121.9671137,
        37.9740502
       ],
       [
        -121.9675385,
        37.9738657
       ],
       [
        -121.9681502,
        37.9734702
       ],
       [
        -121.9683338,
        37.9734679
       ],
       [
        -121.9685163,
        37.9734074
       ],
       [
        -121.9690591,
        37.9729934
       ],
       [
        -121.9695273,
        37.9725222
       ],
       [
        -121.9696702,
        37.9723168
       ],
       [
        -121.969669,
        37.9722586
       ],
       [
        -121.9698486,
        37.9720528
       ],
       [
        -121.9699938,
        37.9719637
       ],
       [
        -121.9701401,
        37.9719327
       ],
       [
        -121.9703461,
        37.9717403
       ],
       [
        -121.9708915,
        37.9721466
       ],
       [
        -121.9709214,
        37.9724174
       ]
      ]
     ],
     [
      [
       [
        -121.9964954,
        38.0120268
       ],
       [
        -121.9963507,
        38.012145
       ],
       [
        -121.995691,
        38.0122407
       ],
       [
        -121.9952547,
        38.0124789
       ],
       [
        -121.9949618,
        38.0125408
       ],
       [
        -121.994637,
        38.0128359
       ],
       [
        -121.9940869,
        38.0129011
       ],
       [
        -121.9939381,
        38.0128157
       ],
       [
        -121.9936444,
        38.012768
       ],
       [
        -121.9938558,
        38.0125017
       ],
       [
        -121.9938185,
        38.0125567
       ],
       [
        -121.9959578,
        38.011511
       ],
       [
        -121.9958828,
        38.0113912
       ],
       [
        -121.9943856,
        38.011846
       ],
       [
        -121.9943335,
        38.0118997
       ],
       [
        -121.9945836,
        38.0116417
       ],
       [
        -121.9948072,
        38.0114727
       ],
       [
        -121.994959,
        38.0113801
       ],
       [
        -121.9952601,
        38.0112369
       ],
       [
        -121.9954883,
        38.0111581
       ],
       [
        -121.995749,
        38.0110929
       ],
       [
        -121.9960782,
        38.0110471
       ],
       [
        -121.9962832,
        38.0110373
       ],
       [
        -121.996635,
        38.0110537
       ],
       [
        -121.9969322,
        38.0110976
       ],
       [
        -121.996772,
        38.0117361
       ],
       [
        -121.9966691,
        38.0118936
       ],
       [
        -121.9966415,
        38.0119783
       ],
       [
        -121.9964954,
        38.0120268
       ]
      ]
     ],
     [
      [
       [
        -121.997642,
        38.0069803
       ],
       [
        -121.9978998,
        38.0070061
       ],
       [
        -121.9983112,
        38.0071623
       ],
       [
        -121.9979755,
        38.0081874
       ],
       [
        -121.9969818,
        38.0074152
       ],
       [
        -121.9951081,
        38.0064787
       ],
       [
        -121.9949532,
        38.0063282
       ],
       [
        -121.997642,
        38.0069803
       ]
      ]
     ],
     [
      [
       [
        -121.9943919,
        38.0044333
       ],
       [
        -121.9952816,
        38.0048001
       ],
       [
        -121.9951809,
        38.0052667
       ],
       [
        -121.9952929,
        38.0053525
       ],
       [
        -121.9948596,
        38.0057362
       ],
       [
        -121.9949379,
        38.0059679
       ],
       [
        -121.9948463,
        38.0062243
       ],
       [
        -121.9945084,
        38.0058958
       ],
       [
        -121.9940513,
        38.0041942
       ],
       [
        -121.9943919,
        38.0044333
       ]
      ]
     ]
    ]
   }
  },
  {
   "type": "Feature",
   "properties": {
    "kind": "zone",
    "category": "open-space",
    "label": "Greenways, citywide parks and tournament facilities",
    "source": "traced: Concord Reuse Project Area Plan, Book One: Vision and Standards (City of Concord, adopted Jan 24, 2012), Figure 3-3, Area Plan Diagram, p. 41 (PDF p. 49)",
    "note": "Greenways, citywide parks and the tournament sports facility (Table 3-2, p. 40; Section 3.4). Neighborhood parks, pocket parks and plazas sit inside the development districts and are not drawn (p. 63). About 582 acres on the EDC property as drawn (694 acres across the plan area as traced; Table 3-2 gives ~786 planning-area-wide). Approximate boundary: traced from a small-scale plan diagram.",
    "stage": "entitlement",
    "accuracy": "approximate",
    "acres": 582.1
   },
   "geometry": {
    "type": "MultiPolygon",
    "coordinates": [
     [
      [
       [
        -122.0145142,
        38.0140634
       ],
       [
        -122.0148818,
        38.0140587
       ],
       [
        -122.015215,
        38.0141707
       ],
       [
        -122.0159964,
        38.0146259
       ],
       [
        -122.0169213,
        38.0149048
       ],
       [
        -122.017034,
        38.0150197
       ],
       [
        -122.017181,
        38.0150178
       ],
       [
        -122.0174419,
        38.0151889
       ],
       [
        -122.0177751,
        38.0153009
       ],
       [
        -122.0181468,
        38.0154997
       ],
       [
        -122.0184415,
        38.015525
       ],
       [
        -122.018812,
        38.0156656
       ],
       [
        -122.019045,
        38.015779
       ],
       [
        -122.0174865,
        38.0161291
       ],
       [
        -122.0159116,
        38.0154598
       ],
       [
        -122.0158883,
        38.0154982
       ],
       [
        -122.0157424,
        38.0154353
       ],
       [
        -122.0155135,
        38.0157699
       ],
       [
        -122.0152377,
        38.0156438
       ],
       [
        -122.0145142,
        38.0140634
       ]
      ]
     ],
     [
      [
       [
        -122.019535,
        38.0150745
       ],
       [
        -122.0193127,
        38.0149901
       ],
       [
        -122.0187891,
        38.0145606
       ],
       [
        -122.0186782,
        38.014533
       ],
       [
        -122.0181637,
        38.0145397
       ],
       [
        -122.0179775,
        38.0144257
       ],
       [
        -122.0178317,
        38.0144858
       ],
       [
        -122.0175322,
        38.0142279
       ],
       [
        -122.0173093,
        38.0141145
       ],
       [
        -122.0163115,
        38.0138656
       ],
       [
        -122.0158259,
        38.0134938
       ],
       [
        -122.015418,
        38.0133246
       ],
       [
        -122.0151228,
        38.0132702
       ],
       [
        -122.0142046,
        38.0133112
       ],
       [
        -122.0140913,
        38.0131673
       ],
       [
        -122.0139365,
        38.0127912
       ],
       [
        -122.0138618,
        38.012734
       ],
       [
        -122.013822,
        38.012589
       ],
       [
        -122.0136364,
        38.0125042
       ],
       [
        -122.0136696,
        38.0123292
       ],
       [
        -122.0135925,
        38.0121557
       ],
       [
        -122.0158663,
        38.0118936
       ],
       [
        -122.0162688,
        38.0118011
       ],
       [
        -122.0165218,
        38.0115942
       ],
       [
        -122.0166279,
        38.0113893
       ],
       [
        -122.0165833,
        38.0110117
       ],
       [
        -122.0166194,
        38.0109822
       ],
       [
        -122.016614,
        38.0107205
       ],
       [
        -122.0165375,
        38.010576
       ],
       [
        -122.0171231,
        38.0104521
       ],
       [
        -122.0174165,
        38.0104192
       ],
       [
        -122.0175322,
        38.0106795
       ],
       [
        -122.0178304,
        38.0108792
       ],
       [
        -122.017834,
        38.0110537
       ],
       [
        -122.0179485,
        38.0112558
       ],
       [
        -122.01821,
        38.011456
       ],
       [
        -122.0186161,
        38.011538
       ],
       [
        -122.0193499,
        38.0114703
       ],
       [
        -122.0193861,
        38.0114407
       ],
       [
        -122.0196801,
        38.0114369
       ],
       [
        -122.0197163,
        38.0114073
       ],
       [
        -122.020047,
        38.011403
       ],
       [
        -122.0200832,
        38.0113735
       ],
       [
        -122.0204507,
        38.0113687
       ],
       [
        -122.0207803,
        38.0113062
       ],
       [
        -122.0211062,
        38.0110693
       ],
       [
        -122.0212122,
        38.0108643
       ],
       [
        -122.0212074,
        38.0106317
       ],
       [
        -122.0218689,
        38.0106231
       ],
       [
        -122.0219063,
        38.0106517
       ],
       [
        -122.0224208,
        38.010645
       ],
       [
        -122.0224949,
        38.0106731
       ],
       [
        -122.0227275,
        38.0112518
       ],
       [
        -122.0226974,
        38.0115721
       ],
       [
        -122.0228119,
        38.0117743
       ],
       [
        -122.0231855,
        38.0120602
       ],
       [
        -122.0232301,
        38.0124378
       ],
       [
        -122.023306,
        38.0125531
       ],
       [
        -122.0234127,
        38.0126348
       ],
       [
        -122.0234775,
        38.0128035
       ],
       [
        -122.0224981,
        38.0138874
       ],
       [
        -122.0200338,
        38.015354
       ],
       [
        -122.019535,
        38.0150745
       ]
      ]
     ],
     [
      [
       [
        -121.9997044,
        38.00358
       ],
       [
        -122.0001851,
        38.0037192
       ],
       [
        -122.0004115,
        38.0040072
       ],
       [
        -122.000456,
        38.0043847
       ],
       [
        -122.0003523,
        38.004706
       ],
       [
        -122.0003263,
        38.0052299
       ],
       [
        -122.0005202,
        38.0057218
       ],
       [
        -122.000162,
        38.0057362
       ],
       [
        -122.0001334,
        38.0050729
       ],
       [
        -122.0000586,
        38.0046315
       ],
       [
        -122.0001491,
        38.0044945
       ],
       [
        -122.0001071,
        38.0044751
       ],
       [
        -121.999808,
        38.0048417
       ],
       [
        -121.9997665,
        38.00493
       ],
       [
        -121.9996814,
        38.0053967
       ],
       [
        -121.9996878,
        38.00547
       ],
       [
        -121.9998402,
        38.0057491
       ],
       [
        -121.9994551,
        38.0057646
       ],
       [
        -121.9990484,
        38.0056535
       ],
       [
        -121.9989785,
        38.0058289
       ],
       [
        -121.99896,
        38.0058291
       ],
       [
        -121.9997758,
        38.0033373
       ],
       [
        -121.9997044,
        38.00358
       ]
      ]
     ],
     [
      [
       [
        -121.9962925,
        38.000308
       ],
       [
        -121.9964774,
        38.0003638
       ],
       [
        -121.9972853,
        38.0003243
       ],
       [
        -121.9976172,
        38.0003783
       ],
       [
        -121.9979515,
        38.0005485
       ],
       [
        -121.9984749,
        38.0009781
       ],
       [
        -121.9985146,
        38.001123
       ],
       [
        -121.9985893,
        38.0011802
       ],
       [
        -121.9985573,
        38.0014133
       ],
       [
        -121.9986717,
        38.0016154
       ],
       [
        -121.9988957,
        38.001787
       ],
       [
        -121.9990795,
        38.0017847
       ],
       [
        -121.9991168,
        38.0018133
       ],
       [
        -121.9992336,
        38.0021317
       ],
       [
        -121.9994197,
        38.0022457
       ],
       [
        -121.9994968,
        38.0024192
       ],
       [
        -121.9996462,
        38.0025336
       ],
       [
        -121.9998035,
        38.0026056
       ],
       [
        -121.9987651,
        38.0057767
       ],
       [
        -121.9985346,
        38.0056891
       ],
       [
        -121.9981291,
        38.0056362
       ],
       [
        -121.9979791,
        38.0054926
       ],
       [
        -121.9977954,
        38.005495
       ],
       [
        -121.9975044,
        38.0056442
       ],
       [
        -121.9974309,
        38.0056451
       ],
       [
        -121.9973194,
        38.0055884
       ],
       [
        -121.9972803,
        38.0054725
       ],
       [
        -121.9972056,
        38.0054153
       ],
       [
        -121.9960593,
        38.005081
       ],
       [
        -121.9957623,
        38.0049393
       ],
       [
        -121.9956532,
        38.0049989
       ],
       [
        -121.9955033,
        38.0048554
       ],
       [
        -121.9943913,
        38.0044042
       ],
       [
        -121.9940418,
        38.0041588
       ],
       [
        -121.9938044,
        38.003275
       ],
       [
        -121.9941536,
        38.0026873
       ],
       [
        -121.9954054,
        38.0019624
       ],
       [
        -121.9962025,
        38.0002476
       ],
       [
        -121.9962925,
        38.000308
       ]
      ]
     ],
     [
      [
       [
        -121.9888367,
        37.9951678
       ],
       [
        -121.9897512,
        37.9949526
       ],
       [
        -121.9903023,
        37.9949455
       ],
       [
        -121.9907456,
        37.9950562
       ],
       [
        -121.9910793,
        37.9951974
       ],
       [
        -121.9914153,
        37.9954549
       ],
       [
        -121.9916796,
        37.9958005
       ],
       [
        -121.9922053,
        37.9963464
       ],
       [
        -121.9931382,
        37.9970326
       ],
       [
        -121.9937705,
        37.9974026
       ],
       [
        -121.9938814,
        37.9974303
       ],
       [
        -121.9940698,
        37.9976605
       ],
       [
        -121.994304,
        37.9983265
       ],
       [
        -121.9946833,
        37.9989034
       ],
       [
        -121.9952067,
        37.999333
       ],
       [
        -121.9957638,
        37.9996167
       ],
       [
        -121.9958812,
        37.9999642
       ],
       [
        -121.9959944,
        38.0001082
       ],
       [
        -121.9960674,
        38.0001571
       ],
       [
        -121.9957313,
        38.0000027
       ],
       [
        -121.994948,
        38.002095
       ],
       [
        -121.9947476,
        38.0022149
       ],
       [
        -121.9947277,
        38.0021934
       ],
       [
        -121.994845,
        38.0021183
       ],
       [
        -121.9950196,
        38.0018882
       ],
       [
        -121.9938426,
        38.0025579
       ],
       [
        -121.9934379,
        38.0032529
       ],
       [
        -121.9936233,
        38.0039294
       ],
       [
        -121.991567,
        38.0028988
       ],
       [
        -121.9908972,
        38.0025001
       ],
       [
        -121.9908202,
        38.0023266
       ],
       [
        -121.9904071,
        38.0018956
       ],
       [
        -121.9902903,
        38.0015771
       ],
       [
        -121.9898731,
        38.0009426
       ],
       [
        -121.9890364,
        38.0001072
       ],
       [
        -121.9889727,
        38.0000191
       ],
       [
        -121.9883636,
        37.9990131
       ],
       [
        -121.9879023,
        37.9980253
       ],
       [
        -121.9878635,
        37.9979191
       ],
       [
        -121.9878622,
        37.9978561
       ],
       [
        -121.9878195,
        37.9977598
       ],
       [
        -121.9887746,
        37.9951686
       ],
       [
        -121.9888367,
        37.9951678
       ]
      ]
     ],
     [
      [
       [
        -122.0211354,
        37.9965552
       ],
       [
        -122.021439,
        37.9970166
       ],
       [
        -122.021739,
        37.9973036
       ],
       [
        -122.0218529,
        37.9974766
       ],
       [
        -122.0218932,
        37.9976506
       ],
       [
        -122.0223861,
        37.9983713
       ],
       [
        -122.0226475,
        37.9985715
       ],
       [
        -122.0228704,
        37.9986849
       ],
       [
        -122.0231688,
        37.998732
       ],
       [
        -122.022528,
        37.9989629
       ],
       [
        -122.0222072,
        37.9986063
       ],
       [
        -122.020886,
        37.9969365
       ],
       [
        -122.0208119,
        37.9969084
       ],
       [
        -122.0207728,
        37.9967926
       ],
       [
        -122.0196806,
        37.995527
       ],
       [
        -122.0181783,
        37.9939759
       ],
       [
        -122.0179941,
        37.9938428
       ],
       [
        -122.0187165,
        37.9938722
       ],
       [
        -122.0187276,
        37.9938815
       ],
       [
        -122.0202368,
        37.9956301
       ],
       [
        -122.0201906,
        37.9956571
       ],
       [
        -122.0204869,
        37.9960077
       ],
       [
        -122.0205633,
        37.9959663
       ],
       [
        -122.0211354,
        37.9965552
       ]
      ]
     ],
     [
      [
       [
        -122.0171904,
        37.9924181
       ],
       [
        -122.0172337,
        37.9927375
       ],
       [
        -122.0173096,
        37.9928529
       ],
       [
        -122.0176831,
        37.9931389
       ],
       [
        -122.0178313,
        37.9931951
       ],
       [
        -122.0178811,
        37.9932375
       ],
       [
        -122.017888,
        37.993766
       ],
       [
        -122.0175066,
        37.9934902
       ],
       [
        -122.0170205,
        37.9930893
       ],
       [
        -122.0168699,
        37.9929167
       ],
       [
        -122.0168314,
        37.99283
       ],
       [
        -122.0168675,
        37.9928004
       ],
       [
        -122.0168964,
        37.9924219
       ],
       [
        -122.0170654,
        37.9918473
       ],
       [
        -122.0173289,
        37.9921304
       ],
       [
        -122.0171904,
        37.9924181
       ]
      ]
     ],
     [
      [
       [
        -122.0192334,
        37.9899193
       ],
       [
        -122.0188311,
        37.9900118
       ],
       [
        -122.0185781,
        37.9902187
       ],
       [
        -122.0184721,
        37.9904237
       ],
       [
        -122.0184769,
        37.9906563
       ],
       [
        -122.0184089,
        37.9909189
       ],
       [
        -122.0183366,
        37.990978
       ],
       [
        -122.0180439,
        37.99104
       ],
       [
        -122.0178258,
        37.9911592
       ],
       [
        -122.0175006,
        37.9914252
       ],
       [
        -122.0174301,
        37.9915415
       ],
       [
        -122.0171011,
        37.9917258
       ],
       [
        -122.0172054,
        37.9913708
       ],
       [
        -122.0174861,
        37.9907273
       ],
       [
        -122.0179511,
        37.9901105
       ],
       [
        -122.0181667,
        37.989875
       ],
       [
        -122.018348,
        37.9897563
       ],
       [
        -122.0185311,
        37.9897248
       ],
       [
        -122.0196701,
        37.98971
       ],
       [
        -122.0197074,
        37.9897386
       ],
       [
        -122.0198911,
        37.9897362
       ],
       [
        -122.0199995,
        37.9896476
       ],
       [
        -122.02007,
        37.9895012
       ],
       [
        -122.0200646,
        37.9892395
       ],
       [
        -122.0199869,
        37.9890369
       ],
       [
        -122.0192695,
        37.9881155
       ],
       [
        -122.0193044,
        37.9880278
       ],
       [
        -122.0191556,
        37.9879425
       ],
       [
        -122.0190081,
        37.9879153
       ],
       [
        -122.0189683,
        37.9877704
       ],
       [
        -122.0184419,
        37.9871955
       ],
       [
        -122.0182552,
        37.9870525
       ],
       [
        -122.0181823,
        37.9870826
       ],
       [
        -122.0177715,
        37.986768
       ],
       [
        -122.016473,
        37.986174
       ],
       [
        -122.0160622,
        37.9858594
       ],
       [
        -122.0156484,
        37.9853994
       ],
       [
        -122.0149299,
        37.9844198
       ],
       [
        -122.01478,
        37.9842763
       ],
       [
        -122.0145975,
        37.9843369
       ],
       [
        -122.0134363,
        37.98505
       ],
       [
        -122.0132869,
        37.9849356
       ],
       [
        -122.0132484,
        37.9848488
       ],
       [
        -122.0133206,
        37.9847897
       ],
       [
        -122.0143403,
        37.9843402
       ],
       [
        -122.0144468,
        37.9842452
       ],
       [
        -122.0152865,
        37.9838539
       ],
       [
        -122.0153961,
        37.9838611
       ],
       [
        -122.0157623,
        37.9837982
       ],
       [
        -122.0160261,
        37.9841147
       ],
       [
        -122.0159971,
        37.9844932
       ],
       [
        -122.0161875,
        37.9848107
       ],
       [
        -122.0164862,
        37.9850395
       ],
       [
        -122.0167813,
        37.9850938
       ],
       [
        -122.0173402,
        37.9854647
       ],
       [
        -122.0184539,
        37.9860029
       ],
       [
        -122.0184557,
        37.9860901
       ],
       [
        -122.0185701,
        37.9862922
       ],
       [
        -122.0189815,
        37.9866359
       ],
       [
        -122.0194621,
        37.9867751
       ],
       [
        -122.0195771,
        37.986913
       ],
       [
        -122.0197266,
        37.9871228
       ],
       [
        -122.0197296,
        37.987266
       ],
       [
        -122.019844,
        37.9874682
       ],
       [
        -122.0200941,
        37.9876383
       ],
       [
        -122.020377,
        37.9880353
       ],
       [
        -122.0204145,
        37.9883915
       ],
       [
        -122.0208301,
        37.9889387
       ],
       [
        -122.0210915,
        37.9891389
       ],
       [
        -122.0211699,
        37.9893739
       ],
       [
        -122.0211753,
        37.9896323
       ],
       [
        -122.0212518,
        37.9897767
       ],
       [
        -122.0212495,
        37.9898034
       ],
       [
        -122.0202928,
        37.9899425
       ],
       [
        -122.0198284,
        37.9899703
       ],
       [
        -122.0192334,
        37.9899193
       ]
      ]
     ],
     [
      [
       [
        -122.0230511,
        37.9914693
       ],
       [
        -122.0230855,
        37.9915165
       ],
       [
        -122.0233052,
        37.9924491
       ],
       [
        -122.0232963,
        37.9926586
       ],
       [
        -122.0234138,
        37.9930061
       ],
       [
        -122.0233925,
        37.9932585
       ],
       [
        -122.0232579,
        37.9933129
       ],
       [
        -122.0228247,
        37.9929556
       ],
       [
        -122.0227482,
        37.9928112
       ],
       [
        -122.0223741,
        37.9924961
       ],
       [
        -122.0221832,
        37.9921496
       ],
       [
        -122.0222114,
        37.991742
       ],
       [
        -122.0219777,
        37.9911052
       ],
       [
        -122.0219761,
        37.9910298
       ],
       [
        -122.0229373,
        37.9908875
       ],
       [
        -122.0230488,
        37.9913608
       ],
       [
        -122.0230511,
        37.9914693
       ]
      ]
     ],
     [
      [
       [
        -122.01296,
        37.9957887
       ],
       [
        -122.0128895,
        37.9959351
       ],
       [
        -122.0130009,
        37.9959918
       ],
       [
        -122.0131853,
        37.9960185
       ],
       [
        -122.0130792,
        37.9962235
       ],
       [
        -122.0134683,
        37.9972655
       ],
       [
        -122.0134725,
        37.9974691
       ],
       [
        -122.0133653,
        37.9976159
       ],
       [
        -122.0133316,
        37.9977617
       ],
       [
        -122.0139972,
        37.9979567
       ],
       [
        -122.014146,
        37.9980421
       ],
       [
        -122.01404,
        37.998247
       ],
       [
        -122.0139315,
        37.9983357
       ],
       [
        -122.0139339,
        37.998452
       ],
       [
        -122.0140104,
        37.9985964
       ],
       [
        -122.0140177,
        37.9989454
       ],
       [
        -122.0139833,
        37.9990622
       ],
       [
        -122.013911,
        37.9991213
       ],
       [
        -122.0139128,
        37.9992085
       ],
       [
        -122.0138405,
        37.9992676
       ],
       [
        -122.0138448,
        37.9994712
       ],
       [
        -122.0139941,
        37.9995856
       ],
       [
        -122.0139972,
        37.9997309
       ],
       [
        -122.0141869,
        38.0000193
       ],
       [
        -122.014411,
        38.000191
       ],
       [
        -122.0146321,
        38.0002172
       ],
       [
        -122.0147821,
        38.0003607
       ],
       [
        -122.0154483,
        38.0005847
       ],
       [
        -122.0155947,
        38.0005537
       ],
       [
        -122.0160778,
        38.0008092
       ],
       [
        -122.0161863,
        38.0007206
       ],
       [
        -122.0162598,
        38.0007196
       ],
       [
        -122.0164827,
        38.0008331
       ],
       [
        -122.0166333,
        38.0010056
       ],
       [
        -122.0167815,
        38.0010619
       ],
       [
        -122.0169284,
        38.00106
       ],
       [
        -122.0170375,
        38.0010004
       ],
       [
        -122.0173333,
        38.0010838
       ],
       [
        -122.017408,
        38.001141
       ],
       [
        -122.0175543,
        38.00111
       ],
       [
        -122.0176664,
        38.0011958
       ],
       [
        -122.0179628,
        38.0013083
       ],
       [
        -122.0181869,
        38.0014799
       ],
       [
        -122.0183351,
        38.0015362
       ],
       [
        -122.0190453,
        38.0021086
       ],
       [
        -122.0203201,
        38.0033137
       ],
       [
        -122.0209895,
        38.0036831
       ],
       [
        -122.0216202,
        38.0039657
       ],
       [
        -122.0217311,
        38.0039934
       ],
       [
        -122.022466,
        38.0039838
       ],
       [
        -122.0229167,
        38.0044433
       ],
       [
        -122.0226992,
        38.0045916
       ],
       [
        -122.0220058,
        38.0048333
       ],
       [
        -122.0217854,
        38.0048361
       ],
       [
        -122.0212244,
        38.0043781
       ],
       [
        -122.0197015,
        38.0036126
       ],
       [
        -122.0193309,
        38.003472
       ],
       [
        -122.0186225,
        38.0029867
       ],
       [
        -122.0186586,
        38.0029572
       ],
       [
        -122.017617,
        38.0023599
       ],
       [
        -122.0173929,
        38.0021883
       ],
       [
        -122.0162435,
        38.0017087
       ],
       [
        -122.015764,
        38.0016277
       ],
       [
        -122.0155778,
        38.0015138
       ],
       [
        -122.0155043,
        38.0015147
       ],
       [
        -122.0153965,
        38.0016325
       ],
       [
        -122.015323,
        38.0016334
       ],
       [
        -122.0151369,
        38.0015195
       ],
       [
        -122.0139579,
        38.0013893
       ],
       [
        -122.0139206,
        38.0013607
       ],
       [
        -122.013332,
        38.0013393
       ],
       [
        -122.0132959,
        38.0013688
       ],
       [
        -122.0129284,
        38.0013736
       ],
       [
        -122.0126569,
        38.0014419
       ],
       [
        -122.0138143,
        37.9993839
       ],
       [
        -122.0131341,
        37.9977737
       ],
       [
        -122.0131473,
        37.997735
       ],
       [
        -122.0131143,
        37.9977268
       ],
       [
        -122.0120819,
        37.9952826
       ],
       [
        -122.0128297,
        37.9955777
       ],
       [
        -122.012921,
        37.9956846
       ],
       [
        -122.01296,
        37.9957887
       ]
      ]
     ],
     [
      [
       [
        -122.0114005,
        37.9861234
       ],
       [
        -122.0115824,
        37.9860338
       ],
       [
        -122.0116962,
        37.9862068
       ],
       [
        -122.0109367,
        37.9867984
       ],
       [
        -122.0108331,
        37.9871196
       ],
       [
        -122.0106914,
        37.9891575
       ],
       [
        -122.0106552,
        37.989187
       ],
       [
        -122.0106618,
        37.9895069
       ],
       [
        -122.0106257,
        37.9895364
       ],
       [
        -122.0106317,
        37.9898272
       ],
       [
        -122.0105956,
        37.9898568
       ],
       [
        -122.0106022,
        37.9901766
       ],
       [
        -122.010566,
        37.9902062
       ],
       [
        -122.0105726,
        37.990526
       ],
       [
        -122.0105365,
        37.9905556
       ],
       [
        -122.0105419,
        37.9908173
       ],
       [
        -122.0105057,
        37.9908468
       ],
       [
        -122.0104455,
        37.9914875
       ],
       [
        -122.0103762,
        37.991692
       ],
       [
        -122.0103834,
        37.9920409
       ],
       [
        -122.0105725,
        37.9923003
       ],
       [
        -122.0110953,
        37.9927007
       ],
       [
        -122.0121843,
        37.993821
       ],
       [
        -122.0122987,
        37.9940231
       ],
       [
        -122.012771,
        37.995284
       ],
       [
        -122.0119701,
        37.9943459
       ],
       [
        -122.011594,
        37.9941506
       ],
       [
        -122.0115655,
        37.9941697
       ],
       [
        -122.0107137,
        37.9933728
       ],
       [
        -122.0096453,
        37.9920892
       ],
       [
        -122.0097045,
        37.9914259
       ],
       [
        -122.0097704,
        37.9908838
       ],
       [
        -122.0098413,
        37.9904783
       ],
       [
        -122.0098588,
        37.9904694
       ],
       [
        -122.0102542,
        37.987047
       ],
       [
        -122.010281,
        37.986953
       ],
       [
        -122.0104136,
        37.9868265
       ],
       [
        -122.0114005,
        37.9861234
       ]
      ]
     ],
     [
      [
       [
        -122.0035639,
        37.9921114
       ],
       [
        -122.0040209,
        37.9918321
       ],
       [
        -122.004636,
        37.9913589
       ],
       [
        -122.0047095,
        37.9913579
       ],
       [
        -122.0048588,
        37.9914723
       ],
       [
        -122.0050118,
        37.9917612
       ],
       [
        -122.0053105,
        37.99199
       ],
       [
        -122.0054581,
        37.9920172
       ],
       [
        -122.0058694,
        37.992361
       ],
       [
        -122.0062754,
        37.992443
       ],
       [
        -122.0065687,
        37.9924101
       ],
       [
        -122.0068603,
        37.99229
       ],
       [
        -122.0071856,
        37.992024
       ],
       [
        -122.0075494,
        37.9918448
       ],
       [
        -122.0076964,
        37.9918429
       ],
       [
        -122.0078789,
        37.9917824
       ],
       [
        -122.0083132,
        37.9914569
       ],
       [
        -122.0088601,
        37.9912462
       ],
       [
        -122.0092962,
        37.9910079
       ],
       [
        -122.0095154,
        37.9908287
       ],
       [
        -122.0094061,
        37.9917502
       ],
       [
        -122.0092354,
        37.9916195
       ],
       [
        -122.0088685,
        37.9916533
       ],
       [
        -122.0061054,
        37.9931141
       ],
       [
        -122.0059591,
        37.9931451
       ],
       [
        -122.0046901,
        37.9922016
       ],
       [
        -122.0045798,
        37.9922031
       ],
       [
        -122.0038557,
        37.9927359
       ],
       [
        -122.0037455,
        37.9927373
       ],
       [
        -122.0036708,
        37.9926801
       ],
       [
        -122.0032036,
        37.9925729
       ],
       [
        -122.0033194,
        37.9923966
       ],
       [
        -122.0035639,
        37.9921114
       ]
      ]
     ],
     [
      [
       [
        -122.0025512,
        37.991851
       ],
       [
        -122.0028867,
        37.9920794
       ],
       [
        -122.0030818,
        37.9921049
       ],
       [
        -122.0031991,
        37.9921771
       ],
       [
        -122.0031026,
        37.9923149
       ],
       [
        -122.0028897,
        37.9922248
       ],
       [
        -122.0012148,
        37.9911993
       ],
       [
        -122.0009552,
        37.9910862
       ],
       [
        -122.0008082,
        37.9910881
       ],
       [
        -122.0000124,
        37.9917091
       ],
       [
        -121.9997239,
        37.9919746
       ],
       [
        -121.9996528,
        37.9920919
       ],
       [
        -121.9995787,
        37.9920637
       ],
       [
        -121.9993979,
        37.9922115
       ],
       [
        -121.9992184,
        37.9924174
       ],
       [
        -121.9984593,
        37.9930379
       ],
       [
        -121.9982815,
        37.9933311
       ],
       [
        -121.9982086,
        37.9933611
       ],
       [
        -121.9980972,
        37.9933043
       ],
       [
        -121.9976652,
        37.9937462
       ],
       [
        -121.9969061,
        37.9943667
       ],
       [
        -121.9967272,
        37.9946016
       ],
       [
        -121.9966163,
        37.994574
       ],
       [
        -121.9963325,
        37.9950721
       ],
       [
        -121.9962632,
        37.9952766
       ],
       [
        -121.9962697,
        37.9955964
       ],
       [
        -121.996307,
        37.995625
       ],
       [
        -121.9963539,
        37.9961189
       ],
       [
        -121.9965886,
        37.9968139
       ],
       [
        -121.9968915,
        37.9972463
       ],
       [
        -121.9972649,
        37.9975324
       ],
       [
        -121.9975992,
        37.9977026
       ],
       [
        -122.0003326,
        37.9983656
       ],
       [
        -122.0005916,
        37.9984495
       ],
       [
        -122.0007049,
        37.9985935
       ],
       [
        -122.0009253,
        37.9985907
       ],
       [
        -122.0010986,
        37.9986468
       ],
       [
        -122.0009392,
        37.9991353
       ],
       [
        -122.0007425,
        37.9991226
       ],
       [
        -121.9988324,
        37.9992655
       ],
       [
        -121.9977867,
        37.9992446
       ],
       [
        -121.9968492,
        37.9993033
       ],
       [
        -121.9963375,
        37.9989113
       ],
       [
        -121.9956677,
        37.9985127
       ],
       [
        -121.9954792,
        37.9982824
       ],
       [
        -121.9953263,
        37.9979935
       ],
       [
        -121.9950548,
        37.9972989
       ],
       [
        -121.9947152,
        37.996867
       ],
       [
        -121.9938233,
        37.9963839
       ],
       [
        -121.9931518,
        37.9958981
       ],
       [
        -121.9923286,
        37.9951814
       ],
       [
        -121.992178,
        37.9950089
       ],
       [
        -121.9921383,
        37.9948639
       ],
       [
        -121.9920631,
        37.9947776
       ],
       [
        -121.9916529,
        37.994492
       ],
       [
        -121.9909489,
        37.9942101
       ],
       [
        -121.9905797,
        37.9941276
       ],
       [
        -121.9896605,
        37.9941102
       ],
       [
        -121.9888189,
        37.9942955
       ],
       [
        -121.9882311,
        37.994303
       ],
       [
        -121.9876011,
        37.9940492
       ],
       [
        -121.9874541,
        37.9940511
       ],
       [
        -121.9869373,
        37.9939413
       ],
       [
        -121.9865699,
        37.993946
       ],
       [
        -121.9862742,
        37.9938625
       ],
       [
        -121.9859737,
        37.9935464
       ],
       [
        -121.985972,
        37.9934592
       ],
       [
        -121.9854807,
        37.9927964
       ],
       [
        -121.9848093,
        37.9923105
       ],
       [
        -121.9845468,
        37.9920521
       ],
       [
        -121.9843163,
        37.9915606
       ],
       [
        -121.9844171,
        37.9910939
       ],
       [
        -121.9843686,
        37.9905128
       ],
       [
        -121.9841399,
        37.9901085
       ],
       [
        -121.9833518,
        37.9893042
       ],
       [
        -121.9829424,
        37.9890476
       ],
       [
        -121.9824239,
        37.9888506
       ],
       [
        -121.9818669,
        37.9885668
       ],
       [
        -121.9806012,
        37.9877684
       ],
       [
        -121.9801941,
        37.9876282
       ],
       [
        -121.9796786,
        37.9875765
       ],
       [
        -121.9790487,
        37.9873227
       ],
       [
        -121.9786446,
        37.9873279
       ],
       [
        -121.9786072,
        37.9872992
       ],
       [
        -121.9782392,
        37.9872748
       ],
       [
        -121.9778689,
        37.9871341
       ],
       [
        -121.9776823,
        37.986991
       ],
       [
        -121.9774927,
        37.9867025
       ],
       [
        -121.9773072,
        37.9866176
       ],
       [
        -121.9772687,
        37.9865309
       ],
       [
        -121.9770821,
        37.9863878
       ],
       [
        -121.9768972,
        37.986332
       ],
       [
        -121.9763823,
        37.9863094
       ],
       [
        -121.9762342,
        37.9862531
       ],
       [
        -121.9760843,
        37.9861096
       ],
       [
        -121.976079,
        37.9858479
       ],
       [
        -121.9758515,
        37.9855017
       ],
       [
        -121.9754806,
        37.9853319
       ],
       [
        -121.9753354,
        37.985421
       ],
       [
        -121.9751885,
        37.9854228
       ],
       [
        -121.9750753,
        37.9852788
       ],
       [
        -121.9747779,
        37.9851081
       ],
       [
        -121.9745907,
        37.9849359
       ],
       [
        -121.9743999,
        37.9845893
       ],
       [
        -121.9740611,
        37.9841864
       ],
       [
        -121.9738377,
        37.9840438
       ],
       [
        -121.9737269,
        37.9840161
       ],
       [
        -121.9734278,
        37.9837581
       ],
       [
        -121.9731606,
        37.983267
       ],
       [
        -121.9728994,
        37.9830667
       ],
       [
        -121.9723069,
        37.9828415
       ],
       [
        -121.9721949,
        37.9827557
       ],
       [
        -121.9721463,
        37.9826637
       ],
       [
        -121.9731543,
        37.9818176
       ],
       [
        -121.9736174,
        37.9813809
       ],
       [
        -121.9738981,
        37.9812574
       ],
       [
        -121.9737885,
        37.9816012
       ],
       [
        -121.9737973,
        37.9820374
       ],
       [
        -121.9742143,
        37.982672
       ],
       [
        -121.9745147,
        37.9829882
       ],
       [
        -121.9748879,
        37.9832743
       ],
       [
        -121.9763756,
        37.9841572
       ],
       [
        -121.9775677,
        37.9849565
       ],
       [
        -121.9779753,
        37.9851258
       ],
       [
        -121.9782331,
        37.9851517
       ],
       [
        -121.9786337,
        37.9849721
       ],
       [
        -121.9791037,
        37.984588
       ],
       [
        -121.9800045,
        37.9837041
       ],
       [
        -121.980078,
        37.9837031
       ],
       [
        -121.9811252,
        37.9827882
       ],
       [
        -121.9813758,
        37.9824651
       ],
       [
        -121.9814493,
        37.9824642
       ],
       [
        -121.9820644,
        37.981991
       ],
       [
        -121.9841592,
        37.9801902
       ],
       [
        -121.9844111,
        37.9799252
       ],
       [
        -121.9844816,
        37.9797789
       ],
       [
        -121.9844763,
        37.9795172
       ],
       [
        -121.9843631,
        37.9793732
       ],
       [
        -121.9833554,
        37.9786007
       ],
       [
        -121.9813422,
        37.977172
       ],
       [
        -121.9811941,
        37.9771157
       ],
       [
        -121.9809322,
        37.9768863
       ],
       [
        -121.9807884,
        37.9767853
       ],
       [
        -121.980922,
        37.9766731
       ],
       [
        -121.9810644,
        37.9765997
       ],
       [
        -121.9807842,
        37.9766209
       ],
       [
        -121.9807098,
        37.976612
       ],
       [
        -121.9806332,
        37.9766763
       ],
       [
        -121.9786958,
        37.975315
       ],
       [
        -121.9782521,
        37.9751752
       ],
       [
        -121.9778847,
        37.9751798
       ],
       [
        -121.9774836,
        37.9753303
       ],
       [
        -121.9749526,
        37.9773692
       ],
       [
        -121.9747013,
        37.9776632
       ],
       [
        -121.9747025,
        37.9777214
       ],
       [
        -121.974341,
        37.9780168
       ],
       [
        -121.9740903,
        37.9783399
       ],
       [
        -121.9740553,
        37.9784276
       ],
       [
        -121.9740963,
        37.980463
       ],
       [
        -121.9740602,
        37.9804926
       ],
       [
        -121.9740305,
        37.980842
       ],
       [
        -121.9739654,
        37.9810462
       ],
       [
        -121.9734563,
        37.9812725
       ],
       [
        -121.9730359,
        37.9816741
       ],
       [
        -121.9720823,
        37.9825427
       ],
       [
        -121.9720421,
        37.9824667
       ],
       [
        -121.972108,
        37.9820878
       ],
       [
        -121.9722141,
        37.9818829
       ],
       [
        -121.9727517,
        37.9812071
       ],
       [
        -121.9731838,
        37.9807654
       ],
       [
        -121.9735044,
        37.9802669
       ],
       [
        -121.9735738,
        37.9800624
       ],
       [
        -121.9735971,
        37.9793932
       ],
       [
        -121.9735598,
        37.9793646
       ],
       [
        -121.9735557,
        37.979161
       ],
       [
        -121.9734787,
        37.9789875
       ],
       [
        -121.9733947,
        37.978465
       ],
       [
        -121.9731643,
        37.9779735
       ],
       [
        -121.9726739,
        37.9773398
       ],
       [
        -121.9724494,
        37.977139
       ],
       [
        -121.972152,
        37.9769682
       ],
       [
        -121.9720756,
        37.9768238
       ],
       [
        -121.9720342,
        37.9765916
       ],
       [
        -121.9721426,
        37.976503
       ],
       [
        -121.9722487,
        37.9762981
       ],
       [
        -121.9719146,
        37.9761278
       ],
       [
        -121.9715461,
        37.9760742
       ],
       [
        -121.9711379,
        37.9758758
       ],
       [
        -121.9708796,
        37.9758209
       ],
       [
        -121.9710936,
        37.9754982
       ],
       [
        -121.9710539,
        37.9753533
       ],
       [
        -121.9709023,
        37.9751225
       ],
       [
        -121.9708621,
        37.9749485
       ],
       [
        -121.9710049,
        37.9747431
       ],
       [
        -121.9711448,
        37.9743923
       ],
       [
        -121.9711378,
        37.9740434
       ],
       [
        -121.9707162,
        37.9731762
       ],
       [
        -121.9707838,
        37.9728845
       ],
       [
        -121.9708556,
        37.9727963
       ],
       [
        -121.9709243,
        37.9725627
       ],
       [
        -121.9709972,
        37.9725327
       ],
       [
        -121.9710357,
        37.9726195
       ],
       [
        -121.9717447,
        37.9731632
       ],
       [
        -121.9719296,
        37.973219
       ],
       [
        -121.9721132,
        37.9732167
       ],
       [
        -121.9724491,
        37.9734743
       ],
       [
        -121.9725261,
        37.9736478
       ],
       [
        -121.9727873,
        37.9738481
       ],
       [
        -121.9730456,
        37.973903
       ],
       [
        -121.9733815,
        37.9741605
       ],
       [
        -121.9733838,
        37.9742769
       ],
       [
        -121.9734981,
        37.974479
       ],
       [
        -121.9742066,
        37.9749936
       ],
       [
        -121.9743915,
        37.9750494
       ],
       [
        -121.9745751,
        37.9750471
       ],
       [
        -121.9751723,
        37.9755049
       ],
       [
        -121.9753571,
        37.9755608
       ],
       [
        -121.9755408,
        37.9755585
       ],
       [
        -121.9755781,
        37.9755871
       ],
       [
        -121.9759804,
        37.9754947
       ],
       [
        -121.9768112,
        37.9747862
       ],
       [
        -121.9769161,
        37.9745231
       ],
       [
        -121.9772409,
        37.9742281
       ],
       [
        -121.9774968,
        37.9741667
       ],
       [
        -121.9778171,
        37.9738758
       ],
       [
        -121.9781945,
        37.9741574
       ],
       [
        -121.9782718,
        37.9743314
       ],
       [
        -121.9790922,
        37.9749318
       ],
       [
        -121.9792788,
        37.9749662
       ],
       [
        -121.979759,
        37.9753245
       ],
       [
        -121.9798002,
        37.9754173
       ],
       [
        -121.9800614,
        37.9756176
       ],
       [
        -121.980188,
        37.9756445
       ],
       [
        -121.9807057,
        37.9760307
       ],
       [
        -121.9807706,
        37.9761612
       ],
       [
        -121.9810544,
        37.9763788
       ],
       [
        -121.9807246,
        37.976587
       ],
       [
        -121.9809564,
        37.9765697
       ],
       [
        -121.98109,
        37.9765021
       ],
       [
        -121.9815322,
        37.9768322
       ],
       [
        -121.9815662,
        37.9767712
       ],
       [
        -121.9815917,
        37.9767907
       ],
       [
        -121.981777,
        37.9768249
       ],
       [
        -121.9822219,
        37.9771566
       ],
       [
        -121.9822623,
        37.9772476
       ],
       [
        -121.9825609,
        37.9774764
       ],
       [
        -121.9826966,
        37.9775104
       ],
       [
        -121.9831684,
        37.977862
       ],
       [
        -121.9832328,
        37.9779915
       ],
       [
        -121.9840907,
        37.9786204
       ],
       [
        -121.9842342,
        37.9786563
       ],
       [
        -121.9847243,
        37.9790216
       ],
       [
        -121.9847619,
        37.9791064
       ],
       [
        -121.9850232,
        37.9793066
       ],
       [
        -121.9851401,
        37.9793315
       ],
       [
        -121.9857301,
        37.9797712
       ],
       [
        -121.9857692,
        37.9798498
       ],
       [
        -121.986441,
        37.9803648
       ],
       [
        -121.9865925,
        37.9804139
       ],
       [
        -121.9870641,
        37.9807653
       ],
       [
        -121.9871123,
        37.9808507
       ],
       [
        -121.9873736,
        37.9810509
       ],
       [
        -121.9874923,
        37.9810845
       ],
       [
        -121.9882886,
        37.9816778
       ],
       [
        -121.9883057,
        37.981708
       ],
       [
        -121.9889776,
        37.982223
       ],
       [
        -121.989053,
        37.9822474
       ],
       [
        -121.998492,
        37.9892802
       ],
       [
        -122.0009367,
        37.9907848
       ],
       [
        -122.0015834,
        37.9912527
       ],
       [
        -122.0017932,
        37.9913119
       ],
       [
        -122.0025068,
        37.9917511
       ],
       [
        -122.0025512,
        37.991851
       ]
      ],
      [
       [
        -121.9852101,
        37.9903276
       ],
       [
        -121.9855799,
        37.9904393
       ],
       [
        -121.9859112,
        37.9904641
       ],
       [
        -121.9862768,
        37.9903722
       ],
       [
        -121.9865678,
        37.9902231
       ],
       [
        -121.9871829,
        37.9897499
       ],
       [
        -121.9875782,
        37.9893086
       ],
       [
        -121.9878319,
        37.9891308
       ],
       [
        -121.9888429,
        37.9882454
       ],
       [
        -121.9890941,
        37.9879514
       ],
       [
        -121.9891682,
        37.9879795
       ],
       [
        -121.9918046,
        37.9857063
       ],
       [
        -121.9919113,
        37.9855304
       ],
       [
        -121.9919071,
        37.9853269
       ],
       [
        -121.9917543,
        37.985038
       ],
       [
        -121.9916043,
        37.9848944
       ],
       [
        -121.9868646,
        37.9813192
       ],
       [
        -121.9867165,
        37.9812629
       ],
       [
        -121.9862674,
        37.9808614
       ],
       [
        -121.9857122,
        37.9806649
       ],
       [
        -121.9854183,
        37.9806686
       ],
       [
        -121.9851256,
        37.9807305
       ],
       [
        -121.9841141,
        37.9815869
       ],
       [
        -121.9838622,
        37.9818518
       ],
       [
        -121.9825609,
        37.9829154
       ],
       [
        -121.9823813,
        37.9831213
       ],
       [
        -121.9823825,
        37.9831794
       ],
       [
        -121.9820915,
        37.9833286
       ],
       [
        -121.9805738,
        37.9845985
       ],
       [
        -121.9801424,
        37.9850693
       ],
       [
        -121.9800001,
        37.9853038
       ],
       [
        -121.9798958,
        37.985596
       ],
       [
        -121.9798649,
        37.9858872
       ],
       [
        -121.9800207,
        37.9863215
       ],
       [
        -121.9801724,
        37.9865523
       ],
       [
        -121.9805107,
        37.9869261
       ],
       [
        -121.9809213,
        37.9872408
       ],
       [
        -121.9822551,
        37.9877765
       ],
       [
        -121.9829241,
        37.9881462
       ],
       [
        -121.983298,
        37.9884614
       ],
       [
        -121.9840511,
        37.9893534
       ],
       [
        -121.9845767,
        37.9898994
       ],
       [
        -121.98495,
        37.9901855
       ],
       [
        -121.9852101,
        37.9903276
       ]
      ],
      [
       [
        -121.9929461,
        37.9948245
       ],
       [
        -121.9934321,
        37.9952255
       ],
       [
        -121.9941676,
        37.9952452
       ],
       [
        -121.9946411,
        37.9950355
       ],
       [
        -121.9955454,
        37.9943259
       ],
       [
        -121.9956888,
        37.9941496
       ],
       [
        -121.9957629,
        37.9941777
       ],
       [
        -121.9968462,
        37.9932331
       ],
       [
        -121.9970962,
        37.9928809
       ],
       [
        -121.9972817,
        37.9929658
       ],
       [
        -121.9975685,
        37.9926131
       ],
       [
        -121.9984716,
        37.9918453
       ],
       [
        -121.998615,
        37.9916689
       ],
       [
        -121.9986891,
        37.991697
       ],
       [
        -121.9988687,
        37.9914911
       ],
       [
        -121.9992663,
        37.9911661
       ],
       [
        -121.999444,
        37.990873
       ],
       [
        -121.999473,
        37.9904945
       ],
       [
        -121.9993574,
        37.9902342
       ],
       [
        -121.9990955,
        37.9900049
       ],
       [
        -121.9966781,
        37.9886107
       ],
       [
        -121.9936944,
        37.9864674
       ],
       [
        -121.9932493,
        37.9862695
       ],
       [
        -121.9928446,
        37.9862456
       ],
       [
        -121.9925519,
        37.9863075
       ],
       [
        -121.9923332,
        37.9863976
       ],
       [
        -121.9914301,
        37.9871653
       ],
       [
        -121.991359,
        37.9872826
       ],
       [
        -121.9913217,
        37.987254
       ],
       [
        -121.9902017,
        37.988199
       ],
       [
        -121.989951,
        37.9885221
       ],
       [
        -121.9898769,
        37.988494
       ],
       [
        -121.9890817,
        37.989144
       ],
       [
        -121.9872036,
        37.9907676
       ],
       [
        -121.9870969,
        37.9909435
       ],
       [
        -121.9870661,
        37.9912347
       ],
       [
        -121.9872225,
        37.9916981
       ],
       [
        -121.9875259,
        37.9921596
       ],
       [
        -121.9877505,
        37.9923604
       ],
       [
        -121.9890466,
        37.9928383
       ],
       [
        -121.9895639,
        37.9929771
       ],
       [
        -121.9901536,
        37.9930569
       ],
       [
        -121.9903758,
        37.9931413
       ],
       [
        -121.991973,
        37.9939644
       ],
       [
        -121.9925704,
        37.9944221
       ],
       [
        -121.9929461,
        37.9948245
       ]
      ]
     ],
     [
      [
       [
        -122.000138,
        38.0014221
       ],
       [
        -121.9998778,
        38.00128
       ],
       [
        -121.999614,
        38.0009634
       ],
       [
        -121.999649,
        38.0008757
       ],
       [
        -121.9994634,
        38.0007909
       ],
       [
        -121.9994984,
        38.0007032
       ],
       [
        -121.9993472,
        38.0005015
       ],
       [
        -121.9993443,
        38.0003561
       ],
       [
        -121.9992696,
        38.0002989
       ],
       [
        -121.9989744,
        38.0002445
       ],
       [
        -121.9988974,
        38.000071
       ],
       [
        -121.9985233,
        37.9997558
       ],
       [
        -121.9981332,
        37.9996157
       ],
       [
        -121.998987,
        37.9995265
       ],
       [
        -122.0003052,
        37.9994522
       ],
       [
        -122.0008034,
        37.9995524
       ],
       [
        -122.0001861,
        38.0014377
       ],
       [
        -122.000138,
        38.0014221
       ]
      ]
     ],
     [
      [
       [
        -122.0065716,
        38.0004008
       ],
       [
        -122.0066007,
        38.0003924
       ],
       [
        -122.0056558,
        37.999651
       ],
       [
        -122.0057174,
        37.9996008
       ],
       [
        -122.0048026,
        37.9988893
       ],
       [
        -122.0011607,
        37.9991173
       ],
       [
        -122.0013149,
        37.9986441
       ],
       [
        -122.0014374,
        37.9984678
       ],
       [
        -122.0018452,
        37.998637
       ],
       [
        -122.0031307,
        37.9985914
       ],
       [
        -122.0031668,
        37.9985619
       ],
       [
        -122.0041222,
        37.9985496
       ],
       [
        -122.0041596,
        37.9985782
       ],
       [
        -122.0047114,
        37.9986002
       ],
       [
        -122.0048963,
        37.998656
       ],
       [
        -122.0051908,
        37.9986813
       ],
       [
        -122.0054505,
        37.9987943
       ],
       [
        -122.0055962,
        37.9987342
       ],
       [
        -122.0058197,
        37.9988768
       ],
       [
        -122.0065986,
        37.9992158
       ],
       [
        -122.0085671,
        38.0002084
       ],
       [
        -122.0103881,
        38.0011737
       ],
       [
        -122.0106471,
        38.0012577
       ],
       [
        -122.0109372,
        38.0012539
       ],
       [
        -122.0105906,
        38.0018689
       ],
       [
        -122.0099342,
        38.001805
       ],
       [
        -122.0087374,
        38.0009972
       ],
       [
        -122.00743,
        38.0004273
       ],
       [
        -122.0067952,
        38.0000163
       ],
       [
        -122.0065176,
        38.0000961
       ],
       [
        -122.007446,
        38.0008203
       ],
       [
        -122.0065716,
        38.0004008
       ]
      ]
     ],
     [
      [
       [
        -122.0095193,
        38.0018249
       ],
       [
        -122.0094458,
        38.0018258
       ],
       [
        -122.009185,
        38.0016547
       ],
       [
        -122.0076055,
        38.0008968
       ],
       [
        -122.0077218,
        38.0008047
       ],
       [
        -122.0080501,
        38.0009481
       ],
       [
        -122.0080752,
        38.000916
       ],
       [
        -122.0077824,
        38.0007567
       ],
       [
        -122.0078517,
        38.0007019
       ],
       [
        -122.0083521,
        38.0009054
       ],
       [
        -122.0088518,
        38.0011824
       ],
       [
        -122.0093531,
        38.0015658
       ],
       [
        -122.0097049,
        38.0017827
       ],
       [
        -122.0096118,
        38.0017736
       ],
       [
        -122.0090389,
        38.0014406
       ],
       [
        -122.0090103,
        38.0014701
       ],
       [
        -122.0095646,
        38.0018432
       ],
       [
        -122.0095193,
        38.0018249
       ]
      ]
     ]
    ]
   }
  }
 ]
}
