{
 "type": "FeatureCollection",
 "properties": {
  "project": "esmeralda",
  "summary": "Land-use districts traced from Figure 2-1 of the City of Cloverdale's draft Esmeralda Specific Plan (Version 7, revised Sept 29, 2026), which the Planning Commission heard on Oct 1, 2026 and the City Council has not yet adopted. Six zones are drawn: village mixed use and village hospitality around the entry, village residential split into its two height groups, and open space recreation and conservation, mostly east of the SMART rail line and along the Russian River. The plan's publicly accessible circulation parcels (streets and paths) and the SMART corridor aren't zones and are left out, and the overlays (restricted use, airport, piazza, hilltop, amphitheater) aren't drawn; no buildings are drawn.",
  "note": "Land-use districts from the draft 2026 specific plan, not yet adopted; zones, not buildings.",
  "sourceUrl": "https://www.cloverdale.net/DocumentCenter/View/7035/Draft-Specific-Plan---Revised-92926",
  "sourceLabel": "Draft specific plan land use, 2026 (PDF)",
  "georeference": {
   "figure_2_1": {
    "scale_m_per_unit": 0.92571,
    "rotation_deg": -47.645,
    "rms_m": 1.86,
    "controls": [
     {
      "label": "Figure 2-1 Plan Area edge to the site boundary: trimmed RMS over the closest 80% of 3704 points",
      "residual_m": 1.86
     }
    ],
    "method": "trimmed ICP",
    "points": 3704,
    "inlier_share": 0.8,
    "median_m": 1.86,
    "p90_m": 5.46,
    "seed": "centroids and areas matched, rotation searched every 10 deg (no hand-picked points)",
    "target": "data/boundaries/esmeralda.geojson (County of Sonoma parcels named in the Planning Commission staff report, Oct 1, 2026)"
   }
  },
  "license": "Zone shapes: traced from a public City of Cloverdale planning document. Fitted to County of Sonoma parcels (CC BY-SA 3.0 US, County of Sonoma).",
  "documents": [
   "https://www.cloverdale.net/esmeralda",
   "https://www.cloverdale.net/DocumentCenter/View/7035/Draft-Specific-Plan---Revised-92926",
   "https://www.cloverdale.net/DocumentCenter/View/6998/Agenda-Report",
   "https://socogis.sonomacounty.ca.gov/map/rest/services/CRAPublic/ParcelsPublicShapeFile/FeatureServer/0"
  ],
  "superseded": "The 2009 Alexander Valley Resort Specific Plan (amended 2016 and 2018), approved for the same site but never built, would be replaced; it isn't drawn."
 },
 "features": [
  {
   "type": "Feature",
   "properties": {
    "kind": "zone",
    "category": "mixed-use",
    "label": "Village mixed use (VMU)",
    "source": "traced: Draft Esmeralda Specific Plan, Version 7 (City of Cloverdale, Sept 25, 2026; posted as revised 9/29/26), Figure 2-1, Land Use Districts, p. 16 (PDF p. 22)",
    "note": "Draft specific plan land use, not yet adopted. Retail, restaurants, hotel, offices, maker space, childcare and all housing types around the Entry Circle; up to 35 ft, net FAR 2.5, 10-30 homes per acre (senior housing 60) (Table 2-1, p. 18; Table 2-2, p. 20). Heights are subject to the Airport Safety Zones and FAA Part 77 overlays, which can lower them. About 15.1 acres as drawn.",
    "stage": "entitlement"
   },
   "geometry": {
    "type": "MultiPolygon",
    "coordinates": [
     [
      [
       [-123.006709, 38.783588],
       [-123.006717, 38.783643],
       [-123.006691, 38.783685],
       [-123.006627, 38.783714],
       [-123.006627, 38.783724],
       [-123.006609, 38.783724],
       [-123.006609, 38.783733],
       [-123.006547, 38.78375],
       [-123.00639, 38.783747],
       [-123.006322, 38.783724],
       [-123.006323, 38.783716],
       [-123.006275, 38.783707],
       [-123.006275, 38.783699],
       [-123.00625, 38.783698],
       [-123.00625, 38.783688],
       [-123.006221, 38.783687],
       [-123.006221, 38.783675],
       [-123.006187, 38.783675],
       [-123.006187, 38.783662],
       [-123.00615, 38.783661],
       [-123.00615, 38.783648],
       [-123.006111, 38.783647],
       [-123.006111, 38.783632],
       [-123.00607, 38.783632],
       [-123.00607, 38.783617],
       [-123.006028, 38.783616],
       [-123.006028, 38.783603],
       [-123.005987, 38.783602],
       [-123.005987, 38.783583],
       [-123.005677, 38.783468],
       [-123.005624, 38.783462],
       [-123.005625, 38.783449],
       [-123.004923, 38.78319],
       [-123.004871, 38.78319],
       [-123.004871, 38.78318],
       [-123.004836, 38.783168],
       [-123.004836, 38.783154],
       [-123.004822, 38.783154],
       [-123.004822, 38.78314],
       [-123.004798, 38.783124],
       [-123.004798, 38.783109],
       [-123.004886, 38.783108],
       [-123.004886, 38.783089],
       [-123.004833, 38.783088],
       [-123.004858, 38.783087],
       [-123.004858, 38.783068],
       [-123.004766, 38.783067],
       [-123.00475, 38.783031],
       [-123.004732, 38.783031],
       [-123.004732, 38.783017],
       [-123.004711, 38.783016],
       [-123.004711, 38.783003],
       [-123.004689, 38.783002],
       [-123.004689, 38.782991],
       [-123.004611, 38.78297],
       [-123.004555, 38.782968],
       [-123.00458, 38.782968],
       [-123.00447, 38.782754],
       [-123.004788, 38.782539],
       [-123.005315, 38.782341],
       [-123.005449, 38.782303],
       [-123.005449, 38.782288],
       [-123.005511, 38.782287],
       [-123.005511, 38.782271],
       [-123.005585, 38.782264],
       [-123.005585, 38.782249],
       [-123.005638, 38.782248],
       [-123.005665, 38.782241],
       [-123.005666, 38.782226],
       [-123.005719, 38.782225],
       [-123.006183, 38.782092],
       [-123.006232, 38.782171],
       [-123.006304, 38.782242],
       [-123.006284, 38.782243],
       [-123.006284, 38.782262],
       [-123.006385, 38.782264],
       [-123.006385, 38.78228],
       [-123.006411, 38.78228],
       [-123.006363, 38.782281],
       [-123.006452, 38.782329],
       [-123.006505, 38.782332],
       [-123.006505, 38.782344],
       [-123.006529, 38.782344],
       [-123.006529, 38.78236],
       [-123.00655, 38.78236],
       [-123.00655, 38.782378],
       [-123.006568, 38.782378],
       [-123.006568, 38.782397],
       [-123.006531, 38.782397],
       [-123.006561, 38.782462],
       [-123.006697, 38.78305],
       [-123.006684, 38.783135],
       [-123.00661, 38.783304],
       [-123.006604, 38.783389],
       [-123.006615, 38.783444],
       [-123.006668, 38.783445],
       [-123.006668, 38.783459],
       [-123.00662, 38.78346],
       [-123.006657, 38.783582],
       [-123.006709, 38.783588]
      ]
     ],
     [
      [
       [-123.00652, 38.784156],
       [-123.006494, 38.784195],
       [-123.006441, 38.784196],
       [-123.005601, 38.784771],
       [-123.005653, 38.78477],
       [-123.005626, 38.784788],
       [-123.005564, 38.784804],
       [-123.005488, 38.784805],
       [-123.005413, 38.7848],
       [-123.005331, 38.784774],
       [-123.005211, 38.78478],
       [-123.005169, 38.784652],
       [-123.00522, 38.784589],
       [-123.005093, 38.784208],
       [-123.005037, 38.7842],
       [-123.005026, 38.784169],
       [-123.005019, 38.784137],
       [-123.005069, 38.784136],
       [-123.005034, 38.784031],
       [-123.00498, 38.784031],
       [-123.004954, 38.783943],
       [-123.004926, 38.783943],
       [-123.004926, 38.783935],
       [-123.004957, 38.783935],
       [-123.004539, 38.783774],
       [-123.004637, 38.783374],
       [-123.004625, 38.78337],
       [-123.004672, 38.783351],
       [-123.004826, 38.783353],
       [-123.004878, 38.78337],
       [-123.004835, 38.783372],
       [-123.006328, 38.783922],
       [-123.006401, 38.783931],
       [-123.006401, 38.783942],
       [-123.006419, 38.783942],
       [-123.00642, 38.783955],
       [-123.006448, 38.783969],
       [-123.006467, 38.784002],
       [-123.006467, 38.784018],
       [-123.006418, 38.784019],
       [-123.006444, 38.784099],
       [-123.006459, 38.784124],
       [-123.006512, 38.784124],
       [-123.00652, 38.784156]
      ]
     ],
     [
      [
       [-123.008149, 38.785104],
       [-123.006854, 38.786034],
       [-123.005672, 38.785018],
       [-123.005619, 38.785016],
       [-123.005607, 38.785007],
       [-123.005583, 38.784934],
       [-123.005603, 38.784887],
       [-123.00563, 38.784873],
       [-123.00563, 38.784861],
       [-123.005651, 38.784861],
       [-123.005651, 38.784845],
       [-123.005675, 38.784845],
       [-123.005674, 38.784832],
       [-123.005728, 38.784831],
       [-123.00597, 38.784667],
       [-123.006501, 38.784301],
       [-123.006458, 38.784295],
       [-123.006511, 38.784261],
       [-123.006674, 38.784258],
       [-123.006721, 38.784285],
       [-123.006793, 38.784296],
       [-123.00691, 38.784288],
       [-123.00691, 38.784279],
       [-123.006945, 38.784279],
       [-123.006945, 38.784269],
       [-123.006978, 38.784268],
       [-123.006979, 38.784254],
       [-123.00701, 38.784254],
       [-123.00701, 38.784238],
       [-123.007064, 38.784238],
       [-123.007121, 38.784199],
       [-123.007187, 38.784127],
       [-123.007274, 38.784198],
       [-123.007245, 38.784198],
       [-123.007244, 38.784212],
       [-123.007299, 38.784217],
       [-123.007283, 38.784217],
       [-123.007283, 38.784233],
       [-123.007375, 38.78424],
       [-123.007374, 38.784253],
       [-123.007394, 38.784254],
       [-123.007394, 38.784266],
       [-123.007411, 38.784266],
       [-123.00741, 38.784277],
       [-123.007445, 38.784293],
       [-123.007393, 38.784294],
       [-123.00746, 38.784347],
       [-123.007824, 38.784706],
       [-123.00791, 38.784812],
       [-123.007963, 38.784814],
       [-123.007963, 38.784825],
       [-123.007974, 38.784825],
       [-123.007974, 38.784841],
       [-123.007988, 38.784841],
       [-123.008008, 38.78488],
       [-123.00802, 38.78488],
       [-123.00802, 38.784896],
       [-123.008033, 38.784896],
       [-123.008033, 38.784913],
       [-123.008047, 38.784913],
       [-123.008047, 38.784929],
       [-123.00806, 38.784929],
       [-123.008083, 38.784973],
       [-123.008105, 38.784985],
       [-123.008106, 38.784997],
       [-123.008061, 38.784997],
       [-123.008149, 38.785104]
      ]
     ]
    ]
   }
  },
  {
   "type": "Feature",
   "properties": {
    "kind": "zone",
    "category": "commercial",
    "label": "Village hospitality (VH)",
    "source": "traced: Draft Esmeralda Specific Plan, Version 7 (City of Cloverdale, Sept 25, 2026; posted as revised 9/29/26), Figure 2-1, Land Use Districts, p. 16 (PDF p. 22)",
    "note": "Draft specific plan land use, not yet adopted. The resort hotel with its spa, event and conference space, dining and shared parking, plus homes and the Piazza; up to 50 ft for the hotel and other non-residential uses, 35 ft for homes; net FAR 0.3, 5 homes per acre (Table 2-1, p. 18; Table 2-2, p. 20). Mapped to commercial: hotel-led. Part of it is in the Restricted Use Overlay (no homes, schools or day care without further cleanup) and the airport's safety zones. Heights are subject to the Airport Safety Zones and FAA Part 77 overlays, which can lower them. About 33.5 acres as drawn.",
    "stage": "entitlement"
   },
   "geometry": {
    "type": "MultiPolygon",
    "coordinates": [
     [
      [
       [-123.00522, 38.784589],
       [-123.005265, 38.784589],
       [-123.005265, 38.7846],
       [-123.00521, 38.784601],
       [-123.005173, 38.784647],
       [-123.005222, 38.784651],
       [-123.005169, 38.784652],
       [-123.005211, 38.78478],
       [-123.005264, 38.78478],
       [-123.00513, 38.784798],
       [-123.005131, 38.78481],
       [-123.005088, 38.78481],
       [-123.005088, 38.784826],
       [-123.005047, 38.784826],
       [-123.005047, 38.784843],
       [-123.005009, 38.784843],
       [-123.005009, 38.784863],
       [-123.004955, 38.784863],
       [-123.00476, 38.784999],
       [-123.004544, 38.785214],
       [-123.004467, 38.785363],
       [-123.004514, 38.785363],
       [-123.004515, 38.785381],
       [-123.004461, 38.785381],
       [-123.004404, 38.785503],
       [-123.004307, 38.785607],
       [-123.003426, 38.786235],
       [-123.003452, 38.786236],
       [-123.003452, 38.786254],
       [-123.003429, 38.786254],
       [-123.003429, 38.786271],
       [-123.003408, 38.786271],
       [-123.003408, 38.786285],
       [-123.003358, 38.78631],
       [-123.003358, 38.786322],
       [-123.003337, 38.786322],
       [-123.003337, 38.786336],
       [-123.003314, 38.786336],
       [-123.003314, 38.786353],
       [-123.003288, 38.786353],
       [-123.003288, 38.786371],
       [-123.003235, 38.786372],
       [-123.002773, 38.7867],
       [-123.002781, 38.786707],
       [-123.002755, 38.786713],
       [-123.00238, 38.7864],
       [-123.002403, 38.7864],
       [-123.002403, 38.786381],
       [-123.002292, 38.786379],
       [-123.002292, 38.786361],
       [-123.002255, 38.786361],
       [-123.002255, 38.786346],
       [-123.002217, 38.786345],
       [-123.002217, 38.786332],
       [-123.002178, 38.786331],
       [-123.002178, 38.786321],
       [-123.002136, 38.786321],
       [-123.002136, 38.786312],
       [-123.002095, 38.786306],
       [-123.001986, 38.786303],
       [-123.001816, 38.786331],
       [-123.001619, 38.786333],
       [-123.001486, 38.786314],
       [-123.001443, 38.786303],
       [-123.001443, 38.786289],
       [-123.001402, 38.786289],
       [-123.001402, 38.786272],
       [-123.001362, 38.786272],
       [-123.001362, 38.786254],
       [-123.001377, 38.786254],
       [-123.001274, 38.786186],
       [-123.001193, 38.786101],
       [-123.000765, 38.785417],
       [-123.000711, 38.785415],
       [-123.000711, 38.785396],
       [-123.000753, 38.785396],
       [-123.000449, 38.784907],
       [-123.000393, 38.784904],
       [-123.000393, 38.784884],
       [-123.000381, 38.784884],
       [-123.000381, 38.784868],
       [-123.00037, 38.784868],
       [-123.000348, 38.784831],
       [-123.000347, 38.784824],
       [-123.000396, 38.784823],
       [-123.000336, 38.784736],
       [-123.000324, 38.784696],
       [-123.00027, 38.784695],
       [-123.000322, 38.78469],
       [-123.000301, 38.784644],
       [-123.000248, 38.784644],
       [-123.000248, 38.784634],
       [-123.000298, 38.784633],
       [-123.000276, 38.784598],
       [-123.000285, 38.784598],
       [-123.000243, 38.784397],
       [-123.000231, 38.784396],
       [-123.000243, 38.784396],
       [-123.000242, 38.784366],
       [-123.000229, 38.784365],
       [-123.000242, 38.784365],
       [-123.000245, 38.784335],
       [-123.000232, 38.784334],
       [-123.000245, 38.784334],
       [-123.00025, 38.784304],
       [-123.000235, 38.784303],
       [-123.00025, 38.784303],
       [-123.000303, 38.784186],
       [-123.001398, 38.783403],
       [-123.001373, 38.7834],
       [-123.001373, 38.783383],
       [-123.001427, 38.783382],
       [-123.001492, 38.783335],
       [-123.001461, 38.783335],
       [-123.001461, 38.78332],
       [-123.001485, 38.78332],
       [-123.001485, 38.783303],
       [-123.001511, 38.783303],
       [-123.001511, 38.783285],
       [-123.001538, 38.783284],
       [-123.001538, 38.783265],
       [-123.001566, 38.783265],
       [-123.001566, 38.783245],
       [-123.00162, 38.783244],
       [-123.001768, 38.783139],
       [-123.001742, 38.783139],
       [-123.001742, 38.78312],
       [-123.001769, 38.783119],
       [-123.001769, 38.783101],
       [-123.001793, 38.7831],
       [-123.001793, 38.783083],
       [-123.001815, 38.783083],
       [-123.001815, 38.783067],
       [-123.001873, 38.783063],
       [-123.002247, 38.782796],
       [-123.002217, 38.782792],
       [-123.002217, 38.78278],
       [-123.002243, 38.78278],
       [-123.002243, 38.782761],
       [-123.002296, 38.782761],
       [-123.002432, 38.782664],
       [-123.002398, 38.782664],
       [-123.002398, 38.78265],
       [-123.003753, 38.782489],
       [-123.003923, 38.782622],
       [-123.003976, 38.782623],
       [-123.003976, 38.782636],
       [-123.004, 38.782636],
       [-123.004001, 38.78265],
       [-123.003971, 38.78265],
       [-123.004021, 38.782677],
       [-123.004126, 38.782724],
       [-123.004179, 38.782724],
       [-123.004179, 38.782744],
       [-123.004233, 38.782744],
       [-123.004234, 38.782762],
       [-123.004289, 38.782762],
       [-123.004422, 38.78304],
       [-123.004455, 38.783043],
       [-123.004455, 38.783059],
       [-123.00444, 38.783059],
       [-123.00444, 38.783076],
       [-123.004427, 38.783077],
       [-123.004418, 38.783115],
       [-123.004364, 38.783115],
       [-123.004356, 38.783199],
       [-123.004409, 38.783199],
       [-123.004409, 38.783219],
       [-123.004357, 38.783219],
       [-123.004357, 38.78324],
       [-123.004423, 38.78324],
       [-123.004434, 38.783277],
       [-123.004448, 38.783277],
       [-123.004448, 38.783294],
       [-123.004465, 38.783294],
       [-123.004465, 38.783309],
       [-123.00443, 38.783309],
       [-123.004498, 38.783332],
       [-123.004551, 38.783332],
       [-123.004551, 38.783349],
       [-123.00462, 38.783354],
       [-123.004621, 38.783369],
       [-123.004653, 38.783373],
       [-123.004637, 38.783374],
       [-123.004539, 38.783774],
       [-123.005008, 38.783954],
       [-123.00514, 38.784321],
       [-123.005131, 38.784321],
       [-123.00522, 38.784589]
      ]
     ],
     [
      [
       [-123.0027, 38.786753],
       [-123.002689, 38.786759],
       [-123.002716, 38.786759],
       [-123.002716, 38.786771],
       [-123.002689, 38.786771],
       [-123.002689, 38.786781],
       [-123.00263, 38.786796],
       [-123.002544, 38.786803],
       [-123.002544, 38.786815],
       [-123.002499, 38.786815],
       [-123.002499, 38.786826],
       [-123.002454, 38.786826],
       [-123.002454, 38.78684],
       [-123.00241, 38.78684],
       [-123.00241, 38.786856],
       [-123.002368, 38.786856],
       [-123.002368, 38.786874],
       [-123.002259, 38.786875],
       [-123.002259, 38.786893],
       [-123.002273, 38.786893],
       [-123.00183, 38.787127],
       [-123.001534, 38.786758],
       [-123.00135, 38.786506],
       [-123.001228, 38.78633],
       [-123.001248, 38.78633],
       [-123.001249, 38.786316],
       [-123.001216, 38.786313],
       [-123.001254, 38.786312],
       [-123.001255, 38.7863],
       [-123.001202, 38.786294],
       [-123.000652, 38.785491],
       [-123.000716, 38.785464],
       [-123.001131, 38.78613],
       [-123.001115, 38.78613],
       [-123.001155, 38.786159],
       [-123.001136, 38.786159],
       [-123.001181, 38.786185],
       [-123.001156, 38.786185],
       [-123.001207, 38.78621],
       [-123.001177, 38.786211],
       [-123.001234, 38.786233],
       [-123.001198, 38.786235],
       [-123.001256, 38.786249],
       [-123.001324, 38.786293],
       [-123.001309, 38.786293],
       [-123.001308, 38.786306],
       [-123.001413, 38.786318],
       [-123.001412, 38.786335],
       [-123.001487, 38.786359],
       [-123.001633, 38.786385],
       [-123.001764, 38.786387],
       [-123.001909, 38.78636],
       [-123.002108, 38.786357],
       [-123.002245, 38.786377],
       [-123.002272, 38.786387],
       [-123.002272, 38.786401],
       [-123.002339, 38.786401],
       [-123.002339, 38.786423],
       [-123.002371, 38.786423],
       [-123.002371, 38.786449],
       [-123.002397, 38.786449],
       [-123.002397, 38.786466],
       [-123.002421, 38.786466],
       [-123.002421, 38.786483],
       [-123.00239, 38.786484],
       [-123.0027, 38.786753]
      ]
     ]
    ]
   }
  },
  {
   "type": "Feature",
   "properties": {
    "kind": "zone",
    "category": "residential",
    "label": "Village residential (VR-1, VR-2)",
    "source": "traced: Draft Esmeralda Specific Plan, Version 7 (City of Cloverdale, Sept 25, 2026; posted as revised 9/29/26), Figure 2-1, Land Use Districts, p. 16 (PDF p. 22)",
    "note": "Draft specific plan land use, not yet adopted. Detached and attached homes, senior housing and small neighborhood uses; up to 35 ft, net FAR 1.0, 4-20 homes per acre (Table 2-1, p. 18; Table 2-2, p. 20). Heights are subject to the Airport Safety Zones and FAA Part 77 overlays, which can lower them. About 18.2 acres as drawn.",
    "stage": "entitlement"
   },
   "geometry": {
    "type": "MultiPolygon",
    "coordinates": [
     [
      [
       [-123.004095, 38.780471],
       [-123.004138, 38.780471],
       [-123.004138, 38.780479],
       [-123.004085, 38.780479],
       [-123.004055, 38.780502],
       [-123.00409, 38.780502],
       [-123.00409, 38.780517],
       [-123.004071, 38.780517],
       [-123.004071, 38.780533],
       [-123.004017, 38.780534],
       [-123.003992, 38.780557],
       [-123.004035, 38.780558],
       [-123.004036, 38.780567],
       [-123.003982, 38.780567],
       [-123.003953, 38.780599],
       [-123.004002, 38.780602],
       [-123.003949, 38.780602],
       [-123.003919, 38.780639],
       [-123.003969, 38.780639],
       [-123.003917, 38.78064],
       [-123.00389, 38.780676],
       [-123.00394, 38.780682],
       [-123.003887, 38.780682],
       [-123.003865, 38.780715],
       [-123.003912, 38.780715],
       [-123.003912, 38.780724],
       [-123.003859, 38.780725],
       [-123.003841, 38.780754],
       [-123.003887, 38.780754],
       [-123.003888, 38.780768],
       [-123.003835, 38.780768],
       [-123.003811, 38.78082],
       [-123.003857, 38.78082],
       [-123.003857, 38.780835],
       [-123.003804, 38.780836],
       [-123.003793, 38.780867],
       [-123.003844, 38.780871],
       [-123.003791, 38.780871],
       [-123.003747, 38.781026],
       [-123.003793, 38.781026],
       [-123.003793, 38.781045],
       [-123.00374, 38.781045],
       [-123.003728, 38.781076],
       [-123.003774, 38.781076],
       [-123.003766, 38.781109],
       [-123.003713, 38.781109],
       [-123.003642, 38.781239],
       [-123.003505, 38.781415],
       [-123.003554, 38.78142],
       [-123.0035, 38.781421],
       [-123.003435, 38.781497],
       [-123.003485, 38.7815],
       [-123.003432, 38.781501],
       [-123.003392, 38.781545],
       [-123.003428, 38.781545],
       [-123.003428, 38.781564],
       [-123.0034, 38.78158],
       [-123.0034, 38.781594],
       [-123.003362, 38.781633],
       [-123.00335, 38.781634],
       [-123.003349, 38.781648],
       [-123.003242, 38.781649],
       [-123.003241, 38.781659],
       [-123.003279, 38.781665],
       [-123.003261, 38.781683],
       [-123.003128, 38.781635],
       [-123.00307, 38.781632],
       [-123.00307, 38.781624],
       [-123.00304, 38.781616],
       [-123.00295, 38.781605],
       [-123.002762, 38.781612],
       [-123.002763, 38.781621],
       [-123.00268, 38.781631],
       [-123.002442, 38.781629],
       [-123.002341, 38.781608],
       [-123.002327, 38.781604],
       [-123.002327, 38.78159],
       [-123.002288, 38.78159],
       [-123.002281, 38.781574],
       [-123.002252, 38.781574],
       [-123.002251, 38.781555],
       [-123.00227, 38.781555],
       [-123.002207, 38.781512],
       [-123.002154, 38.781511],
       [-123.002203, 38.781508],
       [-123.002131, 38.781433],
       [-123.002078, 38.781432],
       [-123.002128, 38.781427],
       [-123.001945, 38.781125],
       [-123.001891, 38.781125],
       [-123.001891, 38.781109],
       [-123.00188, 38.781109],
       [-123.00188, 38.781092],
       [-123.001923, 38.781092],
       [-123.001913, 38.781061],
       [-123.00186, 38.781061],
       [-123.00186, 38.781042],
       [-123.001908, 38.781042],
       [-123.00188, 38.780889],
       [-123.001827, 38.780889],
       [-123.001879, 38.780884],
       [-123.001876, 38.780853],
       [-123.001823, 38.780853],
       [-123.001823, 38.780838],
       [-123.001875, 38.780837],
       [-123.001873, 38.780786],
       [-123.001823, 38.780786],
       [-123.001823, 38.780772],
       [-123.001876, 38.780772],
       [-123.00188, 38.780743],
       [-123.00183, 38.780742],
       [-123.001829, 38.780733],
       [-123.001883, 38.780733],
       [-123.00189, 38.780701],
       [-123.001838, 38.780694],
       [-123.001891, 38.780694],
       [-123.001902, 38.780658],
       [-123.00185, 38.780657],
       [-123.001903, 38.780657],
       [-123.001917, 38.78062],
       [-123.001865, 38.780617],
       [-123.001918, 38.780617],
       [-123.001933, 38.780586],
       [-123.001884, 38.780585],
       [-123.001884, 38.780576],
       [-123.001938, 38.780576],
       [-123.001951, 38.780552],
       [-123.001907, 38.780552],
       [-123.001907, 38.780537],
       [-123.001917, 38.780537],
       [-123.001917, 38.780521],
       [-123.001969, 38.780521],
       [-123.001985, 38.780498],
       [-123.001938, 38.780498],
       [-123.001938, 38.780491],
       [-123.001991, 38.78049],
       [-123.002068, 38.780401],
       [-123.002025, 38.780401],
       [-123.002025, 38.78039],
       [-123.002043, 38.780387],
       [-123.002073, 38.780341],
       [-123.002126, 38.78034],
       [-123.002174, 38.780282],
       [-123.002371, 38.779903],
       [-123.002325, 38.77989],
       [-123.002503, 38.779887],
       [-123.002555, 38.779896],
       [-123.002579, 38.779903],
       [-123.002579, 38.779918],
       [-123.003827, 38.780305],
       [-123.00388, 38.780305],
       [-123.00388, 38.780321],
       [-123.003892, 38.780325],
       [-123.003946, 38.780325],
       [-123.003946, 38.780334],
       [-123.003993, 38.780343],
       [-123.003993, 38.780355],
       [-123.004014, 38.780355],
       [-123.004014, 38.780369],
       [-123.004039, 38.780373],
       [-123.004039, 38.780383],
       [-123.003999, 38.780384],
       [-123.004095, 38.780471]
      ]
     ],
     [
      [
       [-123.004013, 38.780213],
       [-123.003991, 38.78022],
       [-123.0039, 38.780197],
       [-123.002586, 38.779784],
       [-123.002434, 38.779763],
       [-123.002454, 38.779761],
       [-123.002974, 38.779193],
       [-123.003008, 38.779193],
       [-123.003008, 38.779174],
       [-123.002944, 38.779171],
       [-123.002967, 38.779169],
       [-123.002967, 38.779156],
       [-123.003029, 38.779124],
       [-123.003042, 38.779105],
       [-123.003063, 38.779105],
       [-123.003067, 38.779088],
       [-123.003099, 38.779087],
       [-123.003099, 38.779073],
       [-123.003136, 38.779072],
       [-123.003137, 38.779058],
       [-123.003175, 38.779057],
       [-123.003175, 38.779046],
       [-123.003264, 38.779028],
       [-123.00356, 38.779027],
       [-123.003607, 38.779033],
       [-123.003607, 38.779042],
       [-123.003652, 38.779042],
       [-123.003652, 38.779053],
       [-123.003696, 38.779053],
       [-123.003696, 38.779067],
       [-123.003739, 38.779067],
       [-123.003739, 38.779082],
       [-123.003774, 38.779082],
       [-123.003774, 38.779099],
       [-123.003806, 38.779101],
       [-123.003806, 38.779118],
       [-123.003836, 38.77912],
       [-123.003836, 38.779139],
       [-123.003858, 38.779139],
       [-123.003863, 38.779161],
       [-123.003887, 38.779166],
       [-123.003887, 38.779185],
       [-123.003851, 38.779185],
       [-123.003897, 38.779266],
       [-123.003912, 38.779324],
       [-123.003949, 38.77975],
       [-123.004003, 38.779755],
       [-123.004003, 38.779771],
       [-123.003951, 38.779771],
       [-123.003989, 38.780206],
       [-123.004013, 38.780213]
      ]
     ],
     [
      [
       [-123.006183, 38.782092],
       [-123.006179, 38.782108],
       [-123.006125, 38.782109],
       [-123.006018, 38.782139],
       [-123.006018, 38.782154],
       [-123.005965, 38.782154],
       [-123.00586, 38.782185],
       [-123.00586, 38.7822],
       [-123.005805, 38.782201],
       [-123.005705, 38.782229],
       [-123.005705, 38.782244],
       [-123.005652, 38.782244],
       [-123.005553, 38.782273],
       [-123.005553, 38.782288],
       [-123.0055, 38.782288],
       [-123.005405, 38.782315],
       [-123.005405, 38.78233],
       [-123.005315, 38.782341],
       [-123.004842, 38.782518],
       [-123.004842, 38.782538],
       [-123.004822, 38.782539],
       [-123.004822, 38.782551],
       [-123.004769, 38.782552],
       [-123.004547, 38.782701],
       [-123.004577, 38.782703],
       [-123.004576, 38.782718],
       [-123.004555, 38.782718],
       [-123.004537, 38.782745],
       [-123.004484, 38.782745],
       [-123.004469, 38.782754],
       [-123.004244, 38.782717],
       [-123.004244, 38.782704],
       [-123.004188, 38.782701],
       [-123.004188, 38.782686],
       [-123.004033, 38.782616],
       [-123.003939, 38.782559],
       [-123.003885, 38.782557],
       [-123.003886, 38.782546],
       [-123.003867, 38.782546],
       [-123.003867, 38.782528],
       [-123.003895, 38.782528],
       [-123.003814, 38.78246],
       [-123.003721, 38.782356],
       [-123.003667, 38.782355],
       [-123.003667, 38.782346],
       [-123.003712, 38.782345],
       [-123.003636, 38.78222],
       [-123.0036, 38.782131],
       [-123.003547, 38.782131],
       [-123.003547, 38.782115],
       [-123.003596, 38.782115],
       [-123.003576, 38.782037],
       [-123.003578, 38.781942],
       [-123.003604, 38.781802],
       [-123.003636, 38.781709],
       [-123.003794, 38.781418],
       [-123.004016, 38.781106],
       [-123.00397, 38.781098],
       [-123.004026, 38.781094],
       [-123.004041, 38.781076],
       [-123.004004, 38.781076],
       [-123.004004, 38.781057],
       [-123.004019, 38.781057],
       [-123.004025, 38.781031],
       [-123.004046, 38.781023],
       [-123.004071, 38.780981],
       [-123.004086, 38.780981],
       [-123.004086, 38.780963],
       [-123.00414, 38.780963],
       [-123.004185, 38.780915],
       [-123.004145, 38.780913],
       [-123.004161, 38.780885],
       [-123.004178, 38.780885],
       [-123.004178, 38.780867],
       [-123.00428, 38.780866],
       [-123.00428, 38.780847],
       [-123.004213, 38.780846],
       [-123.004213, 38.78083],
       [-123.004273, 38.780825],
       [-123.004401, 38.780702],
       [-123.004737, 38.780821],
       [-123.004806, 38.780826],
       [-123.004806, 38.780842],
       [-123.004853, 38.780843],
       [-123.004864, 38.780861],
       [-123.004917, 38.780862],
       [-123.004917, 38.780875],
       [-123.005031, 38.780889],
       [-123.005062, 38.780907],
       [-123.005115, 38.780907],
       [-123.005115, 38.780917],
       [-123.005477, 38.780975],
       [-123.005477, 38.780984],
       [-123.005505, 38.780984],
       [-123.005506, 38.780995],
       [-123.005532, 38.780995],
       [-123.005532, 38.78101],
       [-123.005556, 38.78101],
       [-123.005579, 38.781025],
       [-123.005579, 38.781043],
       [-123.005599, 38.781043],
       [-123.005599, 38.781062],
       [-123.00556, 38.781063],
       [-123.00556, 38.781083],
       [-123.005631, 38.781083],
       [-123.005631, 38.781091],
       [-123.005582, 38.781092],
       [-123.006183, 38.782092]
      ]
     ],
     [
      [
       [-123.005929, 38.780771],
       [-123.006112, 38.781077],
       [-123.005934, 38.781137],
       [-123.005937, 38.781154],
       [-123.005762, 38.781156],
       [-123.005751, 38.781153],
       [-123.005799, 38.781153],
       [-123.005708, 38.781006],
       [-123.005641, 38.780936],
       [-123.005658, 38.780936],
       [-123.005658, 38.780918],
       [-123.00556, 38.780914],
       [-123.00556, 38.780907],
       [-123.005929, 38.780771]
      ]
     ],
     [
      [
       [-123.006606, 38.782125],
       [-123.006568, 38.782168],
       [-123.006545, 38.782168],
       [-123.006544, 38.782182],
       [-123.006555, 38.782183],
       [-123.006514, 38.782229],
       [-123.006404, 38.782169],
       [-123.005897, 38.781317],
       [-123.005883, 38.781307],
       [-123.00584, 38.781306],
       [-123.00584, 38.781277],
       [-123.00587, 38.781245],
       [-123.005935, 38.781239],
       [-123.006166, 38.781161],
       [-123.006206, 38.781241],
       [-123.00626, 38.781242],
       [-123.006291, 38.781313],
       [-123.006243, 38.781314],
       [-123.00651, 38.78185],
       [-123.006606, 38.782125]
      ]
     ]
    ]
   }
  },
  {
   "type": "Feature",
   "properties": {
    "kind": "zone",
    "category": "residential",
    "label": "Village residential (VR-3 to VR-5)",
    "source": "traced: Draft Esmeralda Specific Plan, Version 7 (City of Cloverdale, Sept 25, 2026; posted as revised 9/29/26), Figure 2-1, Land Use Districts, p. 16 (PDF p. 22)",
    "note": "Draft specific plan land use, not yet adopted. Detached and attached homes, senior housing and small neighborhood uses; up to 25 ft, net FAR 0.75, 4-15 homes per acre (Table 2-1, p. 18; Table 2-2, p. 20). VR-5A and VR-5B, east of the rail line, are an optional housing area. Heights are subject to the Airport Safety Zones and FAA Part 77 overlays, which can lower them. About 21.2 acres as drawn.",
    "stage": "entitlement"
   },
   "geometry": {
    "type": "MultiPolygon",
    "coordinates": [
     [
      [
       [-123.002304, 38.77977],
       [-123.001949, 38.77981],
       [-123.001916, 38.779825],
       [-123.001884, 38.779826],
       [-123.001884, 38.779835],
       [-123.001831, 38.779836],
       [-123.000904, 38.780179],
       [-123.000929, 38.780188],
       [-123.000846, 38.780195],
       [-122.999698, 38.780397],
       [-122.999698, 38.780406],
       [-122.999588, 38.780425],
       [-122.999588, 38.780438],
       [-122.999555, 38.780439],
       [-122.999555, 38.780453],
       [-122.999507, 38.78047],
       [-122.999469, 38.780511],
       [-122.999416, 38.780512],
       [-122.999392, 38.780535],
       [-122.999437, 38.780535],
       [-122.999437, 38.780544],
       [-122.999425, 38.780544],
       [-122.999425, 38.780559],
       [-122.999372, 38.78056],
       [-122.999354, 38.780584],
       [-122.999406, 38.780585],
       [-122.999353, 38.780586],
       [-122.999338, 38.780613],
       [-122.999387, 38.780613],
       [-122.999387, 38.780623],
       [-122.999379, 38.780641],
       [-122.999326, 38.780641],
       [-122.99932, 38.780662],
       [-122.999371, 38.780662],
       [-122.999371, 38.78067],
       [-122.999317, 38.78067],
       [-122.99931, 38.780729],
       [-122.999312, 38.780758],
       [-122.999365, 38.780759],
       [-122.999316, 38.780764],
       [-122.999314, 38.780775],
       [-122.999325, 38.780817],
       [-122.999378, 38.780818],
       [-122.999383, 38.780829],
       [-122.999383, 38.780845],
       [-122.999337, 38.780845],
       [-122.999351, 38.780873],
       [-122.999404, 38.780874],
       [-122.999404, 38.780893],
       [-122.999417, 38.780893],
       [-122.999368, 38.780899],
       [-122.999389, 38.780924],
       [-122.999412, 38.780947],
       [-122.999474, 38.780953],
       [-122.999474, 38.780969],
       [-122.999492, 38.780969],
       [-122.999492, 38.780988],
       [-122.999467, 38.780989],
       [-122.999507, 38.781014],
       [-122.99956, 38.781015],
       [-122.99956, 38.781034],
       [-122.999592, 38.781035],
       [-122.999592, 38.781053],
       [-122.999621, 38.781053],
       [-122.999621, 38.78107],
       [-122.999647, 38.78107],
       [-122.999647, 38.781084],
       [-122.999671, 38.781084],
       [-122.999671, 38.781097],
       [-122.999722, 38.781116],
       [-122.999742, 38.781138],
       [-122.999756, 38.781138],
       [-122.999756, 38.78115],
       [-122.999775, 38.78115],
       [-122.999775, 38.781164],
       [-122.999796, 38.781164],
       [-122.999797, 38.78118],
       [-122.999769, 38.78118],
       [-123.0002, 38.781454],
       [-123.000276, 38.78147],
       [-123.000276, 38.781486],
       [-123.000296, 38.781486],
       [-123.000296, 38.781504],
       [-123.000238, 38.781505],
       [-123.000238, 38.781524],
       [-123.000275, 38.781525],
       [-123.000374, 38.781725],
       [-123.000431, 38.781734],
       [-123.000431, 38.781755],
       [-123.000415, 38.781782],
       [-123.000399, 38.781782],
       [-123.000399, 38.781799],
       [-123.000311, 38.7818],
       [-123.000311, 38.781818],
       [-123.000333, 38.781819],
       [-123.000293, 38.781819],
       [-123.000293, 38.781838],
       [-123.000322, 38.781839],
       [-123.000312, 38.781903],
       [-123.000324, 38.781945],
       [-123.000284, 38.781946],
       [-123.000284, 38.781963],
       [-123.000334, 38.781965],
       [-123.000324, 38.781965],
       [-123.000324, 38.781983],
       [-123.0004, 38.781986],
       [-123.0004, 38.782002],
       [-123.000417, 38.782003],
       [-123.000416, 38.782018],
       [-123.000436, 38.782019],
       [-123.000436, 38.782032],
       [-123.000457, 38.782032],
       [-123.000457, 38.782043],
       [-123.000481, 38.782043],
       [-123.000481, 38.782051],
       [-123.00054, 38.782058],
       [-123.000506, 38.782061],
       [-123.00031, 38.78218],
       [-123.000123, 38.782062],
       [-123.000067, 38.782061],
       [-123.000043, 38.782033],
       [-123.000025, 38.782032],
       [-123.000025, 38.782019],
       [-123.000003, 38.782019],
       [-123.000003, 38.782003],
       [-122.999978, 38.782002],
       [-122.999979, 38.781986],
       [-122.999951, 38.781985],
       [-122.999952, 38.781969],
       [-123.000002, 38.781968],
       [-123.000003, 38.781951],
       [-122.999944, 38.781948],
       [-122.99997, 38.781948],
       [-122.99997, 38.78193],
       [-122.999911, 38.781928],
       [-122.999876, 38.781907],
       [-122.999777, 38.781844],
       [-122.999802, 38.781844],
       [-122.999802, 38.781825],
       [-122.999694, 38.781822],
       [-122.999694, 38.781805],
       [-122.999665, 38.781804],
       [-122.999665, 38.781788],
       [-122.999637, 38.781787],
       [-122.999595, 38.781751],
       [-122.999579, 38.781751],
       [-122.999579, 38.781741],
       [-122.999563, 38.781741],
       [-122.999563, 38.781732],
       [-122.999602, 38.781731],
       [-122.999289, 38.781534],
       [-122.999308, 38.781534],
       [-122.999308, 38.781515],
       [-122.999204, 38.781513],
       [-122.999204, 38.781495],
       [-122.999176, 38.781495],
       [-122.999176, 38.781478],
       [-122.999148, 38.781478],
       [-122.999148, 38.781463],
       [-122.999178, 38.781463],
       [-122.998745, 38.781189],
       [-122.998664, 38.781173],
       [-122.998664, 38.781159],
       [-122.998634, 38.781159],
       [-122.998634, 38.781148],
       [-122.998602, 38.781148],
       [-122.998602, 38.781139],
       [-122.998472, 38.781118],
       [-122.998472, 38.781107],
       [-122.998441, 38.781107],
       [-122.998441, 38.781094],
       [-122.998411, 38.781094],
       [-122.998411, 38.781079],
       [-122.998383, 38.781079],
       [-122.998383, 38.781063],
       [-122.998356, 38.781062],
       [-122.998356, 38.781044],
       [-122.998332, 38.781044],
       [-122.998332, 38.781025],
       [-122.998364, 38.781024],
       [-122.998338, 38.780999],
       [-122.998285, 38.780998],
       [-122.998285, 38.780979],
       [-122.998266, 38.780978],
       [-122.998266, 38.780964],
       [-122.998251, 38.780964],
       [-122.998299, 38.780958],
       [-122.998254, 38.780909],
       [-122.998195, 38.780903],
       [-122.998194, 38.780884],
       [-122.998232, 38.780883],
       [-122.998208, 38.780855],
       [-122.998154, 38.780855],
       [-122.998154, 38.780839],
       [-122.99814, 38.780839],
       [-122.99814, 38.780828],
       [-122.998184, 38.780827],
       [-122.998142, 38.780775],
       [-122.998088, 38.780775],
       [-122.998137, 38.780769],
       [-122.998072, 38.780681],
       [-122.998019, 38.78068],
       [-122.998074, 38.780673],
       [-122.998074, 38.780653],
       [-122.998001, 38.780652],
       [-122.99799, 38.780625],
       [-122.998038, 38.780624],
       [-122.998023, 38.780597],
       [-122.997997, 38.780597],
       [-122.998022, 38.780597],
       [-122.998011, 38.780572],
       [-122.997957, 38.780571],
       [-122.99795, 38.780557],
       [-122.99795, 38.780548],
       [-122.998, 38.780548],
       [-122.99799, 38.780524],
       [-122.997937, 38.780524],
       [-122.997928, 38.780496],
       [-122.997936, 38.780411],
       [-122.998002, 38.78041],
       [-122.998002, 38.78039],
       [-122.997958, 38.78039],
       [-122.997958, 38.780372],
       [-122.998011, 38.780371],
       [-122.998078, 38.780292],
       [-122.998199, 38.780184],
       [-122.998338, 38.780093],
       [-122.99844, 38.780043],
       [-123.002142, 38.779408],
       [-123.002304, 38.77977]
      ]
     ],
     [
      [
       [-123.00174, 38.78026],
       [-123.001721, 38.780308],
       [-123.001667, 38.780309],
       [-123.001631, 38.780355],
       [-123.001587, 38.780355],
       [-123.001587, 38.780375],
       [-123.00161, 38.780375],
       [-123.00155, 38.780488],
       [-123.0016, 38.780489],
       [-123.0016, 38.780498],
       [-123.001568, 38.780607],
       [-123.001515, 38.780607],
       [-123.001511, 38.780629],
       [-123.001561, 38.780629],
       [-123.00156, 38.780651],
       [-123.001507, 38.780651],
       [-123.001505, 38.780673],
       [-123.001558, 38.780673],
       [-123.001505, 38.780674],
       [-123.001506, 38.780697],
       [-123.00156, 38.780698],
       [-123.001506, 38.780698],
       [-123.001509, 38.780721],
       [-123.001563, 38.780721],
       [-123.00151, 38.780724],
       [-123.001518, 38.780744],
       [-123.001569, 38.780744],
       [-123.001579, 38.780772],
       [-123.001579, 38.780833],
       [-123.00155, 38.780886],
       [-123.001339, 38.780899],
       [-123.001293, 38.780908],
       [-123.001293, 38.780918],
       [-123.001227, 38.780921],
       [-123.001227, 38.780931],
       [-123.001162, 38.780935],
       [-123.001162, 38.780947],
       [-123.001097, 38.780951],
       [-123.001097, 38.780964],
       [-123.001033, 38.780965],
       [-123.001033, 38.780984],
       [-123.000971, 38.780984],
       [-123.000971, 38.781004],
       [-123.000918, 38.781004],
       [-123.000857, 38.781025],
       [-123.000879, 38.781025],
       [-123.000879, 38.781037],
       [-123.00085, 38.781037],
       [-123.00085, 38.781051],
       [-123.000823, 38.781051],
       [-123.000823, 38.781066],
       [-123.000797, 38.781067],
       [-123.000797, 38.781084],
       [-123.000715, 38.781085],
       [-123.00072, 38.781104],
       [-123.000681, 38.781147],
       [-123.00072, 38.781148],
       [-123.00072, 38.781165],
       [-123.000667, 38.781165],
       [-123.000617, 38.781252],
       [-123.000595, 38.781345],
       [-123.000543, 38.781345],
       [-123.000542, 38.781362],
       [-123.000647, 38.781367],
       [-123.000647, 38.781384],
       [-123.000595, 38.781384],
       [-123.000596, 38.781406],
       [-123.000622, 38.781408],
       [-123.000596, 38.781408],
       [-123.0006, 38.781429],
       [-123.000653, 38.781432],
       [-123.000655, 38.781452],
       [-123.00059, 38.781453],
       [-123.000589, 38.781469],
       [-123.000663, 38.781474],
       [-123.000613, 38.781478],
       [-123.000621, 38.7815],
       [-123.000665, 38.781504],
       [-123.000624, 38.781505],
       [-123.000742, 38.781689],
       [-123.000801, 38.781701],
       [-123.000824, 38.781733],
       [-123.000863, 38.781796],
       [-123.000863, 38.781806],
       [-123.000826, 38.78182],
       [-123.000663, 38.781822],
       [-123.000624, 38.781762],
       [-123.000481, 38.781718],
       [-123.000462, 38.781692],
       [-123.000509, 38.781691],
       [-123.000418, 38.781507],
       [-123.000379, 38.781502],
       [-123.000415, 38.781502],
       [-123.000404, 38.78148],
       [-123.000351, 38.781475],
       [-123.000404, 38.781472],
       [-123.000405, 38.781456],
       [-123.000333, 38.781451],
       [-123.000322, 38.781431],
       [-123.000365, 38.78143],
       [-123.000345, 38.78141],
       [-123.00032, 38.781408],
       [-123.000343, 38.781408],
       [-123.000317, 38.781387],
       [-123.000252, 38.781378],
       [-123.000252, 38.781368],
       [-123.00031, 38.781367],
       [-123.000311, 38.78135],
       [-123.000258, 38.781348],
       [-122.99998, 38.781171],
       [-122.999927, 38.78117],
       [-122.999927, 38.781154],
       [-122.999952, 38.781154],
       [-122.999917, 38.781132],
       [-122.999939, 38.781132],
       [-122.999939, 38.781113],
       [-122.999832, 38.781111],
       [-122.999832, 38.781093],
       [-122.999802, 38.781092],
       [-122.999802, 38.781075],
       [-122.999776, 38.781075],
       [-122.999776, 38.78106],
       [-122.99975, 38.78106],
       [-122.99975, 38.781046],
       [-122.99973, 38.781046],
       [-122.99973, 38.781035],
       [-122.999781, 38.781035],
       [-122.999781, 38.781015],
       [-122.99968, 38.781014],
       [-122.99968, 38.780995],
       [-122.999649, 38.780995],
       [-122.999649, 38.780977],
       [-122.99962, 38.780977],
       [-122.99962, 38.780961],
       [-122.999594, 38.780961],
       [-122.999594, 38.780946],
       [-122.99955, 38.780933],
       [-122.99955, 38.780915],
       [-122.999522, 38.780915],
       [-122.999503, 38.780903],
       [-122.999503, 38.780888],
       [-122.99948, 38.780888],
       [-122.99948, 38.78087],
       [-122.99946, 38.78087],
       [-122.99946, 38.780851],
       [-122.999443, 38.780851],
       [-122.999443, 38.780831],
       [-122.999428, 38.780831],
       [-122.999407, 38.780786],
       [-122.999402, 38.780763],
       [-122.999497, 38.780762],
       [-122.999496, 38.780742],
       [-122.999398, 38.780742],
       [-122.999452, 38.780739],
       [-122.999452, 38.780717],
       [-122.999398, 38.780716],
       [-122.999452, 38.780716],
       [-122.999456, 38.780692],
       [-122.999402, 38.780692],
       [-122.999456, 38.780691],
       [-122.999462, 38.78067],
       [-122.999411, 38.780669],
       [-122.999419, 38.780648],
       [-122.999473, 38.780647],
       [-122.999486, 38.780626],
       [-122.999515, 38.780626],
       [-122.999515, 38.780605],
       [-122.999466, 38.780605],
       [-122.999466, 38.780587],
       [-122.999487, 38.780585],
       [-122.999487, 38.780571],
       [-122.99951, 38.78057],
       [-122.99951, 38.780555],
       [-122.999528, 38.780555],
       [-122.999535, 38.780542],
       [-122.999561, 38.780542],
       [-122.999561, 38.780531],
       [-122.999907, 38.780474],
       [-122.999907, 38.780465],
       [-123.000132, 38.780434],
       [-123.000132, 38.780425],
       [-123.000353, 38.780395],
       [-123.000352, 38.780386],
       [-123.000477, 38.780373],
       [-123.000476, 38.780364],
       [-123.000607, 38.78035],
       [-123.000607, 38.780341],
       [-123.000749, 38.780325],
       [-123.000748, 38.780316],
       [-123.000823, 38.780312],
       [-123.000823, 38.780304],
       [-123.000911, 38.780289],
       [-123.000911, 38.78028],
       [-123.000951, 38.780279],
       [-123.000951, 38.780265],
       [-123.001004, 38.780265],
       [-123.001654, 38.780024],
       [-123.001697, 38.780098],
       [-123.001707, 38.780178],
       [-123.001692, 38.780258],
       [-123.00174, 38.78026]
      ]
     ],
     [
      [
       [-123.003009, 38.789763],
       [-123.002981, 38.789837],
       [-123.002928, 38.789838],
       [-123.002921, 38.789859],
       [-123.00292, 38.78988],
       [-123.002973, 38.789882],
       [-123.002973, 38.789902],
       [-123.00292, 38.789902],
       [-123.002932, 38.789943],
       [-123.002985, 38.789946],
       [-123.002991, 38.789955],
       [-123.002991, 38.789963],
       [-123.002943, 38.789963],
       [-123.002957, 38.789982],
       [-123.002676, 38.789953],
       [-123.002677, 38.789945],
       [-123.002646, 38.789944],
       [-123.002647, 38.789926],
       [-123.002576, 38.789905],
       [-123.002522, 38.789902],
       [-123.002523, 38.789889],
       [-123.002476, 38.789888],
       [-123.002521, 38.789884],
       [-123.002457, 38.789842],
       [-123.002404, 38.78984],
       [-123.002405, 38.789827],
       [-123.002381, 38.789827],
       [-123.002381, 38.789813],
       [-123.00236, 38.789812],
       [-123.00236, 38.789799],
       [-123.002339, 38.789798],
       [-123.002323, 38.789778],
       [-123.002291, 38.789768],
       [-123.002262, 38.789741],
       [-123.002302, 38.789741],
       [-123.002168, 38.789653],
       [-123.001867, 38.789594],
       [-123.001344, 38.789327],
       [-123.001154, 38.789033],
       [-123.000604, 38.788831],
       [-123.000473, 38.788752],
       [-123.000438, 38.788704],
       [-123.000385, 38.788704],
       [-123.000487, 38.788697],
       [-123.000552, 38.788682],
       [-123.000552, 38.788672],
       [-123.000582, 38.788672],
       [-123.000582, 38.788659],
       [-123.000635, 38.788658],
       [-123.000975, 38.788504],
       [-123.000959, 38.7885],
       [-123.00096, 38.788488],
       [-123.000993, 38.788487],
       [-123.000993, 38.788472],
       [-123.00107, 38.788444],
       [-123.001131, 38.788434],
       [-123.0013, 38.788436],
       [-123.001397, 38.788461],
       [-123.001397, 38.78847],
       [-123.001417, 38.78847],
       [-123.001416, 38.788484],
       [-123.001441, 38.788485],
       [-123.001441, 38.7885],
       [-123.001411, 38.7885],
       [-123.001597, 38.78865],
       [-123.001664, 38.788663],
       [-123.001664, 38.788673],
       [-123.001695, 38.788687],
       [-123.001649, 38.788693],
       [-123.002937, 38.789735],
       [-123.002999, 38.789744],
       [-123.003009, 38.789763]
      ]
     ],
     [
      [
       [-123.003747, 38.789702],
       [-123.003706, 38.789731],
       [-123.00369, 38.789731],
       [-123.00369, 38.789742],
       [-123.003671, 38.789743],
       [-123.003671, 38.789757],
       [-123.003649, 38.789757],
       [-123.003648, 38.789772],
       [-123.003556, 38.789773],
       [-123.003556, 38.78979],
       [-123.00357, 38.78979],
       [-123.003337, 38.789957],
       [-123.003357, 38.789873],
       [-123.003335, 38.789811],
       [-123.003362, 38.789811],
       [-123.003363, 38.789796],
       [-123.003269, 38.789789],
       [-123.003253, 38.789758],
       [-123.003234, 38.789757],
       [-123.003234, 38.789746],
       [-123.003213, 38.789745],
       [-123.003213, 38.789735],
       [-123.00319, 38.789734],
       [-123.00319, 38.789726],
       [-123.003042, 38.789703],
       [-123.003088, 38.789697],
       [-123.001484, 38.788403],
       [-123.001431, 38.788402],
       [-123.001431, 38.788384],
       [-123.001401, 38.788384],
       [-123.001401, 38.788367],
       [-123.001368, 38.788367],
       [-123.001368, 38.788354],
       [-123.001334, 38.788353],
       [-123.001334, 38.788342],
       [-123.001299, 38.788342],
       [-123.001299, 38.788333],
       [-123.001262, 38.788327],
       [-123.001068, 38.788329],
       [-123.001087, 38.788336],
       [-123.001021, 38.788354],
       [-123.001966, 38.787681],
       [-123.002468, 38.78819],
       [-123.002597, 38.78831],
       [-123.002619, 38.788311],
       [-123.002703, 38.788392],
       [-123.002687, 38.788392],
       [-123.002872, 38.788554],
       [-123.003297, 38.788902],
       [-123.004032, 38.789461],
       [-123.0037, 38.789698],
       [-123.003747, 38.789702]
      ]
     ]
    ]
   }
  },
  {
   "type": "Feature",
   "properties": {
    "kind": "zone",
    "category": "open-space",
    "label": "Open space recreation (OSR)",
    "source": "traced: Draft Esmeralda Specific Plan, Version 7 (City of Cloverdale, Sept 25, 2026; posted as revised 9/29/26), Figure 2-1, Land Use Districts, p. 16 (PDF p. 22)",
    "note": "Draft specific plan land use, not yet adopted. Sports fields, playgrounds, picnic areas, gardens, farming and trails, including the 4.75-acre public sports park (OSR-1); an amphitheater only with a use permit; structures up to 15 ft (Table 2-1, p. 18; Table 2-2, p. 20). Heights are subject to the Airport Safety Zones and FAA Part 77 overlays, which can lower them. About 38.6 acres as drawn.",
    "stage": "entitlement"
   },
   "geometry": {
    "type": "MultiPolygon",
    "coordinates": [
     [
      [
       [-122.999472, 38.788708],
       [-122.999459, 38.788672],
       [-122.999366, 38.788592],
       [-122.999368, 38.788557],
       [-122.999318, 38.788513],
       [-122.999319, 38.788502],
       [-122.999289, 38.788501],
       [-122.999245, 38.788464],
       [-122.999247, 38.78844],
       [-122.999196, 38.788409],
       [-122.999198, 38.788373],
       [-122.999153, 38.78836],
       [-122.999075, 38.78828],
       [-122.99905, 38.788197],
       [-122.999, 38.788154],
       [-122.998962, 38.788146],
       [-122.998926, 38.788115],
       [-122.998928, 38.788092],
       [-122.998842, 38.788018],
       [-122.998827, 38.788017],
       [-122.998813, 38.787993],
       [-122.99872, 38.787913],
       [-122.998721, 38.78789],
       [-122.998691, 38.787888],
       [-122.99859, 38.787802],
       [-122.998591, 38.78779],
       [-122.998318, 38.787556],
       [-122.998312, 38.787526],
       [-122.998283, 38.787513],
       [-122.998103, 38.787359],
       [-122.998098, 38.78733],
       [-122.99806, 38.787322],
       [-122.998032, 38.787286],
       [-122.998017, 38.787285],
       [-122.997716, 38.787015],
       [-122.997717, 38.787003],
       [-122.997545, 38.786855],
       [-122.997525, 38.786801],
       [-122.997473, 38.786793],
       [-122.99733, 38.786658],
       [-122.997122, 38.786355],
       [-122.997116, 38.786314],
       [-122.99708, 38.786295],
       [-122.997018, 38.786192],
       [-122.996989, 38.786168],
       [-122.996976, 38.786132],
       [-122.99694, 38.786101],
       [-122.996927, 38.786065],
       [-122.996906, 38.786046],
       [-122.996908, 38.786011],
       [-122.996857, 38.78598],
       [-122.996858, 38.785956],
       [-122.996823, 38.785925],
       [-122.996817, 38.785896],
       [-122.996789, 38.785859],
       [-122.99679, 38.785836],
       [-122.996748, 38.785787],
       [-122.99675, 38.785751],
       [-122.996707, 38.785714],
       [-122.996709, 38.785679],
       [-122.996666, 38.785642],
       [-122.996667, 38.785619],
       [-122.996625, 38.78557],
       [-122.996556, 38.785449],
       [-122.996558, 38.785426],
       [-122.996529, 38.785401],
       [-122.996524, 38.785359],
       [-122.996488, 38.785329],
       [-122.996489, 38.785305],
       [-122.996461, 38.78528],
       [-122.996392, 38.78516],
       [-122.996367, 38.785088],
       [-122.996338, 38.785063],
       [-122.996326, 38.785016],
       [-122.996297, 38.784991],
       [-122.996198, 38.784745],
       [-122.9962, 38.78471],
       [-122.996173, 38.784662],
       [-122.996174, 38.78465],
       [-122.996229, 38.784611],
       [-122.996275, 38.784589],
       [-122.996414, 38.784546],
       [-122.996469, 38.784507],
       [-122.996569, 38.784469],
       [-122.996601, 38.784447],
       [-122.996646, 38.784437],
       [-122.996717, 38.784398],
       [-122.996972, 38.784295],
       [-122.997003, 38.784272],
       [-122.997212, 38.784191],
       [-122.997259, 38.784158],
       [-122.997297, 38.784153],
       [-122.997328, 38.784131],
       [-122.997374, 38.784121],
       [-122.997422, 38.784087],
       [-122.99746, 38.784082],
       [-122.997584, 38.784016],
       [-122.997622, 38.784011],
       [-122.997662, 38.783983],
       [-122.997785, 38.783941],
       [-122.997824, 38.783912],
       [-122.998025, 38.783837],
       [-122.998149, 38.783771],
       [-122.998202, 38.783767],
       [-122.998296, 38.783711],
       [-122.998335, 38.783695],
       [-122.998365, 38.783696],
       [-122.998412, 38.783662],
       [-122.998559, 38.783602],
       [-122.998756, 38.783846],
       [-122.998769, 38.783882],
       [-122.998847, 38.783961],
       [-122.998867, 38.784003],
       [-122.998903, 38.784034],
       [-122.999043, 38.784228],
       [-122.9991, 38.784277],
       [-122.99913, 38.784279],
       [-122.999371, 38.784163],
       [-122.999386, 38.784164],
       [-122.999436, 38.784207],
       [-122.999561, 38.784389],
       [-122.999545, 38.784412],
       [-122.999602, 38.784461],
       [-122.999594, 38.784478],
       [-122.999658, 38.784534],
       [-122.999642, 38.784557],
       [-122.999707, 38.784612],
       [-122.999698, 38.78463],
       [-122.999763, 38.784685],
       [-122.999754, 38.784703],
       [-122.999812, 38.784752],
       [-122.999795, 38.784775],
       [-122.99986, 38.784831],
       [-122.999851, 38.784848],
       [-122.999916, 38.784903],
       [-122.999899, 38.784926],
       [-122.999964, 38.784982],
       [-122.999955, 38.784999],
       [-123.000013, 38.785049],
       [-122.999996, 38.785072],
       [-123.000061, 38.785127],
       [-123.000052, 38.785145],
       [-123.000117, 38.7852],
       [-123.000109, 38.785217],
       [-123.000159, 38.785261],
       [-123.000262, 38.785424],
       [-123.000298, 38.785455],
       [-123.000304, 38.785484],
       [-123.00045, 38.785696],
       [-123.000486, 38.785727],
       [-123.000484, 38.785751],
       [-123.000604, 38.785903],
       [-123.000756, 38.786144],
       [-123.000791, 38.786175],
       [-123.000797, 38.786205],
       [-123.000826, 38.78623],
       [-123.000839, 38.786265],
       [-123.000964, 38.786447],
       [-123.000993, 38.786472],
       [-123.001006, 38.786508],
       [-123.00107, 38.786576],
       [-123.001083, 38.786611],
       [-123.001111, 38.786635],
       [-123.001229, 38.786811],
       [-123.001272, 38.786853],
       [-123.001278, 38.786878],
       [-123.001307, 38.786902],
       [-123.001404, 38.787048],
       [-123.001582, 38.787248],
       [-123.001251, 38.787461],
       [-123.001236, 38.787461],
       [-123.00111, 38.787551],
       [-123.001095, 38.78755],
       [-123.000977, 38.787634],
       [-123.000962, 38.787634],
       [-123.000836, 38.787724],
       [-123.000821, 38.787723],
       [-123.000695, 38.787813],
       [-123.00068, 38.787813],
       [-123.000562, 38.787897],
       [-123.000546, 38.787896],
       [-123.00042, 38.787986],
       [-123.000405, 38.787986],
       [-123.000287, 38.78807],
       [-123.000272, 38.78807],
       [-123.000146, 38.78816],
       [-123.000131, 38.788159],
       [-123.000013, 38.788243],
       [-122.999912, 38.788293],
       [-122.999825, 38.788355],
       [-122.99981, 38.788354],
       [-122.999724, 38.788416],
       [-122.999723, 38.788428],
       [-122.999809, 38.788502],
       [-122.999793, 38.788525],
       [-122.999807, 38.788537],
       [-122.99976, 38.788571],
       [-122.999714, 38.788581],
       [-122.999502, 38.788721],
       [-122.999472, 38.788708]
      ]
     ],
     [
      [
       [-123.00358, 38.781871],
       [-123.003557, 38.781888],
       [-123.003534, 38.781881],
       [-123.00352, 38.781869],
       [-123.003529, 38.781851],
       [-123.003491, 38.781844],
       [-123.003413, 38.781764],
       [-123.003429, 38.781741],
       [-123.003298, 38.781666],
       [-123.003314, 38.781654],
       [-123.003359, 38.781656],
       [-123.003423, 38.781587],
       [-123.00344, 38.781564],
       [-123.003441, 38.781541],
       [-123.003427, 38.781529],
       [-123.003458, 38.781506],
       [-123.003496, 38.781502],
       [-123.003497, 38.78149],
       [-123.003468, 38.781477],
       [-123.003476, 38.781459],
       [-123.003546, 38.781421],
       [-123.003533, 38.781397],
       [-123.003655, 38.781242],
       [-123.003714, 38.781131],
       [-123.003738, 38.781115],
       [-123.003776, 38.78111],
       [-123.003779, 38.781063],
       [-123.003802, 38.781046],
       [-123.003804, 38.781023],
       [-123.003767, 38.781003],
       [-123.003769, 38.780968],
       [-123.003796, 38.780892],
       [-123.003835, 38.780876],
       [-123.003836, 38.780864],
       [-123.003806, 38.780851],
       [-123.003822, 38.78084],
       [-123.003867, 38.780842],
       [-123.003861, 38.780812],
       [-123.003832, 38.780799],
       [-123.003841, 38.780782],
       [-123.003856, 38.780771],
       [-123.003894, 38.780778],
       [-123.003895, 38.780754],
       [-123.003866, 38.780741],
       [-123.003904, 38.780725],
       [-123.003891, 38.780701],
       [-123.003929, 38.780685],
       [-123.003916, 38.78066],
       [-123.003954, 38.780644],
       [-123.003941, 38.78062],
       [-123.003956, 38.780609],
       [-123.00401, 38.780605],
       [-123.004003, 38.780587],
       [-123.004042, 38.780571],
       [-123.004066, 38.780542],
       [-123.004081, 38.780542],
       [-123.004114, 38.780496],
       [-123.004135, 38.780527],
       [-123.004126, 38.780556],
       [-123.004169, 38.780593],
       [-123.004221, 38.780601],
       [-123.004278, 38.78065],
       [-123.004277, 38.780673],
       [-123.004329, 38.780693],
       [-123.004365, 38.780724],
       [-123.004261, 38.780821],
       [-123.004208, 38.780825],
       [-123.004206, 38.780848],
       [-123.004152, 38.780876],
       [-123.004136, 38.780899],
       [-123.004134, 38.780922],
       [-123.004156, 38.780941],
       [-123.004132, 38.780958],
       [-123.004079, 38.780962],
       [-123.004055, 38.780978],
       [-123.003998, 38.781053],
       [-123.004004, 38.781083],
       [-123.003988, 38.781094],
       [-123.003958, 38.781093],
       [-123.003957, 38.781105],
       [-123.003994, 38.781124],
       [-123.003897, 38.781238],
       [-123.003846, 38.781331],
       [-123.003748, 38.781457],
       [-123.003629, 38.781689],
       [-123.003593, 38.781783],
       [-123.00358, 38.781871]
      ]
     ],
     [
      [
       [-123.009048, 38.785871],
       [-123.007852, 38.786744],
       [-123.0078, 38.786756],
       [-123.007708, 38.786733],
       [-123.007696, 38.786741],
       [-123.006873, 38.786035],
       [-123.008236, 38.78505],
       [-123.008466, 38.785259],
       [-123.008465, 38.785271],
       [-123.008601, 38.7854],
       [-123.0086, 38.785412],
       [-123.008708, 38.785504],
       [-123.008742, 38.785559],
       [-123.008935, 38.785737],
       [-123.008935, 38.785749],
       [-123.008992, 38.785798],
       [-123.009048, 38.785871]
      ]
     ]
    ]
   }
  },
  {
   "type": "Feature",
   "properties": {
    "kind": "zone",
    "category": "open-space",
    "label": "Open space conservation (OSC)",
    "source": "traced: Draft Esmeralda Specific Plan, Version 7 (City of Cloverdale, Sept 25, 2026; posted as revised 9/29/26), Figure 2-1, Land Use Districts, p. 16 (PDF p. 22)",
    "note": "Draft specific plan land use, not yet adopted. Habitat protection and restoration along the Russian River and in the groves, with trails and small utility structures; up to 15 ft, tree houses in the Hilltop Overlay up to 20 ft (Table 2-1, p. 18; Table 2-2, p. 20). The plan puts the district at 123 acres (Table 2-2 note; Figure 2-2 on p. 21 says 93.4). Heights are subject to the Airport Safety Zones and FAA Part 77 overlays, which can lower them. About 117.3 acres as drawn.",
    "stage": "entitlement"
   },
   "geometry": {
    "type": "MultiPolygon",
    "coordinates": [
     [
      [
       [-123.001581, 38.791354],
       [-122.998514, 38.789213],
       [-122.996619, 38.787977],
       [-122.995454, 38.785673],
       [-122.995294, 38.785691],
       [-122.995254, 38.785656],
       [-122.995239, 38.785655],
       [-122.995223, 38.785667],
       [-122.994752, 38.78572],
       [-122.994661, 38.785741],
       [-122.9946, 38.785739],
       [-122.994585, 38.78575],
       [-122.994463, 38.785757],
       [-122.994319, 38.785782],
       [-122.99429, 38.785757],
       [-122.99427, 38.785579],
       [-122.994249, 38.785549],
       [-122.994259, 38.785508],
       [-122.994238, 38.785489],
       [-122.994248, 38.785448],
       [-122.994226, 38.78543],
       [-122.994242, 38.785419],
       [-122.994233, 38.785324],
       [-122.994221, 38.785264],
       [-122.994199, 38.785246],
       [-122.994215, 38.785235],
       [-122.994218, 38.785187],
       [-122.994204, 38.785175],
       [-122.994206, 38.78514],
       [-122.994184, 38.785121],
       [-122.994201, 38.785098],
       [-122.994179, 38.784956],
       [-122.994157, 38.784937],
       [-122.994174, 38.784914],
       [-122.994154, 38.784872],
       [-122.994163, 38.784843],
       [-122.994142, 38.784813],
       [-122.994152, 38.784772],
       [-122.994136, 38.784659],
       [-122.994115, 38.784629],
       [-122.994125, 38.784588],
       [-122.994104, 38.784569],
       [-122.99412, 38.784546],
       [-122.9941, 38.784504],
       [-122.994109, 38.784475],
       [-122.994087, 38.784332],
       [-122.994073, 38.78432],
       [-122.994082, 38.784291],
       [-122.994061, 38.78426],
       [-122.994071, 38.78422],
       [-122.994058, 38.784195],
       [-122.994061, 38.784136],
       [-122.994031, 38.784011],
       [-122.994034, 38.783964],
       [-122.994019, 38.783952],
       [-122.994029, 38.783923],
       [-122.994008, 38.783768],
       [-122.993996, 38.783709],
       [-122.993982, 38.783697],
       [-122.993992, 38.783656],
       [-122.99397, 38.783637],
       [-122.99398, 38.783596],
       [-122.993958, 38.783578],
       [-122.993974, 38.783566],
       [-122.993976, 38.783543],
       [-122.993957, 38.783477],
       [-122.993954, 38.7834],
       [-122.99394, 38.783388],
       [-122.993942, 38.783341],
       [-122.993928, 38.783329],
       [-122.993937, 38.783299],
       [-122.993916, 38.783269],
       [-122.993933, 38.783246],
       [-122.993914, 38.78318],
       [-122.993911, 38.783104],
       [-122.99389, 38.783085],
       [-122.993906, 38.783062],
       [-122.993886, 38.78302],
       [-122.993895, 38.782991],
       [-122.993874, 38.78296],
       [-122.993885, 38.782908],
       [-122.993868, 38.782807],
       [-122.993847, 38.782776],
       [-122.993857, 38.782735],
       [-122.993836, 38.782717],
       [-122.993852, 38.782694],
       [-122.993832, 38.782652],
       [-122.993841, 38.782623],
       [-122.99382, 38.78248],
       [-122.993805, 38.782468],
       [-122.993815, 38.782439],
       [-122.993804, 38.782356],
       [-122.99379, 38.782343],
       [-122.993799, 38.782326],
       [-122.993778, 38.782172],
       [-122.993756, 38.782153],
       [-122.993766, 38.782112],
       [-122.993744, 38.782094],
       [-122.993761, 38.782071],
       [-122.993741, 38.782029],
       [-122.993751, 38.781988],
       [-122.993728, 38.781857],
       [-122.993714, 38.781845],
       [-122.993724, 38.781804],
       [-122.993702, 38.781785],
       [-122.993719, 38.781762],
       [-122.993699, 38.78172],
       [-122.993708, 38.781691],
       [-122.993686, 38.781548],
       [-122.993672, 38.781536],
       [-122.993675, 38.781489],
       [-122.99366, 38.781476],
       [-122.99367, 38.781435],
       [-122.993649, 38.781417],
       [-122.993665, 38.781394],
       [-122.993643, 38.781251],
       [-122.993624, 38.781235],
       [-122.993638, 38.78121],
       [-122.993618, 38.781168],
       [-122.993627, 38.781139],
       [-122.993607, 38.781108],
       [-122.993616, 38.781067],
       [-122.993588, 38.780907],
       [-122.993611, 38.780879],
       [-122.993853, 38.780837],
       [-122.993893, 38.780859],
       [-122.993946, 38.780821],
       [-122.994764, 38.780678],
       [-122.994785, 38.780696],
       [-122.994815, 38.780697],
       [-122.994867, 38.78066],
       [-122.994956, 38.780645],
       [-122.994991, 38.780662],
       [-122.995035, 38.780631],
       [-122.995243, 38.780595],
       [-122.995266, 38.780602],
       [-122.995286, 38.780587],
       [-122.995483, 38.780553],
       [-122.99551, 38.780563],
       [-122.995537, 38.780544],
       [-122.995627, 38.780528],
       [-122.995675, 38.780569],
       [-122.99569, 38.78057],
       [-122.995799, 38.780526],
       [-122.995837, 38.780522],
       [-122.995893, 38.780482],
       [-122.995937, 38.780484],
       [-122.995956, 38.780471],
       [-122.996119, 38.780442],
       [-122.99615, 38.780456],
       [-122.996197, 38.780429],
       [-122.996241, 38.780448],
       [-122.996291, 38.780412],
       [-122.996694, 38.780342],
       [-122.996722, 38.780353],
       [-122.996751, 38.780332],
       [-122.996814, 38.780321],
       [-122.996857, 38.780358],
       [-122.996931, 38.780508],
       [-122.99696, 38.780533],
       [-122.997041, 38.780701],
       [-122.997062, 38.78072],
       [-122.99706, 38.780755],
       [-122.997117, 38.780804],
       [-122.99713, 38.78084],
       [-122.997152, 38.780859],
       [-122.99715, 38.780894],
       [-122.9972, 38.780937],
       [-122.997248, 38.781028],
       [-122.997339, 38.781143],
       [-122.997345, 38.781173],
       [-122.997373, 38.781197],
       [-122.997428, 38.781294],
       [-122.997498, 38.781379],
       [-122.997595, 38.781536],
       [-122.997672, 38.781628],
       [-122.997782, 38.781809],
       [-122.997818, 38.78184],
       [-122.997816, 38.781875],
       [-122.997866, 38.781918],
       [-122.998012, 38.78213],
       [-122.998033, 38.782172],
       [-122.998024, 38.782189],
       [-122.998096, 38.782251],
       [-122.99815, 38.782348],
       [-122.998228, 38.782439],
       [-122.998296, 38.782571],
       [-122.998346, 38.782614],
       [-122.998352, 38.782644],
       [-122.99838, 38.782669],
       [-122.998371, 38.782698],
       [-122.998407, 38.782729],
       [-122.998398, 38.782746],
       [-122.998492, 38.782826],
       [-122.998575, 38.782948],
       [-122.998595, 38.783001],
       [-122.998679, 38.783099],
       [-122.998797, 38.783286],
       [-122.998909, 38.783432],
       [-122.998921, 38.78348],
       [-122.998964, 38.783517],
       [-122.999068, 38.78368],
       [-122.999096, 38.783705],
       [-122.999095, 38.783728],
       [-122.999138, 38.783765],
       [-122.999144, 38.783795],
       [-122.999173, 38.783819],
       [-122.999248, 38.783946],
       [-122.999326, 38.784038],
       [-122.999345, 38.784091],
       [-122.99938, 38.784134],
       [-122.999348, 38.784168],
       [-122.999108, 38.784272],
       [-122.999051, 38.784223],
       [-122.998911, 38.784029],
       [-122.998875, 38.783998],
       [-122.998855, 38.783956],
       [-122.998777, 38.783876],
       [-122.998764, 38.78384],
       [-122.998644, 38.7837],
       [-122.998589, 38.783615],
       [-122.998552, 38.783596],
       [-122.998405, 38.783656],
       [-122.998358, 38.78369],
       [-122.998328, 38.783689],
       [-122.99825, 38.783733],
       [-122.998142, 38.783765],
       [-122.998018, 38.783831],
       [-122.997817, 38.783906],
       [-122.9977, 38.783967],
       [-122.997654, 38.783977],
       [-122.997615, 38.784005],
       [-122.997577, 38.78401],
       [-122.997452, 38.784076],
       [-122.997414, 38.784081],
       [-122.997367, 38.784114],
       [-122.997321, 38.784125],
       [-122.99729, 38.784147],
       [-122.997252, 38.784152],
       [-122.997204, 38.784185],
       [-122.996996, 38.784266],
       [-122.996678, 38.784414],
       [-122.996593, 38.784441],
       [-122.996562, 38.784463],
       [-122.996462, 38.784501],
       [-122.996406, 38.78454],
       [-122.996268, 38.784582],
       [-122.996166, 38.784644],
       [-122.996171, 38.784685],
       [-122.996192, 38.784716],
       [-122.99619, 38.784751],
       [-122.996289, 38.784997],
       [-122.996318, 38.785021],
       [-122.99633, 38.785069],
       [-122.996359, 38.785094],
       [-122.996371, 38.785141],
       [-122.996453, 38.785286],
       [-122.996482, 38.785311],
       [-122.99648, 38.785334],
       [-122.996516, 38.785365],
       [-122.996521, 38.785407],
       [-122.99655, 38.785431],
       [-122.996549, 38.785455],
       [-122.996631, 38.785599],
       [-122.996659, 38.785624],
       [-122.996658, 38.785648],
       [-122.996701, 38.785685],
       [-122.996699, 38.78572],
       [-122.996742, 38.785757],
       [-122.99674, 38.785792],
       [-122.996782, 38.785841],
       [-122.996781, 38.785865],
       [-122.996809, 38.785901],
       [-122.996815, 38.785931],
       [-122.996851, 38.785962],
       [-122.996849, 38.785985],
       [-122.996899, 38.786028],
       [-122.996898, 38.786052],
       [-122.99692, 38.786071],
       [-122.996933, 38.786106],
       [-122.996968, 38.786137],
       [-122.996981, 38.786173],
       [-122.99701, 38.786198],
       [-122.997072, 38.7863],
       [-122.997108, 38.786331],
       [-122.997114, 38.786361],
       [-122.997322, 38.786664],
       [-122.997465, 38.786799],
       [-122.997495, 38.7868],
       [-122.997524, 38.786825],
       [-122.997537, 38.786861],
       [-122.997953, 38.78723],
       [-122.997952, 38.787242],
       [-122.998052, 38.787328],
       [-122.998068, 38.787329],
       [-122.998096, 38.787365],
       [-122.998275, 38.787519],
       [-122.998305, 38.787532],
       [-122.99831, 38.787562],
       [-122.998583, 38.787796],
       [-122.998582, 38.787808],
       [-122.998683, 38.787894],
       [-122.998712, 38.787907],
       [-122.998712, 38.787919],
       [-122.998805, 38.787999],
       [-122.998804, 38.788011],
       [-122.99892, 38.788097],
       [-122.998919, 38.788121],
       [-122.998955, 38.788152],
       [-122.998992, 38.788159],
       [-122.999042, 38.788202],
       [-122.999067, 38.788286],
       [-122.999146, 38.788365],
       [-122.999189, 38.788391],
       [-122.999188, 38.788414],
       [-122.999238, 38.788457],
       [-122.999238, 38.788469],
       [-122.99936, 38.788562],
       [-122.999358, 38.788598],
       [-122.999394, 38.788628],
       [-122.999393, 38.78864],
       [-122.999452, 38.788678],
       [-122.999479, 38.788726],
       [-122.999509, 38.788727],
       [-122.999556, 38.788705],
       [-122.999721, 38.788587],
       [-122.999806, 38.788561],
       [-122.999815, 38.788531],
       [-122.999801, 38.788519],
       [-122.999816, 38.788508],
       [-122.999894, 38.788475],
       [-122.999938, 38.788489],
       [-122.999996, 38.788526],
       [-122.999995, 38.78855],
       [-123.000059, 38.788605],
       [-123.00009, 38.788606],
       [-123.000111, 38.788625],
       [-123.00011, 38.788648],
       [-123.000154, 38.788662],
       [-123.000176, 38.78868],
       [-123.000243, 38.788689],
       [-123.000258, 38.788701],
       [-123.00043, 38.788713],
       [-123.00048, 38.788768],
       [-123.000604, 38.788837],
       [-123.001136, 38.789034],
       [-123.001351, 38.789343],
       [-123.001827, 38.78959],
       [-123.001879, 38.78961],
       [-123.002088, 38.789641],
       [-123.002103, 38.789653],
       [-123.002163, 38.789656],
       [-123.002264, 38.78973],
       [-123.002248, 38.789753],
       [-123.002263, 38.789754],
       [-123.002313, 38.789797],
       [-123.002401, 38.789847],
       [-123.002468, 38.789856],
       [-123.002482, 38.789868],
       [-123.002466, 38.789891],
       [-123.002496, 38.789892],
       [-123.002518, 38.789911],
       [-123.002622, 38.789926],
       [-123.002636, 38.78995],
       [-123.002891, 38.789983],
       [-123.002948, 38.790032],
       [-123.003022, 38.790059],
       [-123.003203, 38.790065],
       [-123.003325, 38.790034],
       [-123.003397, 38.789972],
       [-123.003415, 38.789913],
       [-123.003612, 38.789773],
       [-123.003657, 38.789775],
       [-123.003752, 38.789707],
       [-123.003738, 38.789683],
       [-123.004041, 38.789467],
       [-123.0041, 38.789513],
       [-123.00303, 38.79029],
       [-123.003062, 38.790324],
       [-123.002856, 38.79047],
       [-123.00285, 38.790464],
       [-123.001581, 38.791354]
      ]
     ],
     [
      [
       [-122.998321, 38.780092],
       [-122.998266, 38.780131],
       [-122.998251, 38.780131],
       [-122.998093, 38.780255],
       [-122.998019, 38.780353],
       [-122.997981, 38.780369],
       [-122.99795, 38.780368],
       [-122.997949, 38.780392],
       [-122.997917, 38.780426],
       [-122.997914, 38.780473],
       [-122.997946, 38.780575],
       [-122.997976, 38.780576],
       [-122.99799, 38.780588],
       [-122.997997, 38.780606],
       [-122.997981, 38.780617],
       [-122.99798, 38.780641],
       [-122.998015, 38.780683],
       [-122.998045, 38.780684],
       [-122.998088, 38.780721],
       [-122.998109, 38.780752],
       [-122.998078, 38.780762],
       [-122.998077, 38.780774],
       [-122.99813, 38.780782],
       [-122.998166, 38.780813],
       [-122.998135, 38.780823],
       [-122.998133, 38.780847],
       [-122.998192, 38.780873],
       [-122.998183, 38.780902],
       [-122.998197, 38.780914],
       [-122.998242, 38.780916],
       [-122.998271, 38.780941],
       [-122.99824, 38.780951],
       [-122.99824, 38.780963],
       [-122.998276, 38.780994],
       [-122.998275, 38.781006],
       [-122.998305, 38.781007],
       [-122.998319, 38.781019],
       [-122.998318, 38.781043],
       [-122.998347, 38.781067],
       [-122.998427, 38.781112],
       [-122.998479, 38.781119],
       [-122.998494, 38.781132],
       [-122.998576, 38.781141],
       [-122.998591, 38.781153],
       [-122.998621, 38.781154],
       [-122.998649, 38.781179],
       [-122.998717, 38.781187],
       [-122.998776, 38.781213],
       [-122.999088, 38.781419],
       [-122.999103, 38.781419],
       [-122.999146, 38.781456],
       [-122.999137, 38.781486],
       [-122.999181, 38.781499],
       [-122.999195, 38.781523],
       [-122.999263, 38.78152],
       [-122.999335, 38.781581],
       [-122.999517, 38.781688],
       [-122.99956, 38.781725],
       [-122.999559, 38.781749],
       [-122.999682, 38.78183],
       [-122.999743, 38.781832],
       [-122.999771, 38.781857],
       [-122.999823, 38.781877],
       [-122.999873, 38.78192],
       [-122.999918, 38.781933],
       [-122.999946, 38.781958],
       [-122.999944, 38.781993],
       [-122.999959, 38.781994],
       [-123.000017, 38.782043],
       [-123.000061, 38.782068],
       [-123.000114, 38.782064],
       [-123.000302, 38.782189],
       [-123.000372, 38.782162],
       [-123.000521, 38.782067],
       [-123.000649, 38.782066],
       [-123.000719, 38.782039],
       [-123.00079, 38.781977],
       [-123.000807, 38.781942],
       [-123.000795, 38.781894],
       [-123.00085, 38.781855],
       [-123.000918, 38.781851],
       [-123.001011, 38.781819],
       [-123.001115, 38.781835],
       [-123.001181, 38.781867],
       [-123.001195, 38.781891],
       [-123.001248, 38.781887],
       [-123.001284, 38.781918],
       [-123.001279, 38.782],
       [-123.001338, 38.782026],
       [-123.001328, 38.782067],
       [-123.001357, 38.782091],
       [-123.001348, 38.782121],
       [-123.001368, 38.782163],
       [-123.001382, 38.782311],
       [-123.001363, 38.782369],
       [-123.001368, 38.782411],
       [-123.001352, 38.782422],
       [-123.001357, 38.782464],
       [-123.001327, 38.782474],
       [-123.001348, 38.782505],
       [-123.001329, 38.782563],
       [-123.001225, 38.782784],
       [-123.001179, 38.782805],
       [-123.001185, 38.782823],
       [-123.001152, 38.782881],
       [-123.001073, 38.782937],
       [-123.00102, 38.782941],
       [-123.000981, 38.78297],
       [-123.000966, 38.782969],
       [-123.000949, 38.782992],
       [-123.000842, 38.783012],
       [-123.00081, 38.783046],
       [-123.00075, 38.783044],
       [-123.000703, 38.783066],
       [-123.000648, 38.783105],
       [-123.000662, 38.783129],
       [-123.000622, 38.783157],
       [-123.000622, 38.783169],
       [-123.000606, 38.78318],
       [-123.000576, 38.783179],
       [-123.000582, 38.783197],
       [-123.000567, 38.783209],
       [-123.000536, 38.783207],
       [-123.00055, 38.783232],
       [-123.000532, 38.783278],
       [-123.000516, 38.783301],
       [-123.000477, 38.783317],
       [-123.000491, 38.783342],
       [-123.000466, 38.783382],
       [-123.00048, 38.783406],
       [-123.000467, 38.783482],
       [-123.000452, 38.783494],
       [-123.00047, 38.783559],
       [-123.000474, 38.783748],
       [-123.00046, 38.78386],
       [-123.000437, 38.783877],
       [-123.000434, 38.783924],
       [-123.000403, 38.783935],
       [-123.00041, 38.783953],
       [-123.000379, 38.783963],
       [-123.000362, 38.783987],
       [-123.000369, 38.784004],
       [-123.00033, 38.784021],
       [-123.000314, 38.784044],
       [-123.000299, 38.784043],
       [-123.000312, 38.784067],
       [-123.000289, 38.784084],
       [-123.000236, 38.784088],
       [-123.000202, 38.784146],
       [-123.0002, 38.784181],
       [-123.000214, 38.784194],
       [-123.00019, 38.784222],
       [-123.000171, 38.784281],
       [-123.000166, 38.784375],
       [-123.000142, 38.784392],
       [-123.000188, 38.784506],
       [-123.000178, 38.784559],
       [-123.000192, 38.784571],
       [-123.000211, 38.784637],
       [-123.000232, 38.784655],
       [-123.00025, 38.784732],
       [-123.000498, 38.785131],
       [-123.000459, 38.785159],
       [-123.00043, 38.785135],
       [-123.000439, 38.785117],
       [-123.000374, 38.785062],
       [-123.000391, 38.785039],
       [-123.000333, 38.784989],
       [-123.000342, 38.784972],
       [-123.000277, 38.784916],
       [-123.000294, 38.784893],
       [-123.000229, 38.784838],
       [-123.000238, 38.784821],
       [-123.000173, 38.784765],
       [-123.000189, 38.784742],
       [-123.000132, 38.784693],
       [-123.000141, 38.784675],
       [-123.000069, 38.784614],
       [-123.000085, 38.784591],
       [-123.000028, 38.784541],
       [-123.000036, 38.784524],
       [-122.999972, 38.784468],
       [-122.99998, 38.784451],
       [-122.999923, 38.784402],
       [-122.999939, 38.784379],
       [-122.999875, 38.784323],
       [-122.999883, 38.784306],
       [-122.999811, 38.784244],
       [-122.999828, 38.784221],
       [-122.99977, 38.784172],
       [-122.999779, 38.784154],
       [-122.999722, 38.784105],
       [-122.999738, 38.784082],
       [-122.999673, 38.784027],
       [-122.999682, 38.784009],
       [-122.999617, 38.783954],
       [-122.999634, 38.783931],
       [-122.999569, 38.783875],
       [-122.999578, 38.783858],
       [-122.999513, 38.783802],
       [-122.99953, 38.783779],
       [-122.999472, 38.78373],
       [-122.999481, 38.783713],
       [-122.999416, 38.783657],
       [-122.999425, 38.78364],
       [-122.99936, 38.783584],
       [-122.999376, 38.783561],
       [-122.999319, 38.783512],
       [-122.999328, 38.783494],
       [-122.999256, 38.783433],
       [-122.999272, 38.78341],
       [-122.999215, 38.78336],
       [-122.999223, 38.783343],
       [-122.999159, 38.783288],
       [-122.999097, 38.783185],
       [-122.999054, 38.783148],
       [-122.999062, 38.783131],
       [-122.999019, 38.783094],
       [-122.999013, 38.783064],
       [-122.998985, 38.783039],
       [-122.998979, 38.783009],
       [-122.99895, 38.782985],
       [-122.998875, 38.782858],
       [-122.998832, 38.782821],
       [-122.998791, 38.782737],
       [-122.998763, 38.782712],
       [-122.998645, 38.782525],
       [-122.99861, 38.782494],
       [-122.998604, 38.782464],
       [-122.998458, 38.782252],
       [-122.998422, 38.782222],
       [-122.998416, 38.782192],
       [-122.998374, 38.782143],
       [-122.998361, 38.782107],
       [-122.998332, 38.782083],
       [-122.99827, 38.78198],
       [-122.998227, 38.781943],
       [-122.998236, 38.781925],
       [-122.998214, 38.781907],
       [-122.998223, 38.78189],
       [-122.998172, 38.781846],
       [-122.998083, 38.781707],
       [-122.99804, 38.78167],
       [-122.998048, 38.781653],
       [-122.997999, 38.781598],
       [-122.997986, 38.781562],
       [-122.997936, 38.781507],
       [-122.997923, 38.781471],
       [-122.997894, 38.781447],
       [-122.997881, 38.781411],
       [-122.997693, 38.78115],
       [-122.99768, 38.781114],
       [-122.997596, 38.781004],
       [-122.997382, 38.78067],
       [-122.997226, 38.780399],
       [-122.997233, 38.780383],
       [-122.997202, 38.780357],
       [-122.997157, 38.780279],
       [-122.997186, 38.780258],
       [-122.997549, 38.780196],
       [-122.997568, 38.780201],
       [-122.997582, 38.780191],
       [-122.998294, 38.780068],
       [-122.998321, 38.780092]
      ]
     ],
     [
      [
       [-123.001065, 38.788317],
       [-123.000919, 38.788365],
       [-123.000925, 38.788394],
       [-123.000909, 38.788406],
       [-123.000779, 38.78843],
       [-123.000715, 38.788487],
       [-123.000622, 38.788531],
       [-123.000553, 38.788558],
       [-123.000508, 38.788556],
       [-123.00043, 38.788589],
       [-123.000348, 38.788568],
       [-123.000268, 38.788524],
       [-123.000226, 38.788464],
       [-123.000174, 38.788456],
       [-123.00016, 38.788443],
       [-123.000176, 38.78842],
       [-123.000162, 38.788408],
       [-123.000132, 38.788407],
       [-123.000103, 38.788382],
       [-123.000113, 38.788341],
       [-123.000136, 38.788325],
       [-123.00022, 38.78831],
       [-123.00029, 38.788283],
       [-123.000425, 38.788288],
       [-123.000748, 38.788069],
       [-123.000748, 38.787933],
       [-123.00085, 38.78786],
       [-123.000865, 38.787861],
       [-123.000976, 38.787782],
       [-123.000991, 38.787783],
       [-123.001101, 38.787704],
       [-123.001116, 38.787704],
       [-123.001226, 38.787626],
       [-123.001241, 38.787626],
       [-123.00136, 38.787542],
       [-123.001375, 38.787543],
       [-123.001665, 38.787358],
       [-123.001848, 38.787577],
       [-123.001962, 38.787677],
       [-123.001065, 38.788317]
      ]
     ],
     [
      [
       [-123.001364, 38.783373],
       [-123.001369, 38.783415],
       [-123.000503, 38.784033],
       [-123.000489, 38.784021],
       [-123.000529, 38.783981],
       [-123.000522, 38.783963],
       [-123.000547, 38.783922],
       [-123.000534, 38.783886],
       [-123.000551, 38.783863],
       [-123.000552, 38.78358],
       [-123.00056, 38.78345],
       [-123.000576, 38.783427],
       [-123.000562, 38.783415],
       [-123.000578, 38.783404],
       [-123.000571, 38.783386],
       [-123.000602, 38.783375],
       [-123.000588, 38.783351],
       [-123.000627, 38.783335],
       [-123.000606, 38.783304],
       [-123.00063, 38.783288],
       [-123.000631, 38.783264],
       [-123.000686, 38.783225],
       [-123.000716, 38.783226],
       [-123.000733, 38.783203],
       [-123.000726, 38.783185],
       [-123.000805, 38.783129],
       [-123.000873, 38.783125],
       [-123.000959, 38.783075],
       [-123.001004, 38.783077],
       [-123.001036, 38.783054],
       [-123.001066, 38.783055],
       [-123.001143, 38.783023],
       [-123.001206, 38.782978],
       [-123.001223, 38.782955],
       [-123.001209, 38.782931],
       [-123.001297, 38.782857],
       [-123.00129, 38.782839],
       [-123.001329, 38.782823],
       [-123.001308, 38.782792],
       [-123.001366, 38.782694],
       [-123.001429, 38.782525],
       [-123.001454, 38.782497],
       [-123.001441, 38.782461],
       [-123.001464, 38.782444],
       [-123.001451, 38.78242],
       [-123.001464, 38.782196],
       [-123.00144, 38.782089],
       [-123.001449, 38.782059],
       [-123.001428, 38.782029],
       [-123.001453, 38.782],
       [-123.001409, 38.781975],
       [-123.001425, 38.781952],
       [-123.001405, 38.781922],
       [-123.001414, 38.781881],
       [-123.001328, 38.781807],
       [-123.001196, 38.781755],
       [-123.001008, 38.781742],
       [-123.000887, 38.78175],
       [-123.000851, 38.781719],
       [-123.000719, 38.781519],
       [-123.000728, 38.781502],
       [-123.000713, 38.78149],
       [-123.000715, 38.781466],
       [-123.000731, 38.781443],
       [-123.000679, 38.781423],
       [-123.000669, 38.78134],
       [-123.000716, 38.781318],
       [-123.000702, 38.781294],
       [-123.000711, 38.781277],
       [-123.000696, 38.781265],
       [-123.000722, 38.781212],
       [-123.000738, 38.781201],
       [-123.000791, 38.781197],
       [-123.000872, 38.781106],
       [-123.00101, 38.781063],
       [-123.001027, 38.78104],
       [-123.001072, 38.781042],
       [-123.001149, 38.781009],
       [-123.001179, 38.78101],
       [-123.001203, 38.780993],
       [-123.001271, 38.78099],
       [-123.001287, 38.780979],
       [-123.001317, 38.78098],
       [-123.001332, 38.780969],
       [-123.001439, 38.780949],
       [-123.001484, 38.780951],
       [-123.001514, 38.780963],
       [-123.001552, 38.780959],
       [-123.001566, 38.780971],
       [-123.001619, 38.780979],
       [-123.00172, 38.781042],
       [-123.001788, 38.78105],
       [-123.001802, 38.781062],
       [-123.001802, 38.781074],
       [-123.001837, 38.781105],
       [-123.001836, 38.781129],
       [-123.001865, 38.781141],
       [-123.002016, 38.781407],
       [-123.0021, 38.781516],
       [-123.002083, 38.781539],
       [-123.002127, 38.781576],
       [-123.002157, 38.781577],
       [-123.002177, 38.781607],
       [-123.002228, 38.781639],
       [-123.002259, 38.78164],
       [-123.00231, 38.781671],
       [-123.002385, 38.781674],
       [-123.002421, 38.781693],
       [-123.002572, 38.781698],
       [-123.002685, 38.781697],
       [-123.002769, 38.781682],
       [-123.002785, 38.781671],
       [-123.002845, 38.781673],
       [-123.002876, 38.781662],
       [-123.002951, 38.781665],
       [-123.003063, 38.781687],
       [-123.003085, 38.781705],
       [-123.003115, 38.781706],
       [-123.00321, 38.781751],
       [-123.00324, 38.781752],
       [-123.003269, 38.781777],
       [-123.003313, 38.78179],
       [-123.003341, 38.781827],
       [-123.003371, 38.78184],
       [-123.003355, 38.781851],
       [-123.003368, 38.781887],
       [-123.00342, 38.781894],
       [-123.003456, 38.781937],
       [-123.003474, 38.782003],
       [-123.003489, 38.782015],
       [-123.00348, 38.782044],
       [-123.003501, 38.782063],
       [-123.003497, 38.782133],
       [-123.003533, 38.782164],
       [-123.003544, 38.782224],
       [-123.003565, 38.782266],
       [-123.003593, 38.78229],
       [-123.003613, 38.782344],
       [-123.003649, 38.782375],
       [-123.003654, 38.782405],
       [-123.003712, 38.782454],
       [-123.003711, 38.782466],
       [-123.003672, 38.782494],
       [-123.003285, 38.782533],
       [-123.00298, 38.782581],
       [-123.002791, 38.782592],
       [-123.002767, 38.782609],
       [-123.002593, 38.78262],
       [-123.002463, 38.782645],
       [-123.002388, 38.782643],
       [-123.002401, 38.782678],
       [-123.002291, 38.782757],
       [-123.002231, 38.782755],
       [-123.002207, 38.782772],
       [-123.002205, 38.782795],
       [-123.00222, 38.782808],
       [-123.001865, 38.783061],
       [-123.001813, 38.783053],
       [-123.001734, 38.783109],
       [-123.001739, 38.783151],
       [-123.001613, 38.78324],
       [-123.001553, 38.783238],
       [-123.001513, 38.783278],
       [-123.001498, 38.783278],
       [-123.001451, 38.783311],
       [-123.001449, 38.783335],
       [-123.001464, 38.783347],
       [-123.001424, 38.783375],
       [-123.001364, 38.783373]
      ]
     ],
     [
      [
       [-123.001742, 38.780924],
       [-123.001563, 38.780894],
       [-123.001549, 38.780882],
       [-123.001573, 38.780853],
       [-123.001585, 38.780789],
       [-123.001564, 38.780747],
       [-123.001534, 38.780746],
       [-123.001506, 38.780721],
       [-123.001509, 38.780662],
       [-123.001525, 38.780651],
       [-123.001555, 38.780652],
       [-123.001556, 38.780628],
       [-123.001542, 38.780616],
       [-123.001566, 38.780599],
       [-123.001583, 38.780564],
       [-123.001595, 38.780488],
       [-123.001558, 38.780469],
       [-123.001608, 38.780388],
       [-123.001602, 38.78037],
       [-123.00164, 38.780354],
       [-123.001673, 38.780308],
       [-123.001718, 38.780309],
       [-123.001736, 38.780275],
       [-123.001736, 38.780263],
       [-123.001706, 38.780262],
       [-123.001692, 38.780249],
       [-123.001712, 38.780167],
       [-123.001694, 38.780078],
       [-123.001667, 38.78003],
       [-123.001745, 38.779986],
       [-123.00196, 38.779922],
       [-123.002309, 38.779888],
       [-123.002323, 38.7799],
       [-123.002346, 38.779895],
       [-123.00236, 38.779919],
       [-123.002156, 38.780313],
       [-123.002124, 38.780336],
       [-123.002071, 38.78034],
       [-123.00203, 38.780392],
       [-123.00203, 38.780403],
       [-123.002059, 38.780416],
       [-123.001987, 38.78049],
       [-123.001957, 38.780489],
       [-123.00197, 38.780513],
       [-123.001955, 38.780525],
       [-123.001917, 38.780517],
       [-123.001915, 38.780553],
       [-123.00193, 38.780565],
       [-123.001921, 38.780582],
       [-123.001935, 38.780595],
       [-123.00191, 38.780635],
       [-123.001891, 38.780717],
       [-123.001867, 38.780734],
       [-123.001881, 38.780758],
       [-123.001856, 38.780787],
       [-123.001871, 38.780799],
       [-123.001876, 38.780829],
       [-123.00186, 38.780852],
       [-123.001881, 38.78087],
       [-123.001865, 38.780893],
       [-123.001892, 38.780942],
       [-123.001897, 38.780995],
       [-123.001881, 38.781006],
       [-123.001852, 38.780993],
       [-123.001809, 38.780956],
       [-123.001764, 38.780943],
       [-123.001742, 38.780924]
      ]
     ],
     [
      [
       [-123.002838, 38.786916],
       [-123.002114, 38.787422],
       [-123.002056, 38.787372],
       [-123.002073, 38.787349],
       [-123.001994, 38.787282],
       [-123.002002, 38.787264],
       [-123.001938, 38.787209],
       [-123.001953, 38.787197],
       [-123.001968, 38.787198],
       [-123.002102, 38.787114],
       [-123.00228, 38.787032],
       [-123.002319, 38.787004],
       [-123.002334, 38.787004],
       [-123.002382, 38.786971],
       [-123.002442, 38.786973],
       [-123.002543, 38.786923],
       [-123.002596, 38.786919],
       [-123.002643, 38.786897],
       [-123.002703, 38.7869],
       [-123.002749, 38.786878],
       [-123.002802, 38.786886],
       [-123.002838, 38.786916]
      ]
     ],
     [
      [
       [-123.002939, 38.779178],
       [-123.002969, 38.779191],
       [-123.002929, 38.779219],
       [-123.002856, 38.779317],
       [-123.002816, 38.779345],
       [-123.002799, 38.77938],
       [-123.00255, 38.779637],
       [-123.002461, 38.779746],
       [-123.002445, 38.779757],
       [-123.002378, 38.779749],
       [-123.002317, 38.779758],
       [-123.002295, 38.77974],
       [-123.002156, 38.77941],
       [-123.002751, 38.779303],
       [-123.002939, 38.779178]
      ]
     ],
     [
      [
       [-123.005465, 38.785041],
       [-123.002971, 38.786821],
       [-123.002927, 38.786807],
       [-123.002905, 38.786789],
       [-123.002922, 38.786766],
       [-123.002952, 38.786767],
       [-123.002953, 38.786743],
       [-123.002939, 38.786731],
       [-123.00364, 38.786231],
       [-123.003655, 38.786231],
       [-123.004395, 38.785703],
       [-123.004396, 38.785691],
       [-123.004475, 38.785635],
       [-123.00452, 38.785637],
       [-123.004536, 38.785625],
       [-123.004522, 38.785601],
       [-123.004538, 38.78559],
       [-123.004531, 38.785572],
       [-123.004548, 38.785549],
       [-123.004602, 38.785533],
       [-123.004595, 38.785515],
       [-123.004566, 38.785503],
       [-123.004604, 38.785486],
       [-123.004584, 38.785456],
       [-123.004592, 38.785439],
       [-123.004616, 38.785422],
       [-123.004654, 38.785417],
       [-123.004626, 38.785369],
       [-123.004646, 38.785299],
       [-123.004669, 38.785282],
       [-123.004707, 38.785277],
       [-123.004747, 38.785249],
       [-123.004764, 38.785214],
       [-123.004734, 38.785202],
       [-123.004854, 38.785094],
       [-123.004855, 38.785082],
       [-123.004925, 38.785031],
       [-123.004971, 38.785033],
       [-123.004957, 38.785009],
       [-123.005004, 38.784975],
       [-123.005096, 38.784955],
       [-123.005174, 38.78491],
       [-123.005204, 38.784911],
       [-123.005251, 38.784889],
       [-123.005287, 38.784909],
       [-123.00534, 38.784905],
       [-123.005434, 38.784985],
       [-123.005417, 38.785008],
       [-123.005483, 38.785051],
       [-123.005465, 38.785041]
      ]
     ],
     [
      [
       [-123.007334, 38.781292],
       [-123.007295, 38.781308],
       [-123.007022, 38.781334],
       [-123.006947, 38.781331],
       [-123.006836, 38.781286],
       [-123.006815, 38.781255],
       [-123.0068, 38.781255],
       [-123.006757, 38.781218],
       [-123.006745, 38.78117],
       [-123.006652, 38.78109],
       [-123.006549, 38.781039],
       [-123.006422, 38.781017],
       [-123.006316, 38.781025],
       [-123.006264, 38.781017],
       [-123.00621, 38.781033],
       [-123.006165, 38.781031],
       [-123.006118, 38.781053],
       [-123.006097, 38.781034],
       [-123.00607, 38.780974],
       [-123.006034, 38.780944],
       [-123.006008, 38.780872],
       [-123.005939, 38.780763],
       [-123.005901, 38.780768],
       [-123.0056, 38.780881],
       [-123.005527, 38.780843],
       [-123.005384, 38.780832],
       [-123.005333, 38.780812],
       [-123.005183, 38.780795],
       [-123.005161, 38.780776],
       [-123.005079, 38.780767],
       [-123.00505, 38.780743],
       [-123.00506, 38.780702],
       [-123.005046, 38.780678],
       [-123.005063, 38.780643],
       [-123.005035, 38.780606],
       [-123.005037, 38.780583],
       [-123.004979, 38.780534],
       [-123.004941, 38.780538],
       [-123.004875, 38.780518],
       [-123.004786, 38.780479],
       [-123.004751, 38.780448],
       [-123.004751, 38.780437],
       [-123.004706, 38.780435],
       [-123.004692, 38.780411],
       [-123.004663, 38.780398],
       [-123.004618, 38.780396],
       [-123.004603, 38.780384],
       [-123.004605, 38.780361],
       [-123.004575, 38.780359],
       [-123.00456, 38.780347],
       [-123.004569, 38.78033],
       [-123.004532, 38.780322],
       [-123.004518, 38.780298],
       [-123.004481, 38.780279],
       [-123.00444, 38.780207],
       [-123.004441, 38.780071],
       [-123.004472, 38.779925],
       [-123.004504, 38.77989],
       [-123.004498, 38.779872],
       [-123.004514, 38.779861],
       [-123.004544, 38.779862],
       [-123.004546, 38.779815],
       [-123.00457, 38.779798],
       [-123.004584, 38.779811],
       [-123.004574, 38.779852],
       [-123.004605, 38.779853],
       [-123.004619, 38.779865],
       [-123.004603, 38.779876],
       [-123.004573, 38.779875],
       [-123.004578, 38.779917],
       [-123.004807, 38.780126],
       [-123.004859, 38.780145],
       [-123.005063, 38.780147],
       [-123.005148, 38.780097],
       [-123.005167, 38.780038],
       [-123.005137, 38.780037],
       [-123.005122, 38.780025],
       [-123.005138, 38.780014],
       [-123.005168, 38.780015],
       [-123.005157, 38.779955],
       [-123.004942, 38.779759],
       [-123.004869, 38.779721],
       [-123.004809, 38.779707],
       [-123.004591, 38.779705],
       [-123.00453, 38.779714],
       [-123.004452, 38.779747],
       [-123.004413, 38.779775],
       [-123.004419, 38.779805],
       [-123.004388, 38.779815],
       [-123.004394, 38.779833],
       [-123.004378, 38.779856],
       [-123.004407, 38.779869],
       [-123.004391, 38.779892],
       [-123.004366, 38.780057],
       [-123.004333, 38.780103],
       [-123.004355, 38.780121],
       [-123.00435, 38.780204],
       [-123.004377, 38.780252],
       [-123.004362, 38.780263],
       [-123.004368, 38.780281],
       [-123.004352, 38.780304],
       [-123.004365, 38.780328],
       [-123.004438, 38.780378],
       [-123.004436, 38.780402],
       [-123.004458, 38.78042],
       [-123.00451, 38.780428],
       [-123.004539, 38.780453],
       [-123.004614, 38.780467],
       [-123.004635, 38.780486],
       [-123.004709, 38.780512],
       [-123.00473, 38.780542],
       [-123.004811, 38.780575],
       [-123.004876, 38.78063],
       [-123.004927, 38.78065],
       [-123.004911, 38.780661],
       [-123.004881, 38.78066],
       [-123.00488, 38.780683],
       [-123.004841, 38.7807],
       [-123.00482, 38.780681],
       [-123.00479, 38.78068],
       [-123.004775, 38.780668],
       [-123.004737, 38.780672],
       [-123.004724, 38.780648],
       [-123.004604, 38.780632],
       [-123.00453, 38.780606],
       [-123.004509, 38.780576],
       [-123.004494, 38.780575],
       [-123.004458, 38.780544],
       [-123.004435, 38.780549],
       [-123.004391, 38.780536],
       [-123.004133, 38.780302],
       [-123.004149, 38.780291],
       [-123.00415, 38.780267],
       [-123.00409, 38.780265],
       [-123.004046, 38.78024],
       [-123.004032, 38.780228],
       [-123.004033, 38.780204],
       [-123.004018, 38.780204],
       [-123.00399, 38.780167],
       [-123.003952, 38.779788],
       [-123.003968, 38.779777],
       [-123.004013, 38.779778],
       [-123.004015, 38.779743],
       [-123.00397, 38.779741],
       [-123.003949, 38.779711],
       [-123.003916, 38.779373],
       [-123.00392, 38.779302],
       [-123.003874, 38.7792],
       [-123.003897, 38.779183],
       [-123.003899, 38.77916],
       [-123.003841, 38.779111],
       [-123.003797, 38.779097],
       [-123.003783, 38.779073],
       [-123.003731, 38.779065],
       [-123.003709, 38.779047],
       [-123.003627, 38.779038],
       [-123.003612, 38.779026],
       [-123.00356, 38.779018],
       [-123.003296, 38.779014],
       [-123.003166, 38.779039],
       [-123.003099, 38.779066],
       [-123.00461, 38.778037],
       [-123.005514, 38.778752],
       [-123.005514, 38.778764],
       [-123.005965, 38.779175],
       [-123.005964, 38.779187],
       [-123.006279, 38.779482],
       [-123.006278, 38.779494],
       [-123.006414, 38.779623],
       [-123.006441, 38.779671],
       [-123.006527, 38.779745],
       [-123.006554, 38.779793],
       [-123.006626, 38.779855],
       [-123.006809, 38.780086],
       [-123.006859, 38.780129],
       [-123.006865, 38.780159],
       [-123.006977, 38.780304],
       [-123.007045, 38.780425],
       [-123.007074, 38.78045],
       [-123.007073, 38.780473],
       [-123.007108, 38.780516],
       [-123.007106, 38.780539],
       [-123.007128, 38.780558],
       [-123.007174, 38.780672],
       [-123.007196, 38.78069],
       [-123.007194, 38.780714],
       [-123.007242, 38.780804],
       [-123.007307, 38.78098],
       [-123.007352, 38.781166],
       [-123.007332, 38.781191],
       [-123.007365, 38.781219],
       [-123.007382, 38.781293],
       [-123.007334, 38.781292]
      ]
     ],
     [
      [
       [-123.007457, 38.7838],
       [-123.00729, 38.783829],
       [-123.007238, 38.78381],
       [-123.007225, 38.783786],
       [-123.007171, 38.78379],
       [-123.00715, 38.783771],
       [-123.007166, 38.78376],
       [-123.007167, 38.783736],
       [-123.007057, 38.783679],
       [-123.006923, 38.783651],
       [-123.00684, 38.783654],
       [-123.006826, 38.783641],
       [-123.006761, 38.78345],
       [-123.006762, 38.783438],
       [-123.006793, 38.783428],
       [-123.00681, 38.783393],
       [-123.006797, 38.783357],
       [-123.006775, 38.78335],
       [-123.006761, 38.783326],
       [-123.006777, 38.783315],
       [-123.006807, 38.783316],
       [-123.006824, 38.783293],
       [-123.006824, 38.783281],
       [-123.006788, 38.783262],
       [-123.006788, 38.78325],
       [-123.006823, 38.783169],
       [-123.006847, 38.783152],
       [-123.006885, 38.783147],
       [-123.006872, 38.783112],
       [-123.006843, 38.783087],
       [-123.006859, 38.783076],
       [-123.006904, 38.783077],
       [-123.006899, 38.783036],
       [-123.006855, 38.783022],
       [-123.006833, 38.783004],
       [-123.006814, 38.782938],
       [-123.006714, 38.782468],
       [-123.006738, 38.782439],
       [-123.006701, 38.78242],
       [-123.00674, 38.782404],
       [-123.006749, 38.782387],
       [-123.006727, 38.782368],
       [-123.006714, 38.782332],
       [-123.006693, 38.782314],
       [-123.006647, 38.782312],
       [-123.006597, 38.782269],
       [-123.006606, 38.78224],
       [-123.006548, 38.782202],
       [-123.006613, 38.782134],
       [-123.006602, 38.782062],
       [-123.006497, 38.781787],
       [-123.006442, 38.781702],
       [-123.006376, 38.781546],
       [-123.006267, 38.781342],
       [-123.006268, 38.78133],
       [-123.006299, 38.781319],
       [-123.006293, 38.781278],
       [-123.006272, 38.781259],
       [-123.006273, 38.781236],
       [-123.006228, 38.781234],
       [-123.006193, 38.781191],
       [-123.006194, 38.78118],
       [-123.006247, 38.781164],
       [-123.006264, 38.781141],
       [-123.006309, 38.781143],
       [-123.006348, 38.781126],
       [-123.006444, 38.781159],
       [-123.006523, 38.781215],
       [-123.006522, 38.781239],
       [-123.006559, 38.781258],
       [-123.006564, 38.781299],
       [-123.006643, 38.781367],
       [-123.00676, 38.781419],
       [-123.006806, 38.78142],
       [-123.006872, 38.78144],
       [-123.007008, 38.781445],
       [-123.007395, 38.781406],
       [-123.007401, 38.781458],
       [-123.007391, 38.781477],
       [-123.007404, 38.781488],
       [-123.007418, 38.781615],
       [-123.0074, 38.782307],
       [-123.007204, 38.783299],
       [-123.00722, 38.783326],
       [-123.007213, 38.783342],
       [-123.007295, 38.783462],
       [-123.007295, 38.783487],
       [-123.007364, 38.783587],
       [-123.007363, 38.783608],
       [-123.007412, 38.783674],
       [-123.007411, 38.783698],
       [-123.007432, 38.783716],
       [-123.007457, 38.7838]
      ]
     ]
    ]
   }
  }
 ]
}
