{
 "type": "FeatureCollection",
 "properties": {
  "project": "sonoma-developmental-center",
  "summary": "Proposed land use, nothing approved: the six land-use classes of the revised SDC Campus Specific Plan traced from Figure 4 (Specific Plan Update Land Use Diagram, p. 22) of the County of Sonoma's Notice of Preparation (SCH 2025081410, Aug 2025), with the two Employment areas named from Figure 5 (the Eldridge Renewal site plan) and the NOP text, and the wildfire buffer as the project area outside the core campus. Streets, drawn white in the figure, are left out of the zones (about 17 of the core campus's 159 acres as drawn). The 2022 specific plan, rescinded in December 2024, is not drawn. No buildings are drawn; all zone edges are approximate.",
  "note": "Proposed land use from the county's 2025 Notice of Preparation; nothing is approved. Approximate zones, not buildings.",
  "sourceUrl": "https://ceqanet.lci.ca.gov/2025081410/Attachment/7biXwK",
  "sourceLabel": "Notice of preparation, 2025 (PDF)",
  "georeference": {
   "fit": {
    "scale_m_per_unit": 0.22427,
    "rotation_deg": 41.567,
    "rms_m": 0.82,
    "controls": [
     {
      "label": "Figure 3 building outlines vs Overture (OpenStreetMap) buildings: trimmed RMS over the closest 70% of 23954 points",
      "residual_m": 0.82
     }
    ],
    "method": "trimmed ICP",
    "points": 23954,
    "inlier_share": 0.7,
    "median_m": 0.97,
    "p90_m": 3.17,
    "street_crossings_m": {
     "Arnold Drive / Harney": 3.1,
     "Arnold Drive / Holt Road": 6.1,
     "Railroad / Harney": 1.5,
     "Arnold Drive / Wilson": 8.4,
     "Railroad / Toyon": 4.0,
     "Walnut / Laurel": 7.2
    }
   },
   "frame_check": {
    "method": "phase correlation of Figure 3 and Figure 4 base maps",
    "windows": [
     {
      "window_px": [
       3800,
       0,
       5100,
       800
      ],
      "shift_px": [
       0.0,
       0.05
      ],
      "response": 0.88
     },
     {
      "window_px": [
       1500,
       4300,
       4000,
       5500
      ],
      "shift_px": [
       0.01,
       0.01
      ],
      "response": 0.49
     }
    ]
   },
   "note": "Figure 4 shares Figure 3's pixel frame (phase-correlation shift under 2 px). Figure 3 fitted to Overture (OpenStreetMap) building footprints by trimmed ICP: 0.224 m per pixel, RMS 0.8 m over the closest 70% of 23,954 building-edge points; six street crossings within 8 m. Zones clipped to the site boundary in data/boundaries, traced from the same figures."
  },
  "acresCheck": {
   "parks_and_open_space_drawn": 50.3,
   "parks_and_open_space_nop": 67,
   "buffer_drawn": 48.5,
   "buffer_nop": 49,
   "core_drawn": 159.0,
   "core_nop": 160
  },
  "superseded": "SDC Specific Plan adopted Dec 2022 (EIR SCH 2022020222), rescinded with its EIR decertified on Dec 3, 2024; not drawn.",
  "license": "Zone shapes: traced from a public County of Sonoma CEQA notice. Georeference: OpenStreetMap contributors (ODbL 1.0), via Overture Maps.",
  "documents": [
   "https://ceqanet.lci.ca.gov/2025081410",
   "https://ceqanet.lci.ca.gov/2025081410/Attachment/7biXwK"
  ]
 },
 "features": [
  {
   "type": "Feature",
   "properties": {
    "kind": "zone",
    "category": "residential",
    "label": "Proposed low/medium density residential",
    "source": "traced: SDC Campus Specific Plan Update and Eldridge Renewal Project Notice of Preparation (County of Sonoma, SCH 2025081410, Aug 2025), Figure 4, Specific Plan Update Land Use Diagram, p. 22",
    "note": "Figure 4's lower-density housing district. The NOP doesn't assign housing types to districts; it describes 368 detached homes (courtyard, hillside, large and small) in compact neighbourhoods throughout the core campus (p. 8). The NOP gives typical heights of two to three stories for apartments, mixed-use buildings and townhomes, one to three for detached homes and three for co-housing (pp. 7-8); it doesn't tie heights to districts. About 47.5 acres as drawn, streets excluded. Approximate: traced from the county's figure. Proposed, not approved.",
    "stage": "entitlement",
    "accuracy": "approximate"
   },
   "geometry": {
    "type": "MultiPolygon",
    "coordinates": [
     [
      [
       [
        -122.514476,
        38.34998
       ],
       [
        -122.514256,
        38.350132
       ],
       [
        -122.514237,
        38.350134
       ],
       [
        -122.514194,
        38.350105
       ],
       [
        -122.514165,
        38.350042
       ],
       [
        -122.514027,
        38.349863
       ],
       [
        -122.513857,
        38.349719
       ],
       [
        -122.513705,
        38.349628
       ],
       [
        -122.51358,
        38.349572
       ],
       [
        -122.513432,
        38.349521
       ],
       [
        -122.512361,
        38.349204
       ],
       [
        -122.512146,
        38.349189
       ],
       [
        -122.511969,
        38.349214
       ],
       [
        -122.511637,
        38.349323
       ],
       [
        -122.511587,
        38.349355
       ],
       [
        -122.511423,
        38.349398
       ],
       [
        -122.511258,
        38.349461
       ],
       [
        -122.511227,
        38.349455
       ],
       [
        -122.511019,
        38.349268
       ],
       [
        -122.510972,
        38.34929
       ],
       [
        -122.51096,
        38.349301
       ],
       [
        -122.511016,
        38.349327
       ],
       [
        -122.511879,
        38.350132
       ],
       [
        -122.511989,
        38.35023
       ],
       [
        -122.512022,
        38.350242
       ],
       [
        -122.512038,
        38.350275
       ],
       [
        -122.512083,
        38.350297
       ],
       [
        -122.512111,
        38.350337
       ],
       [
        -122.512154,
        38.350361
       ],
       [
        -122.512176,
        38.350408
       ],
       [
        -122.512296,
        38.350513
       ],
       [
        -122.5123,
        38.350534
       ],
       [
        -122.512333,
        38.350549
       ],
       [
        -122.512662,
        38.350844
       ],
       [
        -122.512707,
        38.35089
       ],
       [
        -122.5127,
        38.350911
       ],
       [
        -122.512666,
        38.350946
       ],
       [
        -122.512639,
        38.350948
       ],
       [
        -122.51261,
        38.350968
       ],
       [
        -122.512572,
        38.350935
       ],
       [
        -122.512534,
        38.350876
       ],
       [
        -122.512478,
        38.350841
       ],
       [
        -122.512383,
        38.350741
       ],
       [
        -122.512262,
        38.350647
       ],
       [
        -122.51223,
        38.350594
       ],
       [
        -122.512174,
        38.350559
       ],
       [
        -122.512111,
        38.350502
       ],
       [
        -122.512081,
        38.350457
       ],
       [
        -122.511965,
        38.350371
       ],
       [
        -122.511927,
        38.350316
       ],
       [
        -122.51187,
        38.350285
       ],
       [
        -122.511819,
        38.35024
       ],
       [
        -122.511779,
        38.350177
       ],
       [
        -122.51172,
        38.350142
       ],
       [
        -122.511623,
        38.35004
       ],
       [
        -122.511513,
        38.349956
       ],
       [
        -122.511474,
        38.349898
       ],
       [
        -122.511417,
        38.349861
       ],
       [
        -122.511354,
        38.349804
       ],
       [
        -122.511322,
        38.349758
       ],
       [
        -122.511269,
        38.349728
       ],
       [
        -122.511208,
        38.349673
       ],
       [
        -122.511175,
        38.34962
       ],
       [
        -122.511119,
        38.349585
       ],
       [
        -122.510909,
        38.349394
       ],
       [
        -122.510873,
        38.349335
       ],
       [
        -122.510874,
        38.349297
       ],
       [
        -122.510897,
        38.349263
       ],
       [
        -122.510953,
        38.349226
       ],
       [
        -122.511042,
        38.349193
       ],
       [
        -122.511116,
        38.349182
       ],
       [
        -122.511166,
        38.349151
       ],
       [
        -122.511249,
        38.349122
       ],
       [
        -122.511327,
        38.349111
       ],
       [
        -122.51141,
        38.349065
       ],
       [
        -122.51154,
        38.349036
       ],
       [
        -122.511618,
        38.348993
       ],
       [
        -122.51175,
        38.348961
       ],
       [
        -122.511845,
        38.348915
       ],
       [
        -122.511967,
        38.348886
       ],
       [
        -122.512034,
        38.34885
       ],
       [
        -122.512164,
        38.348815
       ],
       [
        -122.51225,
        38.348862
       ],
       [
        -122.512284,
        38.348862
       ],
       [
        -122.512348,
        38.348885
       ],
       [
        -122.512537,
        38.348973
       ],
       [
        -122.512578,
        38.348979
       ],
       [
        -122.512685,
        38.349026
       ],
       [
        -122.512709,
        38.349026
       ],
       [
        -122.512726,
        38.349044
       ],
       [
        -122.512778,
        38.349045
       ],
       [
        -122.512942,
        38.349085
       ],
       [
        -122.512965,
        38.349099
       ],
       [
        -122.512991,
        38.349095
       ],
       [
        -122.513038,
        38.349113
       ],
       [
        -122.513094,
        38.349117
       ],
       [
        -122.513235,
        38.34917
       ],
       [
        -122.513261,
        38.34919
       ],
       [
        -122.513306,
        38.349194
       ],
       [
        -122.513382,
        38.349238
       ],
       [
        -122.513471,
        38.349263
       ],
       [
        -122.513498,
        38.349287
       ],
       [
        -122.51361,
        38.349326
       ],
       [
        -122.513659,
        38.34933
       ],
       [
        -122.513696,
        38.349357
       ],
       [
        -122.513827,
        38.349404
       ],
       [
        -122.51386,
        38.349427
       ],
       [
        -122.513923,
        38.349448
       ],
       [
        -122.513973,
        38.349483
       ],
       [
        -122.514014,
        38.349492
       ],
       [
        -122.514065,
        38.349532
       ],
       [
        -122.514142,
        38.349571
       ],
       [
        -122.514157,
        38.349569
       ],
       [
        -122.514318,
        38.349707
       ],
       [
        -122.51448,
        38.349953
       ],
       [
        -122.514476,
        38.34998
       ]
      ]
     ],
     [
      [
       [
        -122.513147,
        38.350584
       ],
       [
        -122.51279,
        38.350833
       ],
       [
        -122.512753,
        38.35084
       ],
       [
        -122.512698,
        38.350827
       ],
       [
        -122.512099,
        38.350256
       ],
       [
        -122.512064,
        38.35024
       ],
       [
        -122.511969,
        38.350158
       ],
       [
        -122.511961,
        38.350132
       ],
       [
        -122.5113,
        38.349529
       ],
       [
        -122.5113,
        38.349499
       ],
       [
        -122.511325,
        38.349482
       ],
       [
        -122.511713,
        38.349345
       ],
       [
        -122.511759,
        38.349335
       ],
       [
        -122.51179,
        38.349341
       ],
       [
        -122.513148,
        38.350554
       ],
       [
        -122.513147,
        38.350584
       ]
      ]
     ],
     [
      [
       [
        -122.513601,
        38.34739
       ],
       [
        -122.513345,
        38.347537
       ],
       [
        -122.513245,
        38.34758
       ],
       [
        -122.513149,
        38.347646
       ],
       [
        -122.51303,
        38.347702
       ],
       [
        -122.512943,
        38.347759
       ],
       [
        -122.512895,
        38.347752
       ],
       [
        -122.512746,
        38.347656
       ],
       [
        -122.512667,
        38.347621
       ],
       [
        -122.512378,
        38.347383
       ],
       [
        -122.512363,
        38.347382
       ],
       [
        -122.512079,
        38.347127
       ],
       [
        -122.511793,
        38.346803
       ],
       [
        -122.511805,
        38.346768
       ],
       [
        -122.511933,
        38.346696
       ],
       [
        -122.511933,
        38.346674
       ],
       [
        -122.511948,
        38.346666
       ],
       [
        -122.511937,
        38.346639
       ],
       [
        -122.511674,
        38.346417
       ],
       [
        -122.511441,
        38.346205
       ],
       [
        -122.511366,
        38.346117
       ],
       [
        -122.511335,
        38.346098
       ],
       [
        -122.51137,
        38.346089
       ],
       [
        -122.51143,
        38.34605
       ],
       [
        -122.511586,
        38.346007
       ],
       [
        -122.511646,
        38.345974
       ],
       [
        -122.5118,
        38.345932
       ],
       [
        -122.51194,
        38.345874
       ],
       [
        -122.512013,
        38.34586
       ],
       [
        -122.512158,
        38.3458
       ],
       [
        -122.512231,
        38.345789
       ],
       [
        -122.512297,
        38.345752
       ],
       [
        -122.512443,
        38.345713
       ],
       [
        -122.512496,
        38.345684
       ],
       [
        -122.512659,
        38.345639
       ],
       [
        -122.512807,
        38.345577
       ],
       [
        -122.512877,
        38.345566
       ],
       [
        -122.512927,
        38.345538
       ],
       [
        -122.513089,
        38.345495
       ],
       [
        -122.513139,
        38.345465
       ],
       [
        -122.513226,
        38.345435
       ],
       [
        -122.51331,
        38.345421
       ],
       [
        -122.51337,
        38.345385
       ],
       [
        -122.513541,
        38.345336
       ],
       [
        -122.513573,
        38.345404
       ],
       [
        -122.513561,
        38.345442
       ],
       [
        -122.513588,
        38.345482
       ],
       [
        -122.513543,
        38.345497
       ],
       [
        -122.513483,
        38.345439
       ],
       [
        -122.513451,
        38.345426
       ],
       [
        -122.513385,
        38.345453
       ],
       [
        -122.513395,
        38.345465
       ],
       [
        -122.513454,
        38.345478
       ],
       [
        -122.513503,
        38.345541
       ],
       [
        -122.513542,
        38.345618
       ],
       [
        -122.513537,
        38.345638
       ],
       [
        -122.513499,
        38.345665
       ],
       [
        -122.512339,
        38.346055
       ],
       [
        -122.512198,
        38.346112
       ],
       [
        -122.512138,
        38.346123
       ],
       [
        -122.511713,
        38.346278
       ],
       [
        -122.511651,
        38.346277
       ],
       [
        -122.511545,
        38.346179
       ],
       [
        -122.511537,
        38.346123
       ],
       [
        -122.511557,
        38.346092
       ],
       [
        -122.511547,
        38.346083
       ],
       [
        -122.511503,
        38.346092
       ],
       [
        -122.511476,
        38.346129
       ],
       [
        -122.511483,
        38.346181
       ],
       [
        -122.511499,
        38.346205
       ],
       [
        -122.511844,
        38.346515
       ],
       [
        -122.511889,
        38.34654
       ],
       [
        -122.511921,
        38.346569
       ],
       [
        -122.511925,
        38.346588
       ],
       [
        -122.51275,
        38.347328
       ],
       [
        -122.51281,
        38.347364
       ],
       [
        -122.512913,
        38.347379
       ],
       [
        -122.512983,
        38.347368
       ],
       [
        -122.513525,
        38.347163
       ],
       [
        -122.513562,
        38.347178
       ],
       [
        -122.513657,
        38.347333
       ],
       [
        -122.513601,
        38.34739
       ]
      ]
     ],
     [
      [
       [
        -122.513585,
        38.345896
       ],
       [
        -122.513555,
        38.345921
       ],
       [
        -122.513294,
        38.346008
       ],
       [
        -122.513254,
        38.34603
       ],
       [
        -122.513181,
        38.346045
       ],
       [
        -122.511916,
        38.346481
       ],
       [
        -122.511873,
        38.346476
       ],
       [
        -122.511729,
        38.346344
       ],
       [
        -122.511733,
        38.34632
       ],
       [
        -122.511752,
        38.346307
       ],
       [
        -122.513511,
        38.345707
       ],
       [
        -122.513548,
        38.345706
       ],
       [
        -122.513575,
        38.345733
       ],
       [
        -122.513585,
        38.345896
       ]
      ]
     ],
     [
      [
       [
        -122.514032,
        38.349975
       ],
       [
        -122.513228,
        38.35053
       ],
       [
        -122.513202,
        38.350532
       ],
       [
        -122.511878,
        38.349353
       ],
       [
        -122.511858,
        38.349313
       ],
       [
        -122.511885,
        38.349288
       ],
       [
        -122.511941,
        38.349268
       ],
       [
        -122.512073,
        38.349239
       ],
       [
        -122.512293,
        38.349241
       ],
       [
        -122.512423,
        38.349266
       ],
       [
        -122.512781,
        38.349379
       ],
       [
        -122.512836,
        38.349385
       ],
       [
        -122.513122,
        38.349482
       ],
       [
        -122.513458,
        38.349576
       ],
       [
        -122.513674,
        38.349665
       ],
       [
        -122.513789,
        38.349731
       ],
       [
        -122.513916,
        38.349827
       ],
       [
        -122.514025,
        38.349934
       ],
       [
        -122.514038,
        38.349955
       ],
       [
        -122.514032,
        38.349975
       ]
      ]
     ],
     [
      [
       [
        -122.513604,
        38.346192
       ],
       [
        -122.51358,
        38.346216
       ],
       [
        -122.513492,
        38.34625
       ],
       [
        -122.513307,
        38.346305
       ],
       [
        -122.513129,
        38.346375
       ],
       [
        -122.513057,
        38.34639
       ],
       [
        -122.513003,
        38.346416
       ],
       [
        -122.512163,
        38.3467
       ],
       [
        -122.51212,
        38.346698
       ],
       [
        -122.511954,
        38.346546
       ],
       [
        -122.511958,
        38.346522
       ],
       [
        -122.511977,
        38.346509
       ],
       [
        -122.512099,
        38.346462
       ],
       [
        -122.513546,
        38.345974
       ],
       [
        -122.513572,
        38.345979
       ],
       [
        -122.513594,
        38.346008
       ],
       [
        -122.513604,
        38.346192
       ]
      ]
     ],
     [
      [
       [
        -122.513625,
        38.346465
       ],
       [
        -122.513596,
        38.346491
       ],
       [
        -122.512385,
        38.346902
       ],
       [
        -122.512343,
        38.346899
       ],
       [
        -122.5122,
        38.346767
       ],
       [
        -122.512203,
        38.346743
       ],
       [
        -122.512225,
        38.346728
       ],
       [
        -122.512275,
        38.346715
       ],
       [
        -122.512334,
        38.346682
       ],
       [
        -122.512367,
        38.346681
       ],
       [
        -122.512485,
        38.346642
       ],
       [
        -122.513545,
        38.346273
       ],
       [
        -122.513581,
        38.346272
       ],
       [
        -122.513615,
        38.346297
       ],
       [
        -122.513625,
        38.346465
       ]
      ]
     ],
     [
      [
       [
        -122.513744,
        38.346724
       ],
       [
        -122.51372,
        38.346749
       ],
       [
        -122.51356,
        38.346808
       ],
       [
        -122.513495,
        38.346821
       ],
       [
        -122.512617,
        38.347123
       ],
       [
        -122.512587,
        38.347118
       ],
       [
        -122.512422,
        38.346963
       ],
       [
        -122.512427,
        38.346943
       ],
       [
        -122.512467,
        38.346921
       ],
       [
        -122.513612,
        38.34653
       ],
       [
        -122.513656,
        38.346551
       ],
       [
        -122.513744,
        38.346724
       ]
      ]
     ],
     [
      [
       [
        -122.513756,
        38.347011
       ],
       [
        -122.513593,
        38.347089
       ],
       [
        -122.513549,
        38.347098
       ],
       [
        -122.513019,
        38.347309
       ],
       [
        -122.51292,
        38.347334
       ],
       [
        -122.512859,
        38.347331
       ],
       [
        -122.512814,
        38.347315
       ],
       [
        -122.512664,
        38.34718
       ],
       [
        -122.512669,
        38.34716
       ],
       [
        -122.512705,
        38.347141
       ],
       [
        -122.513343,
        38.346929
       ],
       [
        -122.513482,
        38.346873
       ],
       [
        -122.513573,
        38.34685
       ],
       [
        -122.513752,
        38.346781
       ],
       [
        -122.513778,
        38.346786
       ],
       [
        -122.513881,
        38.34689
       ],
       [
        -122.513859,
        38.346932
       ],
       [
        -122.513756,
        38.347011
       ]
      ]
     ],
     [
      [
       [
        -122.51594,
        38.351886
       ],
       [
        -122.515945,
        38.351912
       ],
       [
        -122.515425,
        38.352263
       ],
       [
        -122.515035,
        38.352385
       ],
       [
        -122.515014,
        38.3524
       ],
       [
        -122.514863,
        38.352439
       ],
       [
        -122.5148,
        38.352472
       ],
       [
        -122.514762,
        38.352468
       ],
       [
        -122.51474,
        38.352481
       ],
       [
        -122.514637,
        38.352493
       ],
       [
        -122.514615,
        38.352508
       ],
       [
        -122.514566,
        38.35251
       ],
       [
        -122.51454,
        38.352523
       ],
       [
        -122.514491,
        38.352522
       ],
       [
        -122.514474,
        38.352531
       ],
       [
        -122.514412,
        38.352522
       ],
       [
        -122.514381,
        38.35253
       ],
       [
        -122.51433,
        38.352509
       ],
       [
        -122.514284,
        38.352508
       ],
       [
        -122.514187,
        38.352406
       ],
       [
        -122.514081,
        38.352326
       ],
       [
        -122.514045,
        38.35227
       ],
       [
        -122.513929,
        38.352179
       ],
       [
        -122.513892,
        38.352126
       ],
       [
        -122.513832,
        38.352092
       ],
       [
        -122.513774,
        38.35204
       ],
       [
        -122.513739,
        38.351982
       ],
       [
        -122.513679,
        38.351946
       ],
       [
        -122.513591,
        38.35185
       ],
       [
        -122.513529,
        38.351812
       ],
       [
        -122.513432,
        38.351713
       ],
       [
        -122.513322,
        38.351626
       ],
       [
        -122.513285,
        38.351572
       ],
       [
        -122.513177,
        38.351485
       ],
       [
        -122.513238,
        38.351446
       ],
       [
        -122.513267,
        38.351463
       ],
       [
        -122.513473,
        38.351324
       ],
       [
        -122.513522,
        38.351322
       ],
       [
        -122.514225,
        38.351949
       ],
       [
        -122.514263,
        38.351996
       ],
       [
        -122.514354,
        38.352062
       ],
       [
        -122.51453,
        38.352226
       ],
       [
        -122.514584,
        38.352247
       ],
       [
        -122.514646,
        38.352248
       ],
       [
        -122.5147,
        38.352235
       ],
       [
        -122.514999,
        38.352132
       ],
       [
        -122.515041,
        38.352136
       ],
       [
        -122.515072,
        38.352115
       ],
       [
        -122.515292,
        38.352046
       ],
       [
        -122.515777,
        38.351703
       ],
       [
        -122.515795,
        38.351725
       ],
       [
        -122.515798,
        38.351758
       ],
       [
        -122.51594,
        38.351886
       ]
      ]
     ],
     [
      [
       [
        -122.515928,
        38.349108
       ],
       [
        -122.515587,
        38.349344
       ],
       [
        -122.515553,
        38.349317
       ],
       [
        -122.51557,
        38.349237
       ],
       [
        -122.515541,
        38.34911
       ],
       [
        -122.51548,
        38.349049
       ],
       [
        -122.515392,
        38.348884
       ],
       [
        -122.515119,
        38.348643
       ],
       [
        -122.515055,
        38.348625
       ],
       [
        -122.515021,
        38.348628
       ],
       [
        -122.514977,
        38.348607
       ],
       [
        -122.514657,
        38.348589
       ],
       [
        -122.514618,
        38.348554
       ],
       [
        -122.514609,
        38.348525
       ],
       [
        -122.514569,
        38.34848
       ],
       [
        -122.514567,
        38.348457
       ],
       [
        -122.514538,
        38.348434
       ],
       [
        -122.514362,
        38.348389
       ],
       [
        -122.514301,
        38.348383
       ],
       [
        -122.514278,
        38.348369
       ],
       [
        -122.514215,
        38.348364
       ],
       [
        -122.514182,
        38.348347
       ],
       [
        -122.514074,
        38.34833
       ],
       [
        -122.513893,
        38.348277
       ],
       [
        -122.513857,
        38.348278
       ],
       [
        -122.513808,
        38.348253
       ],
       [
        -122.513668,
        38.348223
       ],
       [
        -122.513645,
        38.348226
       ],
       [
        -122.513613,
        38.34821
       ],
       [
        -122.513573,
        38.348211
       ],
       [
        -122.513417,
        38.348141
       ],
       [
        -122.513353,
        38.348124
       ],
       [
        -122.513313,
        38.348081
       ],
       [
        -122.513394,
        38.348023
       ],
       [
        -122.51342,
        38.348018
       ],
       [
        -122.513891,
        38.34773
       ],
       [
        -122.51394,
        38.347716
       ],
       [
        -122.515212,
        38.348425
       ],
       [
        -122.515348,
        38.348563
       ],
       [
        -122.515378,
        38.34859
       ],
       [
        -122.515412,
        38.348596
       ],
       [
        -122.515913,
        38.349054
       ],
       [
        -122.515934,
        38.349088
       ],
       [
        -122.515928,
        38.349108
       ]
      ]
     ],
     [
      [
       [
        -122.514164,
        38.351747
       ],
       [
        -122.514127,
        38.351773
       ],
       [
        -122.514102,
        38.351774
       ],
       [
        -122.514048,
        38.351738
       ],
       [
        -122.513893,
        38.35159
       ],
       [
        -122.513895,
        38.351573
       ],
       [
        -122.513634,
        38.351339
       ],
       [
        -122.513607,
        38.351333
       ],
       [
        -122.513563,
        38.351294
       ],
       [
        -122.513559,
        38.351272
       ],
       [
        -122.514365,
        38.350708
       ],
       [
        -122.514401,
        38.350701
       ],
       [
        -122.514582,
        38.350829
       ],
       [
        -122.51491,
        38.351014
       ],
       [
        -122.514818,
        38.35105
       ],
       [
        -122.514598,
        38.3512
       ],
       [
        -122.514565,
        38.351191
       ],
       [
        -122.514491,
        38.351137
       ],
       [
        -122.514464,
        38.351134
       ],
       [
        -122.514127,
        38.35138
       ],
       [
        -122.514124,
        38.351399
       ],
       [
        -122.514209,
        38.351482
       ],
       [
        -122.514043,
        38.351599
       ],
       [
        -122.514029,
        38.351623
       ],
       [
        -122.514077,
        38.351678
       ],
       [
        -122.514105,
        38.351688
       ],
       [
        -122.514164,
        38.351747
       ]
      ]
     ],
     [
      [
       [
        -122.513739,
        38.347198
       ],
       [
        -122.513701,
        38.347262
       ],
       [
        -122.513669,
        38.347252
       ],
       [
        -122.513614,
        38.347163
       ],
       [
        -122.513617,
        38.347132
       ],
       [
        -122.513788,
        38.347049
       ],
       [
        -122.513931,
        38.346936
       ],
       [
        -122.513955,
        38.346963
       ],
       [
        -122.513949,
        38.346983
       ],
       [
        -122.513908,
        38.347001
       ],
       [
        -122.513844,
        38.347066
       ],
       [
        -122.513768,
        38.347181
       ],
       [
        -122.513739,
        38.347198
       ]
      ]
     ],
     [
      [
       [
        -122.515726,
        38.351679
       ],
       [
        -122.515253,
        38.352008
       ],
       [
        -122.514619,
        38.352205
       ],
       [
        -122.514576,
        38.352194
       ],
       [
        -122.514562,
        38.352169
       ],
       [
        -122.514384,
        38.352009
       ],
       [
        -122.514282,
        38.351921
       ],
       [
        -122.51426,
        38.35192
       ],
       [
        -122.514163,
        38.351826
       ],
       [
        -122.514176,
        38.351798
       ],
       [
        -122.514834,
        38.351343
       ],
       [
        -122.515025,
        38.351144
       ],
       [
        -122.515074,
        38.351124
       ],
       [
        -122.515164,
        38.351156
       ],
       [
        -122.515308,
        38.351242
       ],
       [
        -122.515714,
        38.351606
       ],
       [
        -122.515726,
        38.351679
       ]
      ]
     ],
     [
      [
       [
        -122.514939,
        38.350623
       ],
       [
        -122.514668,
        38.350821
       ],
       [
        -122.514546,
        38.350751
       ],
       [
        -122.514419,
        38.350638
       ],
       [
        -122.514291,
        38.350449
       ],
       [
        -122.51461,
        38.350221
       ],
       [
        -122.514629,
        38.350221
       ],
       [
        -122.514654,
        38.350247
       ],
       [
        -122.514709,
        38.350346
       ],
       [
        -122.514739,
        38.350431
       ],
       [
        -122.514774,
        38.350468
       ],
       [
        -122.514784,
        38.350515
       ],
       [
        -122.514948,
        38.350606
       ],
       [
        -122.514939,
        38.350623
       ]
      ]
     ],
     [
      [
       [
        -122.516982,
        38.344884
       ],
       [
        -122.516928,
        38.344922
       ],
       [
        -122.516894,
        38.344916
       ],
       [
        -122.516933,
        38.34488
       ],
       [
        -122.516961,
        38.344832
       ],
       [
        -122.516965,
        38.344783
       ],
       [
        -122.516951,
        38.344752
       ],
       [
        -122.51674,
        38.344554
       ],
       [
        -122.516662,
        38.34453
       ],
       [
        -122.516616,
        38.344538
       ],
       [
        -122.5165,
        38.344599
       ],
       [
        -122.515466,
        38.345276
       ],
       [
        -122.515273,
        38.345391
       ],
       [
        -122.515129,
        38.345495
       ],
       [
        -122.5151,
        38.345502
       ],
       [
        -122.514921,
        38.345621
       ],
       [
        -122.514831,
        38.345699
       ],
       [
        -122.51482,
        38.345757
       ],
       [
        -122.514854,
        38.345815
       ],
       [
        -122.514959,
        38.345909
       ],
       [
        -122.514999,
        38.345927
       ],
       [
        -122.515179,
        38.345929
       ],
       [
        -122.515234,
        38.345939
       ],
       [
        -122.515212,
        38.345968
       ],
       [
        -122.515154,
        38.345986
       ],
       [
        -122.515026,
        38.346089
       ],
       [
        -122.514952,
        38.346212
       ],
       [
        -122.514957,
        38.346254
       ],
       [
        -122.514924,
        38.34628
       ],
       [
        -122.514889,
        38.346272
       ],
       [
        -122.514851,
        38.346241
       ],
       [
        -122.514488,
        38.345906
       ],
       [
        -122.514475,
        38.345598
       ],
       [
        -122.514519,
        38.345554
       ],
       [
        -122.514643,
        38.345463
       ],
       [
        -122.514659,
        38.345465
       ],
       [
        -122.51512,
        38.345152
       ],
       [
        -122.516017,
        38.344575
       ],
       [
        -122.516157,
        38.344478
       ],
       [
        -122.516178,
        38.344424
       ],
       [
        -122.516327,
        38.344387
       ],
       [
        -122.516385,
        38.344353
       ],
       [
        -122.516538,
        38.344314
       ],
       [
        -122.516591,
        38.344282
       ],
       [
        -122.516679,
        38.344253
       ],
       [
        -122.516765,
        38.344236
       ],
       [
        -122.517052,
        38.344506
       ],
       [
        -122.517156,
        38.344587
       ],
       [
        -122.51717,
        38.344636
       ],
       [
        -122.5171,
        38.344709
       ],
       [
        -122.516982,
        38.344884
       ]
      ]
     ],
     [
      [
       [
        -122.516683,
        38.345067
       ],
       [
        -122.515496,
        38.345836
       ],
       [
        -122.515208,
        38.345887
       ],
       [
        -122.515028,
        38.345888
       ],
       [
        -122.514979,
        38.345863
       ],
       [
        -122.514883,
        38.345768
       ],
       [
        -122.514875,
        38.345751
       ],
       [
        -122.514886,
        38.345709
       ],
       [
        -122.514914,
        38.345685
       ],
       [
        -122.516478,
        38.344674
       ],
       [
        -122.516604,
        38.344594
       ],
       [
        -122.516649,
        38.344579
       ],
       [
        -122.516708,
        38.344592
       ],
       [
        -122.516897,
        38.344771
       ],
       [
        -122.516905,
        38.3448
       ],
       [
        -122.516889,
        38.344844
       ],
       [
        -122.516683,
        38.345067
       ]
      ]
     ],
     [
      [
       [
        -122.516014,
        38.351458
       ],
       [
        -122.516,
        38.351476
       ],
       [
        -122.515962,
        38.351486
       ],
       [
        -122.515868,
        38.351551
       ],
       [
        -122.515788,
        38.351617
       ],
       [
        -122.515759,
        38.351573
       ],
       [
        -122.51539,
        38.351242
       ],
       [
        -122.515299,
        38.351178
       ],
       [
        -122.515252,
        38.351164
       ],
       [
        -122.515135,
        38.351087
       ],
       [
        -122.514914,
        38.350965
       ],
       [
        -122.514904,
        38.350953
       ],
       [
        -122.514933,
        38.350915
       ],
       [
        -122.515121,
        38.350715
       ],
       [
        -122.515143,
        38.350705
       ],
       [
        -122.515223,
        38.350752
       ],
       [
        -122.515248,
        38.350753
       ],
       [
        -122.515314,
        38.350799
       ],
       [
        -122.515353,
        38.350804
       ],
       [
        -122.515524,
        38.350918
       ],
       [
        -122.515597,
        38.351026
       ],
       [
        -122.515671,
        38.351093
       ],
       [
        -122.515787,
        38.351163
       ],
       [
        -122.515873,
        38.351375
       ],
       [
        -122.515931,
        38.351421
       ],
       [
        -122.515985,
        38.351433
       ],
       [
        -122.516014,
        38.351458
       ]
      ]
     ],
     [
      [
       [
        -122.516735,
        38.345934
       ],
       [
        -122.516642,
        38.346001
       ],
       [
        -122.516498,
        38.346074
       ],
       [
        -122.516366,
        38.346127
       ],
       [
        -122.515974,
        38.346256
       ],
       [
        -122.515722,
        38.346374
       ],
       [
        -122.51559,
        38.346451
       ],
       [
        -122.515517,
        38.346392
       ],
       [
        -122.515516,
        38.346382
       ],
       [
        -122.51567,
        38.346275
       ],
       [
        -122.51631,
        38.34593
       ],
       [
        -122.516399,
        38.345868
       ],
       [
        -122.516421,
        38.345867
       ],
       [
        -122.516474,
        38.345832
       ],
       [
        -122.516552,
        38.345773
       ],
       [
        -122.516583,
        38.345768
       ],
       [
        -122.516702,
        38.345871
       ],
       [
        -122.516741,
        38.345909
       ],
       [
        -122.516735,
        38.345934
       ]
      ]
     ],
     [
      [
       [
        -122.517734,
        38.350606
       ],
       [
        -122.517793,
        38.350662
       ],
       [
        -122.517778,
        38.35067
       ],
       [
        -122.517665,
        38.350627
       ],
       [
        -122.517644,
        38.350636
       ],
       [
        -122.517609,
        38.350625
       ],
       [
        -122.517365,
        38.350627
       ],
       [
        -122.517323,
        38.350608
       ],
       [
        -122.517198,
        38.350511
       ],
       [
        -122.517137,
        38.350484
       ],
       [
        -122.517042,
        38.350466
       ],
       [
        -122.516942,
        38.350462
       ],
       [
        -122.51692,
        38.350442
       ],
       [
        -122.516897,
        38.350364
       ],
       [
        -122.516847,
        38.350297
       ],
       [
        -122.516746,
        38.350234
       ],
       [
        -122.516651,
        38.350201
       ],
       [
        -122.51615,
        38.349816
       ],
       [
        -122.516007,
        38.349718
       ],
       [
        -122.515987,
        38.349716
       ],
       [
        -122.515756,
        38.349548
       ],
       [
        -122.515706,
        38.349528
       ],
       [
        -122.51561,
        38.349441
       ],
       [
        -122.515607,
        38.349392
       ],
       [
        -122.515961,
        38.349153
       ],
       [
        -122.51601,
        38.349151
       ],
       [
        -122.516196,
        38.349308
       ],
       [
        -122.516323,
        38.349441
       ],
       [
        -122.516486,
        38.349581
       ],
       [
        -122.516485,
        38.349614
       ],
       [
        -122.51657,
        38.349657
       ],
       [
        -122.516612,
        38.349698
       ],
       [
        -122.516612,
        38.349728
       ],
       [
        -122.516624,
        38.349738
       ],
       [
        -122.516647,
        38.349738
       ],
       [
        -122.516693,
        38.34976
       ],
       [
        -122.516716,
        38.349803
       ],
       [
        -122.517498,
        38.350514
       ],
       [
        -122.517617,
        38.350574
       ],
       [
        -122.517734,
        38.350606
       ]
      ]
     ],
     [
      [
       [
        -122.515905,
        38.346363
       ],
       [
        -122.516622,
        38.347016
       ],
       [
        -122.516404,
        38.34716
       ],
       [
        -122.515705,
        38.346533
       ],
       [
        -122.515663,
        38.346492
       ],
       [
        -122.515664,
        38.346462
       ],
       [
        -122.515858,
        38.346358
       ],
       [
        -122.515905,
        38.346363
       ]
      ]
     ],
     [
      [
       [
        -122.516833,
        38.346834
       ],
       [
        -122.516652,
        38.346966
       ],
       [
        -122.515964,
        38.346352
       ],
       [
        -122.515973,
        38.346313
       ],
       [
        -122.516162,
        38.346241
       ],
       [
        -122.516233,
        38.346287
       ],
       [
        -122.516824,
        38.346817
       ],
       [
        -122.516833,
        38.346834
       ]
      ]
     ],
     [
      [
       [
        -122.51675,
        38.345222
       ],
       [
        -122.516514,
        38.345377
       ],
       [
        -122.516447,
        38.345391
       ],
       [
        -122.516407,
        38.345419
       ],
       [
        -122.516375,
        38.345409
       ],
       [
        -122.516346,
        38.345429
       ],
       [
        -122.516296,
        38.345439
       ],
       [
        -122.516277,
        38.345425
       ],
       [
        -122.516274,
        38.345404
       ],
       [
        -122.516303,
        38.345372
       ],
       [
        -122.516726,
        38.345099
       ],
       [
        -122.516826,
        38.344995
       ],
       [
        -122.516855,
        38.345034
       ],
       [
        -122.516837,
        38.345122
       ],
       [
        -122.516816,
        38.345161
       ],
       [
        -122.51675,
        38.345222
       ]
      ]
     ],
     [
      [
       [
        -122.517278,
        38.346844
       ],
       [
        -122.517115,
        38.346965
       ],
       [
        -122.517077,
        38.346962
       ],
       [
        -122.516275,
        38.346242
       ],
       [
        -122.516276,
        38.346211
       ],
       [
        -122.516469,
        38.346134
       ],
       [
        -122.51652,
        38.346134
       ],
       [
        -122.517279,
        38.346814
       ],
       [
        -122.517278,
        38.346844
       ]
      ]
     ],
     [
      [
       [
        -122.517575,
        38.346636
       ],
       [
        -122.517358,
        38.346784
       ],
       [
        -122.517316,
        38.346781
       ],
       [
        -122.517301,
        38.346743
       ],
       [
        -122.517017,
        38.346487
       ],
       [
        -122.516982,
        38.346484
       ],
       [
        -122.516608,
        38.346157
       ],
       [
        -122.516575,
        38.346115
       ],
       [
        -122.516578,
        38.346091
       ],
       [
        -122.516793,
        38.345962
       ],
       [
        -122.516827,
        38.345949
       ],
       [
        -122.516853,
        38.345955
       ],
       [
        -122.517578,
        38.346605
       ],
       [
        -122.517575,
        38.346636
       ]
      ]
     ],
     [
      [
       [
        -122.517637,
        38.345319
       ],
       [
        -122.516831,
        38.345876
       ],
       [
        -122.5168,
        38.345879
       ],
       [
        -122.516775,
        38.345866
       ],
       [
        -122.516681,
        38.345778
       ],
       [
        -122.516678,
        38.345751
       ],
       [
        -122.516714,
        38.345726
       ],
       [
        -122.516926,
        38.345646
       ],
       [
        -122.517053,
        38.34557
       ],
       [
        -122.517197,
        38.345411
       ],
       [
        -122.517198,
        38.345394
       ],
       [
        -122.51735,
        38.345251
       ],
       [
        -122.517352,
        38.345231
       ],
       [
        -122.517412,
        38.345163
       ],
       [
        -122.517411,
        38.345147
       ],
       [
        -122.517432,
        38.345141
       ],
       [
        -122.517431,
        38.345112
       ],
       [
        -122.51761,
        38.345273
       ],
       [
        -122.517637,
        38.3453
       ],
       [
        -122.517637,
        38.345319
       ]
      ]
     ],
     [
      [
       [
        -122.51786,
        38.346453
       ],
       [
        -122.51767,
        38.34659
       ],
       [
        -122.517629,
        38.346586
       ],
       [
        -122.516897,
        38.34593
       ],
       [
        -122.516891,
        38.345902
       ],
       [
        -122.516903,
        38.345886
       ],
       [
        -122.517069,
        38.345771
       ],
       [
        -122.517118,
        38.345769
       ],
       [
        -122.517802,
        38.346402
       ],
       [
        -122.517856,
        38.346432
       ],
       [
        -122.51786,
        38.346453
       ]
      ]
     ],
     [
      [
       [
        -122.518104,
        38.346293
       ],
       [
        -122.51794,
        38.346409
       ],
       [
        -122.517902,
        38.346405
       ],
       [
        -122.517157,
        38.345737
       ],
       [
        -122.517158,
        38.345707
       ],
       [
        -122.517279,
        38.345626
       ],
       [
        -122.517305,
        38.345594
       ],
       [
        -122.517333,
        38.345588
       ],
       [
        -122.518088,
        38.346263
       ],
       [
        -122.518104,
        38.346293
       ]
      ]
     ],
     [
      [
       [
        -122.518048,
        38.345828
       ],
       [
        -122.517869,
        38.34595
       ],
       [
        -122.517831,
        38.345946
       ],
       [
        -122.517411,
        38.345569
       ],
       [
        -122.517416,
        38.345534
       ],
       [
        -122.51759,
        38.345408
       ],
       [
        -122.517619,
        38.345407
       ],
       [
        -122.517647,
        38.34542
       ],
       [
        -122.518057,
        38.345787
       ],
       [
        -122.51806,
        38.345812
       ],
       [
        -122.518048,
        38.345828
       ]
      ]
     ],
     [
      [
       [
        -122.520127,
        38.345577
       ],
       [
        -122.520182,
        38.345644
       ],
       [
        -122.520172,
        38.345651
       ],
       [
        -122.520123,
        38.345656
       ],
       [
        -122.519655,
        38.345987
       ],
       [
        -122.519631,
        38.345993
       ],
       [
        -122.51961,
        38.346023
       ],
       [
        -122.519579,
        38.346026
       ],
       [
        -122.519006,
        38.345521
       ],
       [
        -122.518815,
        38.345266
       ],
       [
        -122.518787,
        38.345221
       ],
       [
        -122.518788,
        38.345196
       ],
       [
        -122.518963,
        38.3449
       ],
       [
        -122.519094,
        38.344751
       ],
       [
        -122.519096,
        38.344717
       ],
       [
        -122.519141,
        38.344683
       ],
       [
        -122.51922,
        38.344744
       ],
       [
        -122.51926,
        38.344802
       ],
       [
        -122.519316,
        38.344831
       ],
       [
        -122.519372,
        38.344881
       ],
       [
        -122.519406,
        38.344933
       ],
       [
        -122.519529,
        38.345031
       ],
       [
        -122.519565,
        38.345079
       ],
       [
        -122.519683,
        38.345166
       ],
       [
        -122.519857,
        38.34535
       ],
       [
        -122.519912,
        38.345384
       ],
       [
        -122.520026,
        38.345499
       ],
       [
        -122.520127,
        38.345577
       ]
      ]
     ],
     [
      [
       [
        -122.520532,
        38.347279
       ],
       [
        -122.520331,
        38.347424
       ],
       [
        -122.520279,
        38.347438
       ],
       [
        -122.520102,
        38.347305
       ],
       [
        -122.5197,
        38.347072
       ],
       [
        -122.519732,
        38.347055
       ],
       [
        -122.519779,
        38.346999
       ],
       [
        -122.519821,
        38.346969
       ],
       [
        -122.519835,
        38.346933
       ],
       [
        -122.519864,
        38.346913
       ],
       [
        -122.519889,
        38.346868
       ],
       [
        -122.519941,
        38.346844
       ],
       [
        -122.520328,
        38.347078
       ],
       [
        -122.520528,
        38.347258
       ],
       [
        -122.520532,
        38.347279
       ]
      ]
     ],
     [
      [
       [
        -122.520627,
        38.349859
       ],
       [
        -122.520481,
        38.349961
       ],
       [
        -122.520423,
        38.349961
       ],
       [
        -122.520385,
        38.349949
       ],
       [
        -122.519847,
        38.349468
       ],
       [
        -122.519843,
        38.349447
       ],
       [
        -122.519869,
        38.349402
       ],
       [
        -122.520002,
        38.34931
       ],
       [
        -122.520051,
        38.349308
       ],
       [
        -122.520066,
        38.349322
       ],
       [
        -122.520065,
        38.349342
       ],
       [
        -122.520322,
        38.349576
       ],
       [
        -122.520567,
        38.349793
       ],
       [
        -122.520593,
        38.349797
       ],
       [
        -122.520628,
        38.349829
       ],
       [
        -122.520627,
        38.349859
       ]
      ]
     ],
     [
      [
       [
        -122.521085,
        38.348468
       ],
       [
        -122.520864,
        38.348647
       ],
       [
        -122.520839,
        38.348649
       ],
       [
        -122.520807,
        38.34863
       ],
       [
        -122.520633,
        38.348473
       ],
       [
        -122.520617,
        38.348444
       ],
       [
        -122.520591,
        38.348438
       ],
       [
        -122.520497,
        38.348357
       ],
       [
        -122.520455,
        38.348295
       ],
       [
        -122.520377,
        38.34825
       ],
       [
        -122.52036,
        38.348216
       ],
       [
        -122.520319,
        38.348198
       ],
       [
        -122.519887,
        38.347801
       ],
       [
        -122.519896,
        38.347759
       ],
       [
        -122.519974,
        38.347719
       ],
       [
        -122.520124,
        38.347615
       ],
       [
        -122.520171,
        38.347617
       ],
       [
        -122.521085,
        38.348438
       ],
       [
        -122.521085,
        38.348468
       ]
      ]
     ],
     [
      [
       [
        -122.520835,
        38.34707
       ],
       [
        -122.520609,
        38.347229
       ],
       [
        -122.52058,
        38.34723
       ],
       [
        -122.520371,
        38.347049
       ],
       [
        -122.52005,
        38.346862
       ],
       [
        -122.520028,
        38.346842
       ],
       [
        -122.520024,
        38.346821
       ],
       [
        -122.520192,
        38.346643
       ],
       [
        -122.520237,
        38.346628
       ],
       [
        -122.520433,
        38.346719
       ],
       [
        -122.520615,
        38.346821
       ],
       [
        -122.520756,
        38.346947
       ],
       [
        -122.520778,
        38.346986
       ],
       [
        -122.520837,
        38.347039
       ],
       [
        -122.520835,
        38.34707
       ]
      ]
     ],
     [
      [
       [
        -122.520896,
        38.349674
       ],
       [
        -122.520703,
        38.349805
       ],
       [
        -122.520654,
        38.349785
       ],
       [
        -122.520106,
        38.349287
       ],
       [
        -122.520102,
        38.349265
       ],
       [
        -122.520125,
        38.349225
       ],
       [
        -122.520235,
        38.349149
       ],
       [
        -122.520277,
        38.349152
       ],
       [
        -122.520308,
        38.349131
       ],
       [
        -122.520339,
        38.349131
       ],
       [
        -122.520354,
        38.349161
       ],
       [
        -122.520756,
        38.349521
       ],
       [
        -122.520811,
        38.349552
       ],
       [
        -122.520904,
        38.349636
       ],
       [
        -122.520896,
        38.349674
       ]
      ]
     ],
     [
      [
       [
        -122.52202,
        38.347708
       ],
       [
        -122.52199,
        38.347729
       ],
       [
        -122.521962,
        38.347732
       ],
       [
        -122.52195,
        38.347722
       ],
       [
        -122.521937,
        38.347664
       ],
       [
        -122.521876,
        38.347563
       ],
       [
        -122.521742,
        38.347452
       ],
       [
        -122.521182,
        38.347134
       ],
       [
        -122.521066,
        38.347085
       ],
       [
        -122.521007,
        38.347075
       ],
       [
        -122.520895,
        38.347023
       ],
       [
        -122.520826,
        38.346961
       ],
       [
        -122.52074,
        38.346856
       ],
       [
        -122.520615,
        38.346762
       ],
       [
        -122.520304,
        38.346603
       ],
       [
        -122.520251,
        38.346586
       ],
       [
        -122.520187,
        38.346544
       ],
       [
        -122.520271,
        38.346473
       ],
       [
        -122.520287,
        38.346435
       ],
       [
        -122.520342,
        38.346389
       ],
       [
        -122.520356,
        38.346347
       ],
       [
        -122.520406,
        38.346302
       ],
       [
        -122.520405,
        38.346283
       ],
       [
        -122.520495,
        38.346186
       ],
       [
        -122.520507,
        38.346157
       ],
       [
        -122.520586,
        38.346081
       ],
       [
        -122.520575,
        38.346056
       ],
       [
        -122.520594,
        38.346024
       ],
       [
        -122.52073,
        38.346137
       ],
       [
        -122.520758,
        38.346177
       ],
       [
        -122.52088,
        38.34628
       ],
       [
        -122.520918,
        38.34633
       ],
       [
        -122.521006,
        38.34639
       ],
       [
        -122.52106,
        38.346457
       ],
       [
        -122.521177,
        38.346556
       ],
       [
        -122.521207,
        38.346598
       ],
       [
        -122.521265,
        38.346635
       ],
       [
        -122.521367,
        38.346742
       ],
       [
        -122.521475,
        38.346824
       ],
       [
        -122.521465,
        38.346855
       ],
       [
        -122.521376,
        38.34693
       ],
       [
        -122.521372,
        38.346952
       ],
       [
        -122.521243,
        38.347087
       ],
       [
        -122.521235,
        38.347111
       ],
       [
        -122.521525,
        38.347273
       ],
       [
        -122.521578,
        38.347315
       ],
       [
        -122.521596,
        38.347315
       ],
       [
        -122.521705,
        38.347385
       ],
       [
        -122.521772,
        38.347415
       ],
       [
        -122.521917,
        38.347535
       ],
       [
        -122.52202,
        38.347708
       ]
      ]
     ],
     [
      [
       [
        -122.521462,
        38.348148
       ],
       [
        -122.52116,
        38.34841
       ],
       [
        -122.521114,
        38.348402
       ],
       [
        -122.520217,
        38.347591
       ],
       [
        -122.520226,
        38.347553
       ],
       [
        -122.520586,
        38.347304
       ],
       [
        -122.520624,
        38.347307
       ],
       [
        -122.520641,
        38.347322
       ],
       [
        -122.520644,
        38.347352
       ],
       [
        -122.521176,
        38.347829
       ],
       [
        -122.521369,
        38.348
       ],
       [
        -122.521403,
        38.348006
       ],
       [
        -122.521491,
        38.348085
       ],
       [
        -122.521495,
        38.348107
       ],
       [
        -122.521462,
        38.348148
       ]
      ]
     ],
     [
      [
       [
        -122.521183,
        38.349475
       ],
       [
        -122.520981,
        38.349613
       ],
       [
        -122.520931,
        38.349593
       ],
       [
        -122.520373,
        38.349086
       ],
       [
        -122.520382,
        38.349048
       ],
       [
        -122.520569,
        38.348921
       ],
       [
        -122.520607,
        38.348925
       ],
       [
        -122.520622,
        38.348938
       ],
       [
        -122.52062,
        38.348958
       ],
       [
        -122.521123,
        38.349409
       ],
       [
        -122.521148,
        38.349413
       ],
       [
        -122.521184,
        38.349445
       ],
       [
        -122.521183,
        38.349475
       ]
      ]
     ],
     [
      [
       [
        -122.520934,
        38.349779
       ],
       [
        -122.520566,
        38.350037
       ],
       [
        -122.520503,
        38.350042
       ],
       [
        -122.520466,
        38.350011
       ],
       [
        -122.52051,
        38.349999
       ],
       [
        -122.520887,
        38.349739
       ],
       [
        -122.520951,
        38.349684
       ],
       [
        -122.520965,
        38.349715
       ],
       [
        -122.520934,
        38.349779
       ]
      ]
     ],
     [
      [
       [
        -122.521401,
        38.34933
       ],
       [
        -122.521275,
        38.349417
       ],
       [
        -122.521244,
        38.34942
       ],
       [
        -122.521209,
        38.349401
       ],
       [
        -122.520651,
        38.348894
       ],
       [
        -122.52066,
        38.348856
       ],
       [
        -122.520816,
        38.348748
       ],
       [
        -122.520865,
        38.348746
       ],
       [
        -122.521414,
        38.349238
       ],
       [
        -122.521421,
        38.349297
       ],
       [
        -122.521401,
        38.34933
       ]
      ]
     ],
     [
      [
       [
        -122.52186,
        38.3478
       ],
       [
        -122.521563,
        38.348051
       ],
       [
        -122.521533,
        38.34804
       ],
       [
        -122.520712,
        38.3473
       ],
       [
        -122.520668,
        38.347279
       ],
       [
        -122.520665,
        38.347258
       ],
       [
        -122.520693,
        38.347227
       ],
       [
        -122.520883,
        38.347098
       ],
       [
        -122.520924,
        38.347092
       ],
       [
        -122.521046,
        38.347128
       ],
       [
        -122.521227,
        38.347213
       ],
       [
        -122.521255,
        38.347239
       ],
       [
        -122.521739,
        38.347507
       ],
       [
        -122.521823,
        38.347583
       ],
       [
        -122.521875,
        38.347661
       ],
       [
        -122.521896,
        38.347756
       ],
       [
        -122.52186,
        38.3478
       ]
      ]
     ],
     [
      [
       [
        -122.521491,
        38.349397
       ],
       [
        -122.52129,
        38.349541
       ],
       [
        -122.521186,
        38.349524
       ],
       [
        -122.52145,
        38.34935
       ],
       [
        -122.521508,
        38.349326
       ],
       [
        -122.521515,
        38.349354
       ],
       [
        -122.521491,
        38.349397
       ]
      ]
     ]
    ]
   }
  },
  {
   "type": "Feature",
   "properties": {
    "kind": "zone",
    "category": "residential",
    "label": "Proposed medium/flex density residential",
    "source": "traced: SDC Campus Specific Plan Update and Eldridge Renewal Project Notice of Preparation (County of Sonoma, SCH 2025081410, Aug 2025), Figure 4, Specific Plan Update Land Use Diagram, p. 22",
    "note": "Figure 4's higher-density housing district. The NOP doesn't assign housing types to districts; it places townhomes along Arnold Drive, at the east end of the Central Green and north and south of the Main Building (p. 7). The NOP gives typical heights of two to three stories for apartments, mixed-use buildings and townhomes, one to three for detached homes and three for co-housing (pp. 7-8); it doesn't tie heights to districts. About 22.2 acres as drawn, streets excluded. Approximate: traced from the county's figure. Proposed, not approved.",
    "stage": "entitlement",
    "accuracy": "approximate"
   },
   "geometry": {
    "type": "MultiPolygon",
    "coordinates": [
     [
      [
       [
        -122.513238,
        38.351419
       ],
       [
        -122.513236,
        38.351445
       ],
       [
        -122.513176,
        38.351484
       ],
       [
        -122.513135,
        38.351428
       ],
       [
        -122.51308,
        38.351399
       ],
       [
        -122.513023,
        38.351349
       ],
       [
        -122.512985,
        38.35129
       ],
       [
        -122.512905,
        38.351236
       ],
       [
        -122.512836,
        38.351153
       ],
       [
        -122.512779,
        38.35112
       ],
       [
        -122.512679,
        38.351012
       ],
       [
        -122.512612,
        38.35097
       ],
       [
        -122.51264,
        38.35095
       ],
       [
        -122.512678,
        38.35095
       ],
       [
        -122.51268,
        38.350931
       ],
       [
        -122.512696,
        38.35092
       ],
       [
        -122.51273,
        38.350942
       ],
       [
        -122.512702,
        38.35091
       ],
       [
        -122.51271,
        38.350896
       ],
       [
        -122.512963,
        38.351133
       ],
       [
        -122.512967,
        38.351154
       ],
       [
        -122.512947,
        38.351179
       ],
       [
        -122.512979,
        38.351208
       ],
       [
        -122.513189,
        38.351068
       ],
       [
        -122.513226,
        38.351062
       ],
       [
        -122.51344,
        38.351247
       ],
       [
        -122.513431,
        38.351286
       ],
       [
        -122.513238,
        38.351419
       ]
      ]
     ],
     [
      [
       [
        -122.51343,
        38.35084
       ],
       [
        -122.513037,
        38.351106
       ],
       [
        -122.51301,
        38.351101
       ],
       [
        -122.512799,
        38.350905
       ],
       [
        -122.512812,
        38.350877
       ],
       [
        -122.513199,
        38.350618
       ],
       [
        -122.513226,
        38.350623
       ],
       [
        -122.513432,
        38.350809
       ],
       [
        -122.51343,
        38.35084
       ]
      ]
     ],
     [
      [
       [
        -122.514138,
        38.350305
       ],
       [
        -122.514132,
        38.350358
       ],
       [
        -122.513511,
        38.350784
       ],
       [
        -122.513473,
        38.350781
       ],
       [
        -122.513263,
        38.35059
       ],
       [
        -122.513275,
        38.350557
       ],
       [
        -122.514006,
        38.350052
       ],
       [
        -122.51405,
        38.350076
       ],
       [
        -122.514058,
        38.350086
       ],
       [
        -122.514047,
        38.350104
       ],
       [
        -122.514087,
        38.350146
       ],
       [
        -122.514086,
        38.350182
       ],
       [
        -122.51412,
        38.350234
       ],
       [
        -122.51412,
        38.350283
       ],
       [
        -122.514138,
        38.350305
       ]
      ]
     ],
     [
      [
       [
        -122.514316,
        38.350674
       ],
       [
        -122.513507,
        38.351225
       ],
       [
        -122.513475,
        38.351218
       ],
       [
        -122.513274,
        38.351028
       ],
       [
        -122.513287,
        38.351
       ],
       [
        -122.514136,
        38.350414
       ],
       [
        -122.514179,
        38.35044
       ],
       [
        -122.514171,
        38.35047
       ],
       [
        -122.514204,
        38.350499
       ],
       [
        -122.514207,
        38.350566
       ],
       [
        -122.514285,
        38.350636
       ],
       [
        -122.514281,
        38.350661
       ],
       [
        -122.514316,
        38.350674
       ]
      ]
     ],
     [
      [
       [
        -122.51412,
        38.346639
       ],
       [
        -122.513936,
        38.346833
       ],
       [
        -122.513907,
        38.346835
       ],
       [
        -122.513855,
        38.346803
       ],
       [
        -122.513688,
        38.346494
       ],
       [
        -122.513629,
        38.345696
       ],
       [
        -122.513617,
        38.345639
       ],
       [
        -122.513543,
        38.345505
       ],
       [
        -122.513571,
        38.345491
       ],
       [
        -122.513587,
        38.345502
       ],
       [
        -122.51359,
        38.345478
       ],
       [
        -122.513563,
        38.34544
       ],
       [
        -122.513575,
        38.345402
       ],
       [
        -122.51355,
        38.345331
       ],
       [
        -122.513665,
        38.345284
       ],
       [
        -122.513735,
        38.345272
       ],
       [
        -122.513866,
        38.345215
       ],
       [
        -122.513957,
        38.345202
       ],
       [
        -122.514071,
        38.345144
       ],
       [
        -122.51417,
        38.345127
       ],
       [
        -122.514258,
        38.345081
       ],
       [
        -122.514324,
        38.345067
       ],
       [
        -122.514355,
        38.345116
       ],
       [
        -122.514329,
        38.345142
       ],
       [
        -122.514352,
        38.346118
       ],
       [
        -122.51436,
        38.346245
       ],
       [
        -122.514393,
        38.346434
       ],
       [
        -122.51412,
        38.346639
       ]
      ]
     ],
     [
      [
       [
        -122.51547,
        38.348277
       ],
       [
        -122.515274,
        38.348399
       ],
       [
        -122.515235,
        38.348388
       ],
       [
        -122.515105,
        38.348317
       ],
       [
        -122.514116,
        38.34776
       ],
       [
        -122.514102,
        38.347727
       ],
       [
        -122.514206,
        38.347575
       ],
       [
        -122.514238,
        38.347558
       ],
       [
        -122.514269,
        38.347563
       ],
       [
        -122.514436,
        38.347655
       ],
       [
        -122.515452,
        38.348227
       ],
       [
        -122.515476,
        38.348251
       ],
       [
        -122.51547,
        38.348277
       ]
      ]
     ],
     [
      [
       [
        -122.514677,
        38.347529
       ],
       [
        -122.515709,
        38.348114
       ],
       [
        -122.515572,
        38.348209
       ],
       [
        -122.515549,
        38.348216
       ],
       [
        -122.515507,
        38.348206
       ],
       [
        -122.514293,
        38.347527
       ],
       [
        -122.514272,
        38.347505
       ],
       [
        -122.514276,
        38.347481
       ],
       [
        -122.514392,
        38.347365
       ],
       [
        -122.51457,
        38.347479
       ],
       [
        -122.514677,
        38.347529
       ]
      ]
     ],
     [
      [
       [
        -122.515579,
        38.346454
       ],
       [
        -122.514834,
        38.346968
       ],
       [
        -122.514826,
        38.346961
       ],
       [
        -122.514812,
        38.346935
       ],
       [
        -122.515273,
        38.346617
       ],
       [
        -122.515516,
        38.3464
       ],
       [
        -122.515579,
        38.346454
       ]
      ]
     ],
     [
      [
       [
        -122.516132,
        38.347768
       ],
       [
        -122.515891,
        38.347956
       ],
       [
        -122.515853,
        38.347953
       ],
       [
        -122.514863,
        38.347045
       ],
       [
        -122.514858,
        38.347019
       ],
       [
        -122.51487,
        38.347003
       ],
       [
        -122.515099,
        38.346844
       ],
       [
        -122.515149,
        38.346842
       ],
       [
        -122.516141,
        38.34773
       ],
       [
        -122.516132,
        38.347768
       ]
      ]
     ],
     [
      [
       [
        -122.516349,
        38.347589
       ],
       [
        -122.516204,
        38.347694
       ],
       [
        -122.51616,
        38.347676
       ],
       [
        -122.515706,
        38.347266
       ],
       [
        -122.515667,
        38.347253
       ],
       [
        -122.515646,
        38.347222
       ],
       [
        -122.515485,
        38.347086
       ],
       [
        -122.515459,
        38.347053
       ],
       [
        -122.515462,
        38.347029
       ],
       [
        -122.51545,
        38.347018
       ],
       [
        -122.515413,
        38.347015
       ],
       [
        -122.515191,
        38.346813
       ],
       [
        -122.5152,
        38.346775
       ],
       [
        -122.515331,
        38.346684
       ],
       [
        -122.515368,
        38.346678
       ],
       [
        -122.515398,
        38.346692
       ],
       [
        -122.515413,
        38.346706
       ],
       [
        -122.515413,
        38.346727
       ],
       [
        -122.516178,
        38.347414
       ],
       [
        -122.516212,
        38.347417
       ],
       [
        -122.516341,
        38.347532
       ],
       [
        -122.516357,
        38.347562
       ],
       [
        -122.516349,
        38.347589
       ]
      ]
     ],
     [
      [
       [
        -122.516544,
        38.34868
       ],
       [
        -122.516023,
        38.349043
       ],
       [
        -122.515986,
        38.34905
       ],
       [
        -122.515332,
        38.348466
       ],
       [
        -122.515329,
        38.348444
       ],
       [
        -122.515598,
        38.348245
       ],
       [
        -122.51586,
        38.348069
       ],
       [
        -122.515891,
        38.348066
       ],
       [
        -122.516456,
        38.348577
       ],
       [
        -122.51654,
        38.348658
       ],
       [
        -122.516544,
        38.34868
       ]
      ]
     ],
     [
      [
       [
        -122.516415,
        38.347234
       ],
       [
        -122.516222,
        38.34737
       ],
       [
        -122.515423,
        38.346653
       ],
       [
        -122.515431,
        38.346615
       ],
       [
        -122.515568,
        38.34652
       ],
       [
        -122.515617,
        38.346519
       ],
       [
        -122.516415,
        38.347234
       ]
      ]
     ],
     [
      [
       [
        -122.51741,
        38.349485
       ],
       [
        -122.517005,
        38.349768
       ],
       [
        -122.516892,
        38.349841
       ],
       [
        -122.516855,
        38.349848
       ],
       [
        -122.516166,
        38.349229
       ],
       [
        -122.516052,
        38.349114
       ],
       [
        -122.516048,
        38.349093
       ],
       [
        -122.516564,
        38.348728
       ],
       [
        -122.516601,
        38.348722
       ],
       [
        -122.516754,
        38.348847
       ],
       [
        -122.516866,
        38.348963
       ],
       [
        -122.516938,
        38.349015
       ],
       [
        -122.516983,
        38.349068
       ],
       [
        -122.517183,
        38.349241
       ],
       [
        -122.517222,
        38.349282
       ],
       [
        -122.517223,
        38.349308
       ],
       [
        -122.517258,
        38.349324
       ],
       [
        -122.517409,
        38.349459
       ],
       [
        -122.51741,
        38.349485
       ]
      ]
     ],
     [
      [
       [
        -122.51802,
        38.350532
       ],
       [
        -122.517995,
        38.350555
       ],
       [
        -122.517959,
        38.350563
       ],
       [
        -122.517895,
        38.350573
       ],
       [
        -122.517793,
        38.35057
       ],
       [
        -122.517691,
        38.350552
       ],
       [
        -122.517573,
        38.350502
       ],
       [
        -122.517481,
        38.350434
       ],
       [
        -122.516918,
        38.349919
       ],
       [
        -122.516919,
        38.349887
       ],
       [
        -122.517126,
        38.349738
       ],
       [
        -122.51718,
        38.349738
       ],
       [
        -122.518016,
        38.35051
       ],
       [
        -122.51802,
        38.350532
       ]
      ]
     ],
     [
      [
       [
        -122.518374,
        38.350371
       ],
       [
        -122.5183,
        38.350427
       ],
       [
        -122.518146,
        38.350504
       ],
       [
        -122.518113,
        38.350514
       ],
       [
        -122.518086,
        38.350508
       ],
       [
        -122.517219,
        38.349714
       ],
       [
        -122.517213,
        38.349688
       ],
       [
        -122.51726,
        38.349626
       ],
       [
        -122.517293,
        38.349606
       ],
       [
        -122.517344,
        38.349601
       ],
       [
        -122.517449,
        38.349529
       ],
       [
        -122.51749,
        38.349532
       ],
       [
        -122.518291,
        38.350269
       ],
       [
        -122.51837,
        38.350349
       ],
       [
        -122.518374,
        38.350371
       ]
      ]
     ],
     [
      [
       [
        -122.518701,
        38.35015
       ],
       [
        -122.518456,
        38.350319
       ],
       [
        -122.518415,
        38.350316
       ],
       [
        -122.517483,
        38.349462
       ],
       [
        -122.517492,
        38.349423
       ],
       [
        -122.517718,
        38.349267
       ],
       [
        -122.517767,
        38.349266
       ],
       [
        -122.518707,
        38.350106
       ],
       [
        -122.518713,
        38.350133
       ],
       [
        -122.518701,
        38.35015
       ]
      ]
     ],
     [
      [
       [
        -122.518472,
        38.350962
       ],
       [
        -122.518441,
        38.350983
       ],
       [
        -122.518339,
        38.350943
       ],
       [
        -122.518307,
        38.350952
       ],
       [
        -122.518282,
        38.350929
       ],
       [
        -122.518231,
        38.350926
       ],
       [
        -122.518124,
        38.350836
       ],
       [
        -122.518099,
        38.350832
       ],
       [
        -122.518016,
        38.350779
       ],
       [
        -122.517993,
        38.350777
       ],
       [
        -122.517921,
        38.350724
       ],
       [
        -122.517821,
        38.350702
       ],
       [
        -122.517787,
        38.350672
       ],
       [
        -122.517795,
        38.350658
       ],
       [
        -122.517743,
        38.350611
       ],
       [
        -122.517864,
        38.350618
       ],
       [
        -122.517998,
        38.350607
       ],
       [
        -122.518069,
        38.350584
       ],
       [
        -122.518099,
        38.35059
       ],
       [
        -122.518213,
        38.350689
       ],
       [
        -122.518472,
        38.350962
       ]
      ]
     ],
     [
      [
       [
        -122.518944,
        38.349982
       ],
       [
        -122.518796,
        38.350082
       ],
       [
        -122.51877,
        38.350083
       ],
       [
        -122.518746,
        38.350071
       ],
       [
        -122.517815,
        38.349235
       ],
       [
        -122.517811,
        38.349211
       ],
       [
        -122.517824,
        38.349194
       ],
       [
        -122.517956,
        38.349105
       ],
       [
        -122.518006,
        38.349103
       ],
       [
        -122.518947,
        38.349948
       ],
       [
        -122.518944,
        38.349982
       ]
      ]
     ],
     [
      [
       [
        -122.519207,
        38.349795
       ],
       [
        -122.519037,
        38.349918
       ],
       [
        -122.518987,
        38.34992
       ],
       [
        -122.518067,
        38.349093
       ],
       [
        -122.518037,
        38.349079
       ],
       [
        -122.518038,
        38.349049
       ],
       [
        -122.518099,
        38.349003
       ],
       [
        -122.518101,
        38.348986
       ],
       [
        -122.518221,
        38.348922
       ],
       [
        -122.518259,
        38.348926
       ],
       [
        -122.519193,
        38.349761
       ],
       [
        -122.519207,
        38.349795
       ]
      ]
     ],
     [
      [
       [
        -122.519,
        38.350982
       ],
       [
        -122.518957,
        38.351011
       ],
       [
        -122.518757,
        38.351031
       ],
       [
        -122.518734,
        38.351044
       ],
       [
        -122.518713,
        38.351037
       ],
       [
        -122.51863,
        38.351052
       ],
       [
        -122.518574,
        38.351044
       ],
       [
        -122.518549,
        38.351016
       ],
       [
        -122.518562,
        38.350972
       ],
       [
        -122.518167,
        38.350581
       ],
       [
        -122.518168,
        38.350548
       ],
       [
        -122.518364,
        38.350448
       ],
       [
        -122.518397,
        38.350419
       ],
       [
        -122.518446,
        38.350418
       ],
       [
        -122.518847,
        38.350805
       ],
       [
        -122.51899,
        38.350961
       ],
       [
        -122.519,
        38.350982
       ]
      ]
     ],
     [
      [
       [
        -122.519454,
        38.349627
       ],
       [
        -122.519289,
        38.349743
       ],
       [
        -122.519242,
        38.349744
       ],
       [
        -122.518295,
        38.3489
       ],
       [
        -122.518307,
        38.348849
       ],
       [
        -122.51847,
        38.348747
       ],
       [
        -122.518513,
        38.34875
       ],
       [
        -122.519456,
        38.349596
       ],
       [
        -122.519454,
        38.349627
       ]
      ]
     ],
     [
      [
       [
        -122.519718,
        38.349447
       ],
       [
        -122.519554,
        38.349561
       ],
       [
        -122.519504,
        38.349563
       ],
       [
        -122.518562,
        38.348716
       ],
       [
        -122.51857,
        38.348678
       ],
       [
        -122.518724,
        38.348572
       ],
       [
        -122.518774,
        38.34857
       ],
       [
        -122.519407,
        38.349138
       ],
       [
        -122.519411,
        38.34916
       ],
       [
        -122.519439,
        38.349188
       ],
       [
        -122.519476,
        38.3492
       ],
       [
        -122.519581,
        38.349294
       ],
       [
        -122.519584,
        38.349327
       ],
       [
        -122.51963,
        38.349338
       ],
       [
        -122.519718,
        38.349417
       ],
       [
        -122.519718,
        38.349447
       ]
      ]
     ],
     [
      [
       [
        -122.519969,
        38.349271
       ],
       [
        -122.519804,
        38.349387
       ],
       [
        -122.519755,
        38.349389
       ],
       [
        -122.518818,
        38.348542
       ],
       [
        -122.518826,
        38.348504
       ],
       [
        -122.518981,
        38.348397
       ],
       [
        -122.51903,
        38.348395
       ],
       [
        -122.519971,
        38.34924
       ],
       [
        -122.519969,
        38.349271
       ]
      ]
     ],
     [
      [
       [
        -122.520119,
        38.349186
       ],
       [
        -122.520053,
        38.349215
       ],
       [
        -122.520015,
        38.349212
       ],
       [
        -122.519071,
        38.348364
       ],
       [
        -122.519079,
        38.348326
       ],
       [
        -122.51928,
        38.34819
       ],
       [
        -122.519318,
        38.348194
       ],
       [
        -122.520266,
        38.349039
       ],
       [
        -122.520266,
        38.349069
       ],
       [
        -122.520134,
        38.349162
       ],
       [
        -122.520119,
        38.349186
       ]
      ]
     ],
     [
      [
       [
        -122.520524,
        38.348887
       ],
       [
        -122.520343,
        38.349016
       ],
       [
        -122.520305,
        38.349012
       ],
       [
        -122.519358,
        38.348163
       ],
       [
        -122.519355,
        38.348141
       ],
       [
        -122.519373,
        38.348118
       ],
       [
        -122.519535,
        38.348012
       ],
       [
        -122.519584,
        38.34801
       ],
       [
        -122.520527,
        38.348856
       ],
       [
        -122.520524,
        38.348887
       ]
      ]
     ],
     [
      [
       [
        -122.520783,
        38.348712
       ],
       [
        -122.520609,
        38.348832
       ],
       [
        -122.520571,
        38.348828
       ],
       [
        -122.519626,
        38.347981
       ],
       [
        -122.519635,
        38.347942
       ],
       [
        -122.519789,
        38.347836
       ],
       [
        -122.519839,
        38.347834
       ],
       [
        -122.520783,
        38.348682
       ],
       [
        -122.520783,
        38.348712
       ]
      ]
     ]
    ]
   }
  },
  {
   "type": "Feature",
   "properties": {
    "kind": "zone",
    "category": "mixed-use",
    "label": "Proposed flex zone",
    "source": "traced: SDC Campus Specific Plan Update and Eldridge Renewal Project Notice of Preparation (County of Sonoma, SCH 2025081410, Aug 2025), Figure 4, Specific Plan Update Land Use Diagram, p. 22",
    "note": "Apartments and mixed-use buildings with ground-floor commercial uses around the Central Green and major streets, grouped around the Central Green (NOP pp. 7-8). Category mixed-use: housing with ground-floor commercial uses. The NOP gives typical heights of two to three stories for apartments, mixed-use buildings and townhomes, one to three for detached homes and three for co-housing (pp. 7-8); it doesn't tie heights to districts. About 14.0 acres as drawn, streets excluded. Approximate: traced from the county's figure. Proposed, not approved.",
    "stage": "entitlement",
    "accuracy": "approximate"
   },
   "geometry": {
    "type": "MultiPolygon",
    "coordinates": [
     [
      [
       [
        -122.516775,
        38.348458
       ],
       [
        -122.516559,
        38.348605
       ],
       [
        -122.516194,
        38.348277
       ],
       [
        -122.516186,
        38.348258
       ],
       [
        -122.515924,
        38.348017
       ],
       [
        -122.515942,
        38.347977
       ],
       [
        -122.516007,
        38.347935
       ],
       [
        -122.51662,
        38.347431
       ],
       [
        -122.516662,
        38.34741
       ],
       [
        -122.516689,
        38.347416
       ],
       [
        -122.516767,
        38.347483
       ],
       [
        -122.517273,
        38.347943
       ],
       [
        -122.517259,
        38.347971
       ],
       [
        -122.516801,
        38.348295
       ],
       [
        -122.516768,
        38.348366
       ],
       [
        -122.516775,
        38.348458
       ]
      ]
     ],
     [
      [
       [
        -122.518255,
        38.347274
       ],
       [
        -122.517653,
        38.347702
       ],
       [
        -122.51761,
        38.347709
       ],
       [
        -122.51758,
        38.347728
       ],
       [
        -122.517558,
        38.347767
       ],
       [
        -122.517329,
        38.347914
       ],
       [
        -122.517303,
        38.347908
       ],
       [
        -122.516722,
        38.347372
       ],
       [
        -122.516753,
        38.347323
       ],
       [
        -122.517118,
        38.347025
       ],
       [
        -122.517171,
        38.346994
       ],
       [
        -122.517217,
        38.346943
       ],
       [
        -122.517346,
        38.346854
       ],
       [
        -122.517397,
        38.346835
       ],
       [
        -122.517413,
        38.3468
       ],
       [
        -122.51749,
        38.346762
       ],
       [
        -122.517495,
        38.346745
       ],
       [
        -122.517558,
        38.346697
       ],
       [
        -122.517621,
        38.346674
       ],
       [
        -122.517665,
        38.346692
       ],
       [
        -122.518015,
        38.347043
       ],
       [
        -122.518249,
        38.347241
       ],
       [
        -122.518255,
        38.347274
       ]
      ]
     ],
     [
      [
       [
        -122.518004,
        38.349013
       ],
       [
        -122.517458,
        38.34939
       ],
       [
        -122.517421,
        38.349397
       ],
       [
        -122.516723,
        38.348761
       ],
       [
        -122.516961,
        38.348588
       ],
       [
        -122.517058,
        38.34858
       ],
       [
        -122.517131,
        38.348554
       ],
       [
        -122.517569,
        38.348251
       ],
       [
        -122.517606,
        38.348245
       ],
       [
        -122.518251,
        38.348821
       ],
       [
        -122.518239,
        38.348853
       ],
       [
        -122.518052,
        38.348982
       ],
       [
        -122.518019,
        38.348989
       ],
       [
        -122.518004,
        38.349013
       ]
      ]
     ],
     [
      [
       [
        -122.519047,
        38.345625
       ],
       [
        -122.518623,
        38.345931
       ],
       [
        -122.518579,
        38.345932
       ],
       [
        -122.518564,
        38.345942
       ],
       [
        -122.518548,
        38.345983
       ],
       [
        -122.518376,
        38.346102
       ],
       [
        -122.5181,
        38.34586
       ],
       [
        -122.518142,
        38.34583
       ],
       [
        -122.518144,
        38.345805
       ],
       [
        -122.51767,
        38.345379
       ],
       [
        -122.517671,
        38.345347
       ],
       [
        -122.517639,
        38.345318
       ],
       [
        -122.517639,
        38.345299
       ],
       [
        -122.517431,
        38.345109
       ],
       [
        -122.517515,
        38.344995
       ],
       [
        -122.51769,
        38.344901
       ],
       [
        -122.517755,
        38.344885
       ],
       [
        -122.517802,
        38.344912
       ],
       [
        -122.517864,
        38.344928
       ],
       [
        -122.517986,
        38.344933
       ],
       [
        -122.518038,
        38.34491
       ],
       [
        -122.518075,
        38.344912
       ],
       [
        -122.518103,
        38.344895
       ],
       [
        -122.518123,
        38.344897
       ],
       [
        -122.518233,
        38.344845
       ],
       [
        -122.518366,
        38.344772
       ],
       [
        -122.518615,
        38.344603
       ],
       [
        -122.51876,
        38.344457
       ],
       [
        -122.518761,
        38.344443
       ],
       [
        -122.518817,
        38.344404
       ],
       [
        -122.518846,
        38.344401
       ],
       [
        -122.518914,
        38.344439
       ],
       [
        -122.518955,
        38.344513
       ],
       [
        -122.519073,
        38.344601
       ],
       [
        -122.519105,
        38.344654
       ],
       [
        -122.519138,
        38.34468
       ],
       [
        -122.519085,
        38.344725
       ],
       [
        -122.519068,
        38.344709
       ],
       [
        -122.519053,
        38.344717
       ],
       [
        -122.518985,
        38.344794
       ],
       [
        -122.518881,
        38.344922
       ],
       [
        -122.518729,
        38.34518
       ],
       [
        -122.518727,
        38.345227
       ],
       [
        -122.518759,
        38.345284
       ],
       [
        -122.518954,
        38.345541
       ],
       [
        -122.519047,
        38.345625
       ]
      ]
     ],
     [
      [
       [
        -122.519257,
        38.348139
       ],
       [
        -122.51834,
        38.348784
       ],
       [
        -122.51829,
        38.348786
       ],
       [
        -122.517657,
        38.348217
       ],
       [
        -122.517654,
        38.348196
       ],
       [
        -122.518553,
        38.347572
       ],
       [
        -122.51859,
        38.347565
       ],
       [
        -122.518941,
        38.347865
       ],
       [
        -122.519182,
        38.348054
       ],
       [
        -122.519253,
        38.348117
       ],
       [
        -122.519257,
        38.348139
       ]
      ]
     ],
     [
      [
       [
        -122.518766,
        38.346209
       ],
       [
        -122.51789,
        38.346814
       ],
       [
        -122.517847,
        38.346809
       ],
       [
        -122.517703,
        38.346659
       ],
       [
        -122.517711,
        38.34662
       ],
       [
        -122.518589,
        38.346017
       ],
       [
        -122.518627,
        38.34602
       ],
       [
        -122.518757,
        38.346156
       ],
       [
        -122.518778,
        38.346187
       ],
       [
        -122.518766,
        38.346209
       ]
      ]
     ],
     [
      [
       [
        -122.519269,
        38.345861
       ],
       [
        -122.518845,
        38.346149
       ],
       [
        -122.518818,
        38.346143
       ],
       [
        -122.518778,
        38.346107
       ],
       [
        -122.518664,
        38.34598
       ],
       [
        -122.518678,
        38.345952
       ],
       [
        -122.519086,
        38.345673
       ],
       [
        -122.519113,
        38.345684
       ],
       [
        -122.519274,
        38.345828
       ],
       [
        -122.519269,
        38.345861
       ]
      ]
     ],
     [
      [
       [
        -122.520225,
        38.347489
       ],
       [
        -122.519335,
        38.34809
       ],
       [
        -122.519294,
        38.348087
       ],
       [
        -122.519081,
        38.347908
       ],
       [
        -122.519082,
        38.347875
       ],
       [
        -122.519944,
        38.347279
       ],
       [
        -122.520001,
        38.347299
       ],
       [
        -122.52018,
        38.347423
       ],
       [
        -122.520234,
        38.347472
       ],
       [
        -122.520225,
        38.347489
       ]
      ]
     ]
    ]
   }
  },
  {
   "type": "Feature",
   "properties": {
    "kind": "zone",
    "category": "commercial",
    "label": "Proposed employment: hotel and conference center",
    "source": "traced: SDC Campus Specific Plan Update and Eldridge Renewal Project Notice of Preparation (County of Sonoma, SCH 2025081410, Aug 2025), Figure 4, Specific Plan Update Land Use Diagram, p. 22",
    "note": "A 150-key boutique hotel with conference facilities, amenities and a parking structure in the north-west of the core campus, about 120,000 sq ft in all (NOP pp. 7, 9; named on Figure 5, p. 23). Category commercial: visitor-serving. About 4.1 acres as drawn, streets excluded. Approximate: traced from the county's figure. Proposed, not approved.",
    "stage": "entitlement",
    "accuracy": "approximate"
   },
   "geometry": {
    "type": "MultiPolygon",
    "coordinates": [
     [
      [
       [
        -122.522858,
        38.348555
       ],
       [
        -122.522771,
        38.348617
       ],
       [
        -122.522714,
        38.348643
       ],
       [
        -122.522609,
        38.348729
       ],
       [
        -122.522537,
        38.348757
       ],
       [
        -122.52249,
        38.348804
       ],
       [
        -122.52236,
        38.34888
       ],
       [
        -122.522243,
        38.348974
       ],
       [
        -122.522175,
        38.349002
       ],
       [
        -122.522059,
        38.349094
       ],
       [
        -122.521997,
        38.349118
       ],
       [
        -122.521954,
        38.349166
       ],
       [
        -122.521883,
        38.349215
       ],
       [
        -122.52181,
        38.349244
       ],
       [
        -122.521766,
        38.349288
       ],
       [
        -122.521607,
        38.34939
       ],
       [
        -122.52151,
        38.349325
       ],
       [
        -122.521813,
        38.349115
       ],
       [
        -122.522198,
        38.348925
       ],
       [
        -122.522292,
        38.348849
       ],
       [
        -122.522278,
        38.34884
       ],
       [
        -122.521846,
        38.349041
       ],
       [
        -122.521533,
        38.34925
       ],
       [
        -122.521496,
        38.349257
       ],
       [
        -122.521305,
        38.349082
       ],
       [
        -122.52129,
        38.349057
       ],
       [
        -122.521304,
        38.349029
       ],
       [
        -122.521425,
        38.348948
       ],
       [
        -122.521485,
        38.348925
       ],
       [
        -122.521507,
        38.348896
       ],
       [
        -122.521467,
        38.348884
       ],
       [
        -122.521407,
        38.348901
       ],
       [
        -122.52129,
        38.34898
       ],
       [
        -122.521226,
        38.348999
       ],
       [
        -122.521181,
        38.348971
       ],
       [
        -122.520899,
        38.348706
       ],
       [
        -122.520917,
        38.34867
       ],
       [
        -122.521183,
        38.348461
       ],
       [
        -122.521405,
        38.348265
       ],
       [
        -122.521436,
        38.348265
       ],
       [
        -122.521481,
        38.348296
       ],
       [
        -122.521514,
        38.3484
       ],
       [
        -122.521541,
        38.3484
       ],
       [
        -122.521593,
        38.348369
       ],
       [
        -122.521639,
        38.348405
       ],
       [
        -122.521664,
        38.348409
       ],
       [
        -122.52168,
        38.348392
       ],
       [
        -122.521699,
        38.348272
       ],
       [
        -122.521727,
        38.348226
       ],
       [
        -122.521914,
        38.348051
       ],
       [
        -122.522026,
        38.347971
       ],
       [
        -122.522056,
        38.347976
       ],
       [
        -122.522223,
        38.348098
       ],
       [
        -122.52226,
        38.348153
       ],
       [
        -122.522279,
        38.348213
       ],
       [
        -122.522281,
        38.348273
       ],
       [
        -122.522265,
        38.348316
       ],
       [
        -122.522159,
        38.348446
       ],
       [
        -122.522153,
        38.348504
       ],
       [
        -122.522168,
        38.348539
       ],
       [
        -122.522222,
        38.348594
       ],
       [
        -122.52226,
        38.34861
       ],
       [
        -122.52234,
        38.348614
       ],
       [
        -122.522405,
        38.348596
       ],
       [
        -122.522432,
        38.348601
       ],
       [
        -122.522449,
        38.348622
       ],
       [
        -122.52243,
        38.348694
       ],
       [
        -122.522394,
        38.348748
       ],
       [
        -122.522318,
        38.348815
       ],
       [
        -122.522332,
        38.348824
       ],
       [
        -122.522364,
        38.34881
       ],
       [
        -122.522433,
        38.348762
       ],
       [
        -122.522483,
        38.348714
       ],
       [
        -122.522508,
        38.348651
       ],
       [
        -122.522513,
        38.348521
       ],
       [
        -122.522466,
        38.348476
       ],
       [
        -122.522468,
        38.348434
       ],
       [
        -122.522389,
        38.348287
       ],
       [
        -122.522362,
        38.348193
       ],
       [
        -122.522287,
        38.348088
       ],
       [
        -122.522233,
        38.34804
       ],
       [
        -122.522036,
        38.347899
       ],
       [
        -122.521959,
        38.347767
       ],
       [
        -122.521958,
        38.347738
       ],
       [
        -122.521997,
        38.34773
       ],
       [
        -122.522246,
        38.347552
       ],
       [
        -122.522272,
        38.347585
       ],
       [
        -122.522328,
        38.347617
       ],
       [
        -122.522392,
        38.347674
       ],
       [
        -122.522421,
        38.347719
       ],
       [
        -122.52254,
        38.347806
       ],
       [
        -122.522574,
        38.347858
       ],
       [
        -122.522654,
        38.347918
       ],
       [
        -122.522678,
        38.347955
       ],
       [
        -122.522688,
        38.348016
       ],
       [
        -122.522757,
        38.348075
       ],
       [
        -122.522814,
        38.3482
       ],
       [
        -122.5229,
        38.348308
       ],
       [
        -122.522909,
        38.348377
       ],
       [
        -122.522943,
        38.348431
       ],
       [
        -122.522939,
        38.348471
       ],
       [
        -122.522858,
        38.348555
       ]
      ]
     ],
     [
      [
       [
        -122.521686,
        38.348192
       ],
       [
        -122.521603,
        38.348351
       ],
       [
        -122.52156,
        38.34833
       ],
       [
        -122.521533,
        38.348276
       ],
       [
        -122.521479,
        38.34823
       ],
       [
        -122.52148,
        38.348197
       ],
       [
        -122.521845,
        38.347875
       ],
       [
        -122.521891,
        38.347843
       ],
       [
        -122.521922,
        38.347843
       ],
       [
        -122.521975,
        38.347903
       ],
       [
        -122.521972,
        38.347938
       ],
       [
        -122.521686,
        38.348192
       ]
      ]
     ],
     [
      [
       [
        -122.522394,
        38.348539
       ],
       [
        -122.522352,
        38.348563
       ],
       [
        -122.522298,
        38.348567
       ],
       [
        -122.522257,
        38.348558
       ],
       [
        -122.522217,
        38.348519
       ],
       [
        -122.522221,
        38.348449
       ],
       [
        -122.522321,
        38.348342
       ],
       [
        -122.522359,
        38.348346
       ],
       [
        -122.522396,
        38.348403
       ],
       [
        -122.522418,
        38.348482
       ],
       [
        -122.522394,
        38.348539
       ]
      ]
     ]
    ]
   }
  },
  {
   "type": "Feature",
   "properties": {
    "kind": "zone",
    "category": "office",
    "label": "Proposed employment: Main Building and innovation center",
    "source": "traced: SDC Campus Specific Plan Update and Eldridge Renewal Project Notice of Preparation (County of Sonoma, SCH 2025081410, Aug 2025), Figure 4, Specific Plan Update Land Use Diagram, p. 22",
    "note": "The historic Main Building, reused for office, retail and entertainment, and the Small Business + Innovation Center behind it (two reused shops and three new buildings for office, R&D, creative services and micro-manufacturing) (NOP pp. 8-9; named on Figure 5, p. 23). Category office. About 130,000 sq ft of commercial uses project-wide (p. 7). About 4.0 acres as drawn, streets excluded. Approximate: traced from the county's figure. Proposed, not approved.",
    "stage": "entitlement",
    "accuracy": "approximate"
   },
   "geometry": {
    "type": "MultiPolygon",
    "coordinates": [
     [
      [
       [
        -122.519431,
        38.346954
       ],
       [
        -122.519409,
        38.346955
       ],
       [
        -122.518605,
        38.347508
       ],
       [
        -122.518253,
        38.347192
       ],
       [
        -122.518297,
        38.347167
       ],
       [
        -122.518335,
        38.347165
       ],
       [
        -122.518331,
        38.347149
       ],
       [
        -122.518378,
        38.347114
       ],
       [
        -122.518619,
        38.346963
       ],
       [
        -122.519101,
        38.346636
       ],
       [
        -122.519162,
        38.346709
       ],
       [
        -122.519431,
        38.346954
       ]
      ]
     ],
     [
      [
       [
        -122.519723,
        38.347029
       ],
       [
        -122.519698,
        38.34707
       ],
       [
        -122.519675,
        38.347062
       ],
       [
        -122.519524,
        38.34696
       ],
       [
        -122.519233,
        38.346709
       ],
       [
        -122.519098,
        38.34656
       ],
       [
        -122.518872,
        38.346219
       ],
       [
        -122.51888,
        38.346192
       ],
       [
        -122.519302,
        38.345897
       ],
       [
        -122.51933,
        38.345889
       ],
       [
        -122.519357,
        38.345894
       ],
       [
        -122.5197,
        38.346211
       ],
       [
        -122.51975,
        38.346244
       ],
       [
        -122.519778,
        38.346284
       ],
       [
        -122.51983,
        38.346315
       ],
       [
        -122.520148,
        38.346598
       ],
       [
        -122.520139,
        38.346626
       ],
       [
        -122.51994,
        38.346828
       ],
       [
        -122.519943,
        38.346837
       ],
       [
        -122.519894,
        38.34686
       ],
       [
        -122.519871,
        38.346895
       ],
       [
        -122.519723,
        38.347029
       ]
      ]
     ],
     [
      [
       [
        -122.520268,
        38.346429
       ],
       [
        -122.520178,
        38.346548
       ],
       [
        -122.520127,
        38.346521
       ],
       [
        -122.519608,
        38.346052
       ],
       [
        -122.519638,
        38.346012
       ],
       [
        -122.520158,
        38.34565
       ],
       [
        -122.520213,
        38.345663
       ],
       [
        -122.52031,
        38.345766
       ],
       [
        -122.520431,
        38.345859
       ],
       [
        -122.52046,
        38.345907
       ],
       [
        -122.520588,
        38.346012
       ],
       [
        -122.520574,
        38.346064
       ],
       [
        -122.520493,
        38.346145
       ],
       [
        -122.520426,
        38.346231
       ],
       [
        -122.520428,
        38.346246
       ],
       [
        -122.520357,
        38.346314
       ],
       [
        -122.52036,
        38.346328
       ],
       [
        -122.520326,
        38.346357
       ],
       [
        -122.520291,
        38.346416
       ],
       [
        -122.520268,
        38.346429
       ]
      ]
     ]
    ]
   }
  },
  {
   "type": "Feature",
   "properties": {
    "kind": "zone",
    "category": "open-space",
    "label": "Proposed park",
    "source": "traced: SDC Campus Specific Plan Update and Eldridge Renewal Project Notice of Preparation (County of Sonoma, SCH 2025081410, Aug 2025), Figure 4, Specific Plan Update Land Use Diagram, p. 22",
    "note": "Parks, including the Central Green. The NOP gives about 67 acres of parks, recreation areas and open space in all, with walking trails, sports fields, playgrounds, dog parks, a community center and gym, and riparian corridors (p. 7). About 9.9 acres as drawn, streets excluded. Approximate: traced from the county's figure. Proposed, not approved.",
    "stage": "entitlement",
    "accuracy": "approximate"
   },
   "geometry": {
    "type": "MultiPolygon",
    "coordinates": [
     [
      [
       [
        -122.514212,
        38.351695
       ],
       [
        -122.514166,
        38.351746
       ],
       [
        -122.514031,
        38.351622
       ],
       [
        -122.514045,
        38.351601
       ],
       [
        -122.514211,
        38.351483
       ],
       [
        -122.514212,
        38.351469
       ],
       [
        -122.514126,
        38.351397
       ],
       [
        -122.514129,
        38.351382
       ],
       [
        -122.514465,
        38.351135
       ],
       [
        -122.514489,
        38.351138
       ],
       [
        -122.514563,
        38.351192
       ],
       [
        -122.5146,
        38.351201
       ],
       [
        -122.514831,
        38.351047
       ],
       [
        -122.514899,
        38.351022
       ],
       [
        -122.514995,
        38.351065
       ],
       [
        -122.515004,
        38.351089
       ],
       [
        -122.514987,
        38.351114
       ],
       [
        -122.514826,
        38.351281
       ],
       [
        -122.514748,
        38.351325
       ],
       [
        -122.514212,
        38.351695
       ]
      ]
     ],
     [
      [
       [
        -122.515832,
        38.348029
       ],
       [
        -122.515711,
        38.348113
       ],
       [
        -122.514787,
        38.347587
       ],
       [
        -122.514572,
        38.347477
       ],
       [
        -122.51454,
        38.347449
       ],
       [
        -122.514498,
        38.347435
       ],
       [
        -122.51442,
        38.347384
       ],
       [
        -122.514396,
        38.347362
       ],
       [
        -122.514403,
        38.347353
       ],
       [
        -122.514709,
        38.347119
       ],
       [
        -122.514784,
        38.34707
       ],
       [
        -122.514822,
        38.347073
       ],
       [
        -122.515733,
        38.347909
       ],
       [
        -122.515831,
        38.348006
       ],
       [
        -122.515832,
        38.348029
       ]
      ]
     ],
     [
      [
       [
        -122.515125,
        38.350707
       ],
       [
        -122.514897,
        38.350956
       ],
       [
        -122.514679,
        38.350821
       ],
       [
        -122.514945,
        38.350616
       ],
       [
        -122.514967,
        38.350611
       ],
       [
        -122.515008,
        38.350642
       ],
       [
        -122.515032,
        38.350642
       ],
       [
        -122.515063,
        38.350661
       ],
       [
        -122.515125,
        38.350707
       ]
      ]
     ],
     [
      [
       [
        -122.516551,
        38.347427
       ],
       [
        -122.516425,
        38.347522
       ],
       [
        -122.516387,
        38.347519
       ],
       [
        -122.516223,
        38.347372
       ],
       [
        -122.516416,
        38.347236
       ],
       [
        -122.516577,
        38.347386
       ],
       [
        -122.516551,
        38.347427
       ]
      ]
     ],
     [
      [
       [
        -122.516801,
        38.347222
       ],
       [
        -122.516647,
        38.347345
       ],
       [
        -122.516609,
        38.347341
       ],
       [
        -122.516408,
        38.347164
       ],
       [
        -122.516624,
        38.347017
       ],
       [
        -122.516814,
        38.347194
       ],
       [
        -122.516801,
        38.347222
       ]
      ]
     ],
     [
      [
       [
        -122.51695,
        38.347095
       ],
       [
        -122.516883,
        38.347155
       ],
       [
        -122.516848,
        38.347145
       ],
       [
        -122.516653,
        38.346967
       ],
       [
        -122.516837,
        38.346835
       ],
       [
        -122.517048,
        38.347009
       ],
       [
        -122.517035,
        38.34704
       ],
       [
        -122.51695,
        38.347095
       ]
      ]
     ],
     [
      [
       [
        -122.518524,
        38.347527
       ],
       [
        -122.517084,
        38.348524
       ],
       [
        -122.516977,
        38.348542
       ],
       [
        -122.516881,
        38.348504
       ],
       [
        -122.516842,
        38.348463
       ],
       [
        -122.51682,
        38.348376
       ],
       [
        -122.516868,
        38.3483
       ],
       [
        -122.517333,
        38.347979
       ],
       [
        -122.517415,
        38.347911
       ],
       [
        -122.518271,
        38.347328
       ],
       [
        -122.518321,
        38.347321
       ],
       [
        -122.518525,
        38.347494
       ],
       [
        -122.518524,
        38.347527
       ]
      ]
     ],
     [
      [
       [
        -122.518341,
        38.346126
       ],
       [
        -122.518187,
        38.346235
       ],
       [
        -122.518142,
        38.346229
       ],
       [
        -122.517908,
        38.346022
       ],
       [
        -122.517909,
        38.345992
       ],
       [
        -122.518075,
        38.345877
       ],
       [
        -122.518135,
        38.345913
       ],
       [
        -122.518337,
        38.346094
       ],
       [
        -122.518341,
        38.346126
       ]
      ]
     ],
     [
      [
       [
        -122.519092,
        38.346621
       ],
       [
        -122.518252,
        38.347188
       ],
       [
        -122.517923,
        38.346872
       ],
       [
        -122.517936,
        38.346844
       ],
       [
        -122.518804,
        38.346253
       ],
       [
        -122.518831,
        38.346258
       ],
       [
        -122.518853,
        38.346278
       ],
       [
        -122.518948,
        38.346438
       ],
       [
        -122.519092,
        38.346621
       ]
      ]
     ],
     [
      [
       [
        -122.52046,
        38.350163
       ],
       [
        -122.520359,
        38.350222
       ],
       [
        -122.520271,
        38.350299
       ],
       [
        -122.520179,
        38.350333
       ],
       [
        -122.520137,
        38.350381
       ],
       [
        -122.520001,
        38.350462
       ],
       [
        -122.519973,
        38.350495
       ],
       [
        -122.519892,
        38.350551
       ],
       [
        -122.519824,
        38.350579
       ],
       [
        -122.519698,
        38.350677
       ],
       [
        -122.519637,
        38.350705
       ],
       [
        -122.519531,
        38.350795
       ],
       [
        -122.519465,
        38.350824
       ],
       [
        -122.519403,
        38.350881
       ],
       [
        -122.519287,
        38.350939
       ],
       [
        -122.519237,
        38.350987
       ],
       [
        -122.519126,
        38.351058
       ],
       [
        -122.519077,
        38.351009
       ],
       [
        -122.519089,
        38.350995
       ],
       [
        -122.518918,
        38.350804
       ],
       [
        -122.518491,
        38.350378
       ],
       [
        -122.518504,
        38.35035
       ],
       [
        -122.519762,
        38.349487
       ],
       [
        -122.519782,
        38.349532
       ],
       [
        -122.520036,
        38.349752
       ],
       [
        -122.520083,
        38.349806
       ],
       [
        -122.520125,
        38.349838
       ],
       [
        -122.520186,
        38.349837
       ],
       [
        -122.520369,
        38.349998
       ],
       [
        -122.520363,
        38.350048
       ],
       [
        -122.520444,
        38.350123
       ],
       [
        -122.52046,
        38.350163
       ]
      ]
     ],
     [
      [
       [
        -122.519879,
        38.347257
       ],
       [
        -122.519023,
        38.347846
       ],
       [
        -122.518991,
        38.347839
       ],
       [
        -122.518799,
        38.347673
       ],
       [
        -122.518776,
        38.347668
       ],
       [
        -122.51876,
        38.347641
       ],
       [
        -122.518725,
        38.347625
       ],
       [
        -122.518709,
        38.347598
       ],
       [
        -122.518607,
        38.34751
       ],
       [
        -122.518806,
        38.34737
       ],
       [
        -122.519203,
        38.347122
       ],
       [
        -122.519437,
        38.346952
       ],
       [
        -122.519612,
        38.347079
       ],
       [
        -122.519859,
        38.347215
       ],
       [
        -122.519881,
        38.347237
       ],
       [
        -122.519879,
        38.347257
       ]
      ]
     ]
    ]
   }
  },
  {
   "type": "Feature",
   "properties": {
    "kind": "zone",
    "category": "open-space",
    "label": "Proposed open space",
    "source": "traced: SDC Campus Specific Plan Update and Eldridge Renewal Project Notice of Preparation (County of Sonoma, SCH 2025081410, Aug 2025), Figure 4, Specific Plan Update Land Use Diagram, p. 22",
    "note": "Open space along Sonoma Creek and Mill Creek, where the plan would set riparian setbacks (NOP p. 6). The NOP gives about 67 acres of parks, recreation and open space in all (p. 7). About 40.3 acres as drawn, streets excluded. Approximate: traced from the county's figure. Proposed, not approved.",
    "stage": "entitlement",
    "accuracy": "approximate"
   },
   "geometry": {
    "type": "MultiPolygon",
    "coordinates": [
     [
      [
       [
        -122.515588,
        38.349348
       ],
       [
        -122.515363,
        38.349502
       ],
       [
        -122.515345,
        38.349504
       ],
       [
        -122.515272,
        38.349567
       ],
       [
        -122.51431,
        38.350229
       ],
       [
        -122.51426,
        38.350231
       ],
       [
        -122.514202,
        38.350124
       ],
       [
        -122.514258,
        38.350134
       ],
       [
        -122.514471,
        38.349989
       ],
       [
        -122.514488,
        38.349966
       ],
       [
        -122.51432,
        38.349706
       ],
       [
        -122.514159,
        38.349567
       ],
       [
        -122.514144,
        38.349569
       ],
       [
        -122.514067,
        38.349531
       ],
       [
        -122.514016,
        38.349491
       ],
       [
        -122.513975,
        38.349482
       ],
       [
        -122.513925,
        38.349446
       ],
       [
        -122.513698,
        38.349356
       ],
       [
        -122.51366,
        38.349328
       ],
       [
        -122.513612,
        38.349324
       ],
       [
        -122.5135,
        38.349286
       ],
       [
        -122.513473,
        38.349261
       ],
       [
        -122.513384,
        38.349237
       ],
       [
        -122.513308,
        38.349193
       ],
       [
        -122.513263,
        38.349189
       ],
       [
        -122.513237,
        38.349169
       ],
       [
        -122.513096,
        38.349116
       ],
       [
        -122.51304,
        38.349112
       ],
       [
        -122.512992,
        38.349093
       ],
       [
        -122.512967,
        38.349098
       ],
       [
        -122.512944,
        38.349084
       ],
       [
        -122.51278,
        38.349044
       ],
       [
        -122.512728,
        38.349042
       ],
       [
        -122.512711,
        38.349024
       ],
       [
        -122.512687,
        38.349025
       ],
       [
        -122.51258,
        38.348978
       ],
       [
        -122.512539,
        38.348971
       ],
       [
        -122.51235,
        38.348884
       ],
       [
        -122.512286,
        38.348861
       ],
       [
        -122.512252,
        38.34886
       ],
       [
        -122.512168,
        38.348816
       ],
       [
        -122.512229,
        38.348782
       ],
       [
        -122.512389,
        38.348738
       ],
       [
        -122.512434,
        38.348711
       ],
       [
        -122.512548,
        38.348672
       ],
       [
        -122.512606,
        38.348663
       ],
       [
        -122.512659,
        38.348631
       ],
       [
        -122.512746,
        38.348599
       ],
       [
        -122.512816,
        38.348588
       ],
       [
        -122.512861,
        38.348548
       ],
       [
        -122.512873,
        38.348487
       ],
       [
        -122.512849,
        38.34845
       ],
       [
        -122.512745,
        38.348393
       ],
       [
        -122.512678,
        38.348318
       ],
       [
        -122.512571,
        38.348245
       ],
       [
        -122.51251,
        38.348171
       ],
       [
        -122.512385,
        38.348087
       ],
       [
        -122.512341,
        38.34803
       ],
       [
        -122.512281,
        38.348005
       ],
       [
        -122.512166,
        38.34792
       ],
       [
        -122.512129,
        38.347911
       ],
       [
        -122.511815,
        38.347743
       ],
       [
        -122.51167,
        38.347695
       ],
       [
        -122.511613,
        38.347662
       ],
       [
        -122.5115,
        38.347642
       ],
       [
        -122.511426,
        38.347565
       ],
       [
        -122.511358,
        38.347528
       ],
       [
        -122.511283,
        38.347443
       ],
       [
        -122.51117,
        38.347369
       ],
       [
        -122.51113,
        38.347315
       ],
       [
        -122.511067,
        38.347276
       ],
       [
        -122.510983,
        38.347186
       ],
       [
        -122.51092,
        38.347153
       ],
       [
        -122.510833,
        38.347063
       ],
       [
        -122.510761,
        38.347017
       ],
       [
        -122.510714,
        38.346921
       ],
       [
        -122.510661,
        38.346856
       ],
       [
        -122.510626,
        38.346778
       ],
       [
        -122.510552,
        38.346681
       ],
       [
        -122.510537,
        38.346624
       ],
       [
        -122.510494,
        38.346581
       ],
       [
        -122.510459,
        38.346522
       ],
       [
        -122.510447,
        38.346434
       ],
       [
        -122.510479,
        38.346397
       ],
       [
        -122.510602,
        38.346332
       ],
       [
        -122.510724,
        38.346309
       ],
       [
        -122.510788,
        38.346269
       ],
       [
        -122.510936,
        38.346233
       ],
       [
        -122.510991,
        38.3462
       ],
       [
        -122.511081,
        38.34617
       ],
       [
        -122.511152,
        38.346159
       ],
       [
        -122.511272,
        38.346104
       ],
       [
        -122.511325,
        38.346096
       ],
       [
        -122.51135,
        38.346109
       ],
       [
        -122.511542,
        38.346302
       ],
       [
        -122.511936,
        38.34664
       ],
       [
        -122.511946,
        38.346662
       ],
       [
        -122.511933,
        38.346669
       ],
       [
        -122.511932,
        38.346689
       ],
       [
        -122.511803,
        38.346766
       ],
       [
        -122.511791,
        38.346804
       ],
       [
        -122.512077,
        38.347129
       ],
       [
        -122.512361,
        38.347384
       ],
       [
        -122.512376,
        38.347385
       ],
       [
        -122.512665,
        38.347623
       ],
       [
        -122.512744,
        38.347657
       ],
       [
        -122.512905,
        38.347758
       ],
       [
        -122.512945,
        38.34776
       ],
       [
        -122.513134,
        38.347648
       ],
       [
        -122.51315,
        38.347648
       ],
       [
        -122.513247,
        38.347581
       ],
       [
        -122.513347,
        38.347539
       ],
       [
        -122.513412,
        38.347494
       ],
       [
        -122.513522,
        38.347442
       ],
       [
        -122.513595,
        38.3474
       ],
       [
        -122.513658,
        38.347337
       ],
       [
        -122.51387,
        38.347662
       ],
       [
        -122.513936,
        38.347715
       ],
       [
        -122.513893,
        38.347726
       ],
       [
        -122.513418,
        38.348017
       ],
       [
        -122.513392,
        38.348021
       ],
       [
        -122.513317,
        38.348073
       ],
       [
        -122.513319,
        38.348096
       ],
       [
        -122.513351,
        38.348125
       ],
       [
        -122.513415,
        38.348143
       ],
       [
        -122.513571,
        38.348212
       ],
       [
        -122.513611,
        38.348211
       ],
       [
        -122.513643,
        38.348227
       ],
       [
        -122.513666,
        38.348224
       ],
       [
        -122.513806,
        38.348254
       ],
       [
        -122.513855,
        38.34828
       ],
       [
        -122.513891,
        38.348279
       ],
       [
        -122.514069,
        38.348331
       ],
       [
        -122.514098,
        38.348329
       ],
       [
        -122.514213,
        38.348365
       ],
       [
        -122.514276,
        38.34837
       ],
       [
        -122.514299,
        38.348384
       ],
       [
        -122.51436,
        38.34839
       ],
       [
        -122.514537,
        38.348435
       ],
       [
        -122.514566,
        38.348458
       ],
       [
        -122.514567,
        38.348481
       ],
       [
        -122.514607,
        38.348526
       ],
       [
        -122.514616,
        38.348555
       ],
       [
        -122.514655,
        38.34859
       ],
       [
        -122.514975,
        38.348608
       ],
       [
        -122.515019,
        38.348629
       ],
       [
        -122.515054,
        38.348626
       ],
       [
        -122.515118,
        38.348644
       ],
       [
        -122.51539,
        38.348886
       ],
       [
        -122.515478,
        38.349051
       ],
       [
        -122.515539,
        38.349111
       ],
       [
        -122.515568,
        38.349239
       ],
       [
        -122.515551,
        38.349318
       ],
       [
        -122.515588,
        38.349348
       ]
      ]
     ],
     [
      [
       [
        -122.51407,
        38.347682
       ],
       [
        -122.514043,
        38.347701
       ],
       [
        -122.514017,
        38.347702
       ],
       [
        -122.513932,
        38.347656
       ],
       [
        -122.513841,
        38.347526
       ],
       [
        -122.513835,
        38.34749
       ],
       [
        -122.513799,
        38.347461
       ],
       [
        -122.513682,
        38.34727
       ],
       [
        -122.513716,
        38.347257
       ],
       [
        -122.51374,
        38.347203
       ],
       [
        -122.513769,
        38.347183
       ],
       [
        -122.51386,
        38.347053
       ],
       [
        -122.513915,
        38.346998
       ],
       [
        -122.513945,
        38.346994
       ],
       [
        -122.513958,
        38.346966
       ],
       [
        -122.513932,
        38.346927
       ],
       [
        -122.514093,
        38.346744
       ],
       [
        -122.514155,
        38.346736
       ],
       [
        -122.514215,
        38.346678
       ],
       [
        -122.51439,
        38.34656
       ],
       [
        -122.514405,
        38.346561
       ],
       [
        -122.514429,
        38.346525
       ],
       [
        -122.514484,
        38.346659
       ],
       [
        -122.514539,
        38.346755
       ],
       [
        -122.514614,
        38.346859
       ],
       [
        -122.514739,
        38.346999
       ],
       [
        -122.514452,
        38.347195
       ],
       [
        -122.514319,
        38.347303
       ],
       [
        -122.514309,
        38.347336
       ],
       [
        -122.514326,
        38.347352
       ],
       [
        -122.514172,
        38.347523
       ],
       [
        -122.51407,
        38.347682
       ]
      ]
     ],
     [
      [
       [
        -122.51912,
        38.35106
       ],
       [
        -122.518994,
        38.351155
       ],
       [
        -122.518915,
        38.351185
       ],
       [
        -122.518868,
        38.351237
       ],
       [
        -122.518744,
        38.351304
       ],
       [
        -122.518694,
        38.351354
       ],
       [
        -122.518617,
        38.351407
       ],
       [
        -122.518557,
        38.35143
       ],
       [
        -122.518523,
        38.351464
       ],
       [
        -122.518376,
        38.351553
       ],
       [
        -122.518265,
        38.351643
       ],
       [
        -122.518193,
        38.351671
       ],
       [
        -122.518101,
        38.351748
       ],
       [
        -122.518008,
        38.351799
       ],
       [
        -122.517904,
        38.351887
       ],
       [
        -122.517835,
        38.351916
       ],
       [
        -122.51776,
        38.351981
       ],
       [
        -122.517717,
        38.351996
       ],
       [
        -122.517629,
        38.352004
       ],
       [
        -122.517491,
        38.352051
       ],
       [
        -122.517401,
        38.352057
       ],
       [
        -122.517335,
        38.352089
       ],
       [
        -122.51718,
        38.352113
       ],
       [
        -122.517066,
        38.352154
       ],
       [
        -122.516947,
        38.352164
       ],
       [
        -122.516837,
        38.35221
       ],
       [
        -122.516716,
        38.352224
       ],
       [
        -122.516659,
        38.352252
       ],
       [
        -122.516578,
        38.352274
       ],
       [
        -122.516493,
        38.352278
       ],
       [
        -122.516375,
        38.352322
       ],
       [
        -122.516262,
        38.352331
       ],
       [
        -122.516182,
        38.352369
       ],
       [
        -122.516105,
        38.352388
       ],
       [
        -122.516031,
        38.35239
       ],
       [
        -122.515974,
        38.352419
       ],
       [
        -122.515897,
        38.352439
       ],
       [
        -122.515805,
        38.352445
       ],
       [
        -122.515709,
        38.352486
       ],
       [
        -122.515584,
        38.3525
       ],
       [
        -122.51552,
        38.352531
       ],
       [
        -122.515432,
        38.352553
       ],
       [
        -122.515346,
        38.352557
       ],
       [
        -122.515248,
        38.352598
       ],
       [
        -122.51512,
        38.352614
       ],
       [
        -122.515031,
        38.352651
       ],
       [
        -122.514895,
        38.352673
       ],
       [
        -122.514808,
        38.352706
       ],
       [
        -122.514733,
        38.352722
       ],
       [
        -122.514674,
        38.352723
       ],
       [
        -122.514617,
        38.352741
       ],
       [
        -122.514567,
        38.352738
       ],
       [
        -122.514532,
        38.352721
       ],
       [
        -122.514381,
        38.352594
       ],
       [
        -122.514349,
        38.352542
       ],
       [
        -122.514304,
        38.352516
       ],
       [
        -122.514328,
        38.35251
       ],
       [
        -122.514379,
        38.352532
       ],
       [
        -122.514414,
        38.352523
       ],
       [
        -122.514475,
        38.352532
       ],
       [
        -122.514617,
        38.35251
       ],
       [
        -122.514644,
        38.352494
       ],
       [
        -122.514741,
        38.352483
       ],
       [
        -122.514764,
        38.35247
       ],
       [
        -122.514802,
        38.352473
       ],
       [
        -122.514865,
        38.352441
       ],
       [
        -122.515015,
        38.352401
       ],
       [
        -122.515164,
        38.352344
       ],
       [
        -122.515247,
        38.352327
       ],
       [
        -122.515276,
        38.352307
       ],
       [
        -122.515331,
        38.352301
       ],
       [
        -122.515473,
        38.352238
       ],
       [
        -122.515947,
        38.351916
       ],
       [
        -122.515939,
        38.351879
       ],
       [
        -122.515795,
        38.351749
       ],
       [
        -122.515797,
        38.351724
       ],
       [
        -122.515776,
        38.351693
       ],
       [
        -122.515806,
        38.351658
       ],
       [
        -122.515786,
        38.351621
       ],
       [
        -122.515964,
        38.351487
       ],
       [
        -122.516013,
        38.35147
       ],
       [
        -122.516016,
        38.351454
       ],
       [
        -122.515987,
        38.351431
       ],
       [
        -122.515933,
        38.35142
       ],
       [
        -122.515875,
        38.351374
       ],
       [
        -122.515849,
        38.35129
       ],
       [
        -122.515784,
        38.351155
       ],
       [
        -122.515673,
        38.351092
       ],
       [
        -122.515599,
        38.351025
       ],
       [
        -122.515538,
        38.350927
       ],
       [
        -122.515466,
        38.350869
       ],
       [
        -122.515436,
        38.35086
       ],
       [
        -122.515355,
        38.350803
       ],
       [
        -122.515315,
        38.350798
       ],
       [
        -122.51525,
        38.350752
       ],
       [
        -122.515225,
        38.350751
       ],
       [
        -122.515173,
        38.350716
       ],
       [
        -122.515129,
        38.350704
       ],
       [
        -122.515034,
        38.35064
       ],
       [
        -122.51501,
        38.350641
       ],
       [
        -122.51488,
        38.350561
       ],
       [
        -122.514807,
        38.350531
       ],
       [
        -122.514785,
        38.350509
       ],
       [
        -122.514776,
        38.350467
       ],
       [
        -122.51474,
        38.350429
       ],
       [
        -122.514711,
        38.350345
       ],
       [
        -122.514636,
        38.350222
       ],
       [
        -122.514598,
        38.350221
       ],
       [
        -122.514292,
        38.350443
       ],
       [
        -122.514241,
        38.350361
       ],
       [
        -122.514254,
        38.350333
       ],
       [
        -122.515601,
        38.349396
       ],
       [
        -122.515609,
        38.349447
       ],
       [
        -122.515704,
        38.349529
       ],
       [
        -122.515754,
        38.349549
       ],
       [
        -122.515973,
        38.349709
       ],
       [
        -122.516005,
        38.349719
       ],
       [
        -122.516148,
        38.349817
       ],
       [
        -122.516649,
        38.350202
       ],
       [
        -122.516744,
        38.350236
       ],
       [
        -122.516839,
        38.350296
       ],
       [
        -122.516895,
        38.350365
       ],
       [
        -122.516918,
        38.350444
       ],
       [
        -122.51694,
        38.350463
       ],
       [
        -122.51704,
        38.350467
       ],
       [
        -122.517135,
        38.350485
       ],
       [
        -122.517191,
        38.350511
       ],
       [
        -122.517314,
        38.350606
       ],
       [
        -122.517363,
        38.350628
       ],
       [
        -122.51761,
        38.350627
       ],
       [
        -122.517646,
        38.350637
       ],
       [
        -122.517663,
        38.350628
       ],
       [
        -122.517786,
        38.350674
       ],
       [
        -122.517819,
        38.350703
       ],
       [
        -122.517882,
        38.350724
       ],
       [
        -122.51791,
        38.350721
       ],
       [
        -122.517991,
        38.350778
       ],
       [
        -122.518014,
        38.350781
       ],
       [
        -122.518097,
        38.350834
       ],
       [
        -122.518122,
        38.350838
       ],
       [
        -122.518229,
        38.350928
       ],
       [
        -122.51828,
        38.35093
       ],
       [
        -122.518305,
        38.350953
       ],
       [
        -122.518337,
        38.350945
       ],
       [
        -122.518439,
        38.350984
       ],
       [
        -122.518471,
        38.350979
       ],
       [
        -122.518481,
        38.350964
       ],
       [
        -122.518527,
        38.351005
       ],
       [
        -122.518544,
        38.350996
       ],
       [
        -122.518552,
        38.35103
       ],
       [
        -122.518583,
        38.351049
       ],
       [
        -122.518648,
        38.351052
       ],
       [
        -122.518715,
        38.351039
       ],
       [
        -122.518736,
        38.351045
       ],
       [
        -122.518759,
        38.351032
       ],
       [
        -122.518959,
        38.351013
       ],
       [
        -122.519005,
        38.350983
       ],
       [
        -122.519049,
        38.351023
       ],
       [
        -122.519075,
        38.35101
       ],
       [
        -122.51912,
        38.35106
       ]
      ]
     ],
     [
      [
       [
        -122.516573,
        38.345758
       ],
       [
        -122.51657,
        38.345771
       ],
       [
        -122.516547,
        38.345771
       ],
       [
        -122.516473,
        38.345831
       ],
       [
        -122.516397,
        38.345867
       ],
       [
        -122.516308,
        38.345928
       ],
       [
        -122.515892,
        38.346146
       ],
       [
        -122.515594,
        38.346323
       ],
       [
        -122.515514,
        38.34638
       ],
       [
        -122.515515,
        38.346399
       ],
       [
        -122.515356,
        38.346535
       ],
       [
        -122.515335,
        38.346566
       ],
       [
        -122.51481,
        38.346934
       ],
       [
        -122.514831,
        38.346968
       ],
       [
        -122.514801,
        38.346975
       ],
       [
        -122.51474,
        38.346926
       ],
       [
        -122.51461,
        38.346763
       ],
       [
        -122.514505,
        38.346572
       ],
       [
        -122.514448,
        38.346407
       ],
       [
        -122.51441,
        38.346186
       ],
       [
        -122.514412,
        38.34608
       ],
       [
        -122.51443,
        38.346054
       ],
       [
        -122.514413,
        38.346036
       ],
       [
        -122.514406,
        38.345992
       ],
       [
        -122.514387,
        38.345126
       ],
       [
        -122.514355,
        38.345113
       ],
       [
        -122.51433,
        38.345069
       ],
       [
        -122.514386,
        38.345054
       ],
       [
        -122.514462,
        38.345011
       ],
       [
        -122.514599,
        38.344979
       ],
       [
        -122.514669,
        38.34494
       ],
       [
        -122.51482,
        38.344904
       ],
       [
        -122.514885,
        38.344867
       ],
       [
        -122.515034,
        38.344829
       ],
       [
        -122.515082,
        38.3448
       ],
       [
        -122.515162,
        38.344773
       ],
       [
        -122.515247,
        38.34476
       ],
       [
        -122.515329,
        38.344713
       ],
       [
        -122.515466,
        38.344681
       ],
       [
        -122.515519,
        38.34465
       ],
       [
        -122.515679,
        38.344606
       ],
       [
        -122.515732,
        38.344575
       ],
       [
        -122.515813,
        38.344548
       ],
       [
        -122.515891,
        38.344538
       ],
       [
        -122.51596,
        38.3445
       ],
       [
        -122.516106,
        38.344459
       ],
       [
        -122.516164,
        38.344429
       ],
       [
        -122.51616,
        38.344471
       ],
       [
        -122.516036,
        38.344559
       ],
       [
        -122.515118,
        38.345151
       ],
       [
        -122.514657,
        38.345464
       ],
       [
        -122.514641,
        38.345462
       ],
       [
        -122.514517,
        38.345553
       ],
       [
        -122.514474,
        38.345596
       ],
       [
        -122.514487,
        38.345721
       ],
       [
        -122.514477,
        38.345777
       ],
       [
        -122.514489,
        38.345803
       ],
       [
        -122.514484,
        38.345903
       ],
       [
        -122.514849,
        38.346243
       ],
       [
        -122.514887,
        38.346273
       ],
       [
        -122.514926,
        38.346281
       ],
       [
        -122.514959,
        38.346256
       ],
       [
        -122.514953,
        38.346214
       ],
       [
        -122.515027,
        38.34609
       ],
       [
        -122.515156,
        38.345988
       ],
       [
        -122.515214,
        38.345969
       ],
       [
        -122.515252,
        38.345924
       ],
       [
        -122.515501,
        38.345887
       ],
       [
        -122.51554,
        38.345867
       ],
       [
        -122.515596,
        38.34588
       ],
       [
        -122.515856,
        38.3457
       ],
       [
        -122.515863,
        38.345663
       ],
       [
        -122.516195,
        38.34545
       ],
       [
        -122.516221,
        38.345448
       ],
       [
        -122.51625,
        38.345465
       ],
       [
        -122.516573,
        38.345758
       ]
      ]
     ],
     [
      [
       [
        -122.518616,
        38.344592
       ],
       [
        -122.518376,
        38.344763
       ],
       [
        -122.518121,
        38.344896
       ],
       [
        -122.518102,
        38.344893
       ],
       [
        -122.518073,
        38.34491
       ],
       [
        -122.518037,
        38.344908
       ],
       [
        -122.517984,
        38.344932
       ],
       [
        -122.517886,
        38.344929
       ],
       [
        -122.517804,
        38.344911
       ],
       [
        -122.517746,
        38.344883
       ],
       [
        -122.517679,
        38.344903
       ],
       [
        -122.517539,
        38.344973
       ],
       [
        -122.517422,
        38.34511
       ],
       [
        -122.517431,
        38.345134
       ],
       [
        -122.51741,
        38.345143
       ],
       [
        -122.51741,
        38.345161
       ],
       [
        -122.51735,
        38.34523
       ],
       [
        -122.517348,
        38.34525
       ],
       [
        -122.517196,
        38.345392
       ],
       [
        -122.517195,
        38.345409
       ],
       [
        -122.517051,
        38.345568
       ],
       [
        -122.516925,
        38.345645
       ],
       [
        -122.516749,
        38.345717
       ],
       [
        -122.516724,
        38.345716
       ],
       [
        -122.516676,
        38.345749
       ],
       [
        -122.516672,
        38.345771
       ],
       [
        -122.516305,
        38.345441
       ],
       [
        -122.516377,
        38.34541
       ],
       [
        -122.516409,
        38.345421
       ],
       [
        -122.516449,
        38.345393
       ],
       [
        -122.516516,
        38.345379
       ],
       [
        -122.516766,
        38.345214
       ],
       [
        -122.516839,
        38.345123
       ],
       [
        -122.516857,
        38.345033
       ],
       [
        -122.516828,
        38.344988
       ],
       [
        -122.516892,
        38.344923
       ],
       [
        -122.516939,
        38.344919
       ],
       [
        -122.516996,
        38.344875
       ],
       [
        -122.517102,
        38.344713
       ],
       [
        -122.517172,
        38.344638
       ],
       [
        -122.517158,
        38.344585
       ],
       [
        -122.517042,
        38.344494
       ],
       [
        -122.516772,
        38.344239
       ],
       [
        -122.516818,
        38.344205
       ],
       [
        -122.516969,
        38.344167
       ],
       [
        -122.517023,
        38.344135
       ],
       [
        -122.517184,
        38.344093
       ],
       [
        -122.517331,
        38.344031
       ],
       [
        -122.517405,
        38.344021
       ],
       [
        -122.517468,
        38.343983
       ],
       [
        -122.517618,
        38.343946
       ],
       [
        -122.517701,
        38.343902
       ],
       [
        -122.517832,
        38.343872
       ],
       [
        -122.517937,
        38.343821
       ],
       [
        -122.51814,
        38.343788
       ],
       [
        -122.518179,
        38.343799
       ],
       [
        -122.518311,
        38.343901
       ],
       [
        -122.51836,
        38.343967
       ],
       [
        -122.518475,
        38.344057
       ],
       [
        -122.518514,
        38.344111
       ],
       [
        -122.518561,
        38.344135
       ],
       [
        -122.518622,
        38.344189
       ],
       [
        -122.518654,
        38.34424
       ],
       [
        -122.518773,
        38.344331
       ],
       [
        -122.518832,
        38.344396
       ],
       [
        -122.518759,
        38.344441
       ],
       [
        -122.518714,
        38.344502
       ],
       [
        -122.518616,
        38.344592
       ]
      ]
     ],
     [
      [
       [
        -122.516934,
        38.34861
       ],
       [
        -122.516721,
        38.348759
       ],
       [
        -122.51665,
        38.348693
       ],
       [
        -122.516662,
        38.34866
       ],
       [
        -122.51683,
        38.348547
       ],
       [
        -122.516859,
        38.348546
       ],
       [
        -122.516934,
        38.348577
       ],
       [
        -122.516948,
        38.348589
       ],
       [
        -122.516934,
        38.34861
       ]
      ]
     ],
     [
      [
       [
        -122.521596,
        38.349402
       ],
       [
        -122.521517,
        38.34946
       ],
       [
        -122.521451,
        38.349486
       ],
       [
        -122.521327,
        38.349583
       ],
       [
        -122.521274,
        38.349606
       ],
       [
        -122.521194,
        38.349678
       ],
       [
        -122.521087,
        38.349735
       ],
       [
        -122.520983,
        38.349824
       ],
       [
        -122.520915,
        38.349851
       ],
       [
        -122.520791,
        38.349945
       ],
       [
        -122.520731,
        38.349971
       ],
       [
        -122.520689,
        38.350016
       ],
       [
        -122.520614,
        38.350068
       ],
       [
        -122.520552,
        38.350092
       ],
       [
        -122.520464,
        38.35016
       ],
       [
        -122.520456,
        38.350153
       ],
       [
        -122.520446,
        38.350122
       ],
       [
        -122.520365,
        38.350046
       ],
       [
        -122.52038,
        38.349996
       ],
       [
        -122.52042,
        38.350011
       ],
       [
        -122.520455,
        38.350005
       ],
       [
        -122.520501,
        38.350043
       ],
       [
        -122.520567,
        38.350038
       ],
       [
        -122.520936,
        38.349781
       ],
       [
        -122.520967,
        38.349716
       ],
       [
        -122.52096,
        38.349686
       ],
       [
        -122.521151,
        38.349551
       ],
       [
        -122.521184,
        38.349531
       ],
       [
        -122.521292,
        38.349543
       ],
       [
        -122.521491,
        38.349402
       ],
       [
        -122.521525,
        38.349338
       ],
       [
        -122.521598,
        38.349385
       ],
       [
        -122.521596,
        38.349402
       ]
      ]
     ],
     [
      [
       [
        -122.522237,
        38.347556
       ],
       [
        -122.522023,
        38.347704
       ],
       [
        -122.521918,
        38.347534
       ],
       [
        -122.521788,
        38.347423
       ],
       [
        -122.521598,
        38.347314
       ],
       [
        -122.52158,
        38.347313
       ],
       [
        -122.521527,
        38.347272
       ],
       [
        -122.521237,
        38.347109
       ],
       [
        -122.521244,
        38.347088
       ],
       [
        -122.521374,
        38.346953
       ],
       [
        -122.521377,
        38.346932
       ],
       [
        -122.521481,
        38.346838
       ],
       [
        -122.521508,
        38.346874
       ],
       [
        -122.521625,
        38.346967
       ],
       [
        -122.521659,
        38.347016
       ],
       [
        -122.521728,
        38.347057
       ],
       [
        -122.521964,
        38.347293
       ],
       [
        -122.522083,
        38.347388
       ],
       [
        -122.522117,
        38.347437
       ],
       [
        -122.522238,
        38.347536
       ],
       [
        -122.522237,
        38.347556
       ]
      ]
     ]
    ]
   }
  },
  {
   "type": "Feature",
   "properties": {
    "kind": "zone",
    "category": "open-space",
    "label": "Proposed wildfire buffer",
    "source": "traced: SDC Campus Specific Plan Update and Eldridge Renewal Project Notice of Preparation (County of Sonoma, SCH 2025081410, Aug 2025), Figure 4, Specific Plan Update Land Use Diagram, p. 22",
    "note": "Managed open space ringing the core campus on the west, north and east: defensible space with fuel-management rules and protection for the Sonoma Valley Wildlife Corridor (NOP pp. 3, 6; 49 acres). Drawn as the project area outside Figure 4's core campus line. About 48.5 acres as drawn, streets excluded. Approximate: traced from the county's figure. Proposed, not approved.",
    "stage": "entitlement",
    "accuracy": "approximate"
   },
   "geometry": {
    "type": "Polygon",
    "coordinates": [
     [
      [
       -122.517932,
       38.343817
      ],
      [
       -122.518044,
       38.343793
      ],
      [
       -122.518124,
       38.343752
      ],
      [
       -122.51838,
       38.343684
      ],
      [
       -122.519091,
       38.343437
      ],
      [
       -122.519169,
       38.343441
      ],
      [
       -122.520457,
       38.344638
      ],
      [
       -122.520442,
       38.344719
      ],
      [
       -122.520346,
       38.344765
      ],
      [
       -122.520286,
       38.344827
      ],
      [
       -122.520207,
       38.344858
      ],
      [
       -122.520122,
       38.344945
      ],
      [
       -122.520106,
       38.344997
      ],
      [
       -122.520128,
       38.345047
      ],
      [
       -122.520421,
       38.345317
      ],
      [
       -122.520489,
       38.345347
      ],
      [
       -122.520544,
       38.345344
      ],
      [
       -122.520669,
       38.345293
      ],
      [
       -122.520729,
       38.345232
      ],
      [
       -122.520815,
       38.345198
      ],
      [
       -122.520903,
       38.345125
      ],
      [
       -122.520984,
       38.345128
      ],
      [
       -122.521078,
       38.345193
      ],
      [
       -122.523538,
       38.347471
      ],
      [
       -122.523833,
       38.34798
      ],
      [
       -122.523885,
       38.34803
      ],
      [
       -122.524194,
       38.348529
      ],
      [
       -122.524251,
       38.348628
      ],
      [
       -122.52425,
       38.348683
      ],
      [
       -122.52393,
       38.348922
      ],
      [
       -122.523855,
       38.348954
      ],
      [
       -122.522661,
       38.349774
      ],
      [
       -122.522588,
       38.349806
      ],
      [
       -122.522343,
       38.349986
      ],
      [
       -122.52227,
       38.350017
      ],
      [
       -122.521219,
       38.350723
      ],
      [
       -122.521114,
       38.350817
      ],
      [
       -122.521063,
       38.350923
      ],
      [
       -122.520905,
       38.350947
      ],
      [
       -122.520755,
       38.351051
      ],
      [
       -122.520679,
       38.351079
      ],
      [
       -122.52043,
       38.351268
      ],
      [
       -122.519001,
       38.35221
      ],
      [
       -122.518281,
       38.352709
      ],
      [
       -122.517828,
       38.352827
      ],
      [
       -122.517712,
       38.352837
      ],
      [
       -122.517516,
       38.352902
      ],
      [
       -122.516908,
       38.353038
      ],
      [
       -122.516577,
       38.353133
      ],
      [
       -122.51637,
       38.353168
      ],
      [
       -122.516185,
       38.353229
      ],
      [
       -122.516086,
       38.353238
      ],
      [
       -122.515828,
       38.353315
      ],
      [
       -122.515559,
       38.353366
      ],
      [
       -122.515441,
       38.35341
      ],
      [
       -122.515156,
       38.353464
      ],
      [
       -122.515028,
       38.353511
      ],
      [
       -122.514746,
       38.353564
      ],
      [
       -122.514549,
       38.353627
      ],
      [
       -122.514275,
       38.353691
      ],
      [
       -122.514215,
       38.353688
      ],
      [
       -122.513911,
       38.35343
      ],
      [
       -122.51327,
       38.352814
      ],
      [
       -122.513125,
       38.352705
      ],
      [
       -122.512746,
       38.352332
      ],
      [
       -122.512073,
       38.351734
      ],
      [
       -122.510392,
       38.350158
      ],
      [
       -122.510202,
       38.349987
      ],
      [
       -122.510088,
       38.349922
      ],
      [
       -122.510094,
       38.349846
      ],
      [
       -122.51018,
       38.349794
      ],
      [
       -122.510929,
       38.349532
      ],
      [
       -122.510955,
       38.349456
      ],
      [
       -122.510924,
       38.349414
      ],
      [
       -122.511115,
       38.349588
      ],
      [
       -122.511171,
       38.349623
      ],
      [
       -122.511204,
       38.349676
      ],
      [
       -122.511265,
       38.349731
      ],
      [
       -122.511318,
       38.349761
      ],
      [
       -122.511349,
       38.349806
      ],
      [
       -122.511413,
       38.349864
      ],
      [
       -122.51147,
       38.3499
      ],
      [
       -122.511508,
       38.349959
      ],
      [
       -122.511618,
       38.350043
      ],
      [
       -122.511716,
       38.350145
      ],
      [
       -122.511774,
       38.35018
      ],
      [
       -122.511815,
       38.350243
      ],
      [
       -122.511866,
       38.350288
      ],
      [
       -122.511923,
       38.350319
      ],
      [
       -122.511961,
       38.350374
      ],
      [
       -122.512076,
       38.35046
      ],
      [
       -122.512106,
       38.350504
      ],
      [
       -122.512169,
       38.350562
      ],
      [
       -122.512225,
       38.350597
      ],
      [
       -122.512258,
       38.35065
      ],
      [
       -122.512378,
       38.350743
      ],
      [
       -122.512473,
       38.350844
      ],
      [
       -122.512529,
       38.350879
      ],
      [
       -122.512568,
       38.350938
      ],
      [
       -122.512674,
       38.351015
      ],
      [
       -122.512715,
       38.35107
      ],
      [
       -122.512832,
       38.351157
      ],
      [
       -122.512901,
       38.351239
      ],
      [
       -122.51298,
       38.351293
      ],
      [
       -122.513019,
       38.351352
      ],
      [
       -122.513076,
       38.351402
      ],
      [
       -122.513131,
       38.351431
      ],
      [
       -122.513163,
       38.35148
      ],
      [
       -122.513281,
       38.351574
      ],
      [
       -122.513317,
       38.351628
      ],
      [
       -122.513427,
       38.351716
      ],
      [
       -122.513525,
       38.351815
      ],
      [
       -122.513587,
       38.351853
      ],
      [
       -122.513674,
       38.351949
      ],
      [
       -122.513734,
       38.351985
      ],
      [
       -122.513769,
       38.352043
      ],
      [
       -122.513828,
       38.352095
      ],
      [
       -122.513888,
       38.352129
      ],
      [
       -122.513924,
       38.352182
      ],
      [
       -122.514041,
       38.352273
      ],
      [
       -122.514076,
       38.352328
      ],
      [
       -122.514183,
       38.352409
      ],
      [
       -122.51428,
       38.352511
      ],
      [
       -122.514344,
       38.352545
      ],
      [
       -122.514377,
       38.352597
      ],
      [
       -122.514528,
       38.352725
      ],
      [
       -122.514567,
       38.352743
      ],
      [
       -122.514618,
       38.352746
      ],
      [
       -122.514811,
       38.35271
      ],
      [
       -122.514903,
       38.352676
      ],
      [
       -122.51503,
       38.352657
      ],
      [
       -122.515123,
       38.352618
      ],
      [
       -122.515247,
       38.352603
      ],
      [
       -122.515349,
       38.352561
      ],
      [
       -122.515432,
       38.352558
      ],
      [
       -122.515523,
       38.352535
      ],
      [
       -122.515587,
       38.352505
      ],
      [
       -122.515712,
       38.352491
      ],
      [
       -122.515808,
       38.352449
      ],
      [
       -122.515895,
       38.352445
      ],
      [
       -122.51598,
       38.352422
      ],
      [
       -122.516034,
       38.352395
      ],
      [
       -122.516107,
       38.352392
      ],
      [
       -122.516188,
       38.352373
      ],
      [
       -122.516265,
       38.352335
      ],
      [
       -122.516362,
       38.352331
      ],
      [
       -122.516442,
       38.35231
      ],
      [
       -122.516497,
       38.352282
      ],
      [
       -122.51658,
       38.352278
      ],
      [
       -122.516665,
       38.352256
      ],
      [
       -122.516719,
       38.352228
      ],
      [
       -122.516792,
       38.352225
      ],
      [
       -122.51688,
       38.352204
      ],
      [
       -122.51695,
       38.352168
      ],
      [
       -122.517041,
       38.352165
      ],
      [
       -122.517129,
       38.352143
      ],
      [
       -122.517183,
       38.352117
      ],
      [
       -122.517255,
       38.352113
      ],
      [
       -122.51734,
       38.352092
      ],
      [
       -122.517404,
       38.352061
      ],
      [
       -122.517493,
       38.352056
      ],
      [
       -122.517577,
       38.352035
      ],
      [
       -122.517633,
       38.352008
      ],
      [
       -122.517716,
       38.352001
      ],
      [
       -122.517777,
       38.35198
      ],
      [
       -122.517837,
       38.351921
      ],
      [
       -122.517908,
       38.35189
      ],
      [
       -122.51798,
       38.35184
      ],
      [
       -122.518016,
       38.351799
      ],
      [
       -122.518151,
       38.351722
      ],
      [
       -122.518195,
       38.351676
      ],
      [
       -122.518274,
       38.351644
      ],
      [
       -122.518385,
       38.351552
      ],
      [
       -122.518447,
       38.351525
      ],
      [
       -122.518561,
       38.351434
      ],
      [
       -122.518626,
       38.351409
      ],
      [
       -122.518697,
       38.351361
      ],
      [
       -122.518744,
       38.35131
      ],
      [
       -122.518805,
       38.351285
      ],
      [
       -122.518872,
       38.35124
      ],
      [
       -122.518919,
       38.351189
      ],
      [
       -122.519005,
       38.351156
      ],
      [
       -122.519109,
       38.351071
      ],
      [
       -122.519239,
       38.350994
      ],
      [
       -122.519287,
       38.350945
      ],
      [
       -122.519415,
       38.350881
      ],
      [
       -122.519466,
       38.35083
      ],
      [
       -122.519535,
       38.350798
      ],
      [
       -122.519609,
       38.350746
      ],
      [
       -122.519645,
       38.350706
      ],
      [
       -122.519707,
       38.350679
      ],
      [
       -122.519785,
       38.350625
      ],
      [
       -122.519826,
       38.350584
      ],
      [
       -122.519902,
       38.350552
      ],
      [
       -122.519975,
       38.350501
      ],
      [
       -122.520009,
       38.350462
      ],
      [
       -122.52014,
       38.350387
      ],
      [
       -122.520183,
       38.350337
      ],
      [
       -122.520275,
       38.350303
      ],
      [
       -122.520372,
       38.350219
      ],
      [
       -122.520436,
       38.350191
      ],
      [
       -122.520554,
       38.350097
      ],
      [
       -122.520624,
       38.350069
      ],
      [
       -122.520692,
       38.350022
      ],
      [
       -122.520731,
       38.349977
      ],
      [
       -122.520801,
       38.349947
      ],
      [
       -122.520917,
       38.349857
      ],
      [
       -122.520987,
       38.349827
      ],
      [
       -122.521058,
       38.349777
      ],
      [
       -122.521095,
       38.349736
      ],
      [
       -122.521164,
       38.349704
      ],
      [
       -122.521238,
       38.349653
      ],
      [
       -122.521274,
       38.349612
      ],
      [
       -122.521409,
       38.349535
      ],
      [
       -122.521453,
       38.349491
      ],
      [
       -122.521528,
       38.349461
      ],
      [
       -122.521638,
       38.349369
      ],
      [
       -122.521694,
       38.349346
      ],
      [
       -122.521768,
       38.349295
      ],
      [
       -122.521812,
       38.349249
      ],
      [
       -122.521892,
       38.349217
      ],
      [
       -122.521958,
       38.349171
      ],
      [
       -122.521999,
       38.349123
      ],
      [
       -122.522067,
       38.349096
      ],
      [
       -122.522177,
       38.349007
      ],
      [
       -122.522253,
       38.348975
      ],
      [
       -122.522366,
       38.348882
      ],
      [
       -122.522418,
       38.348861
      ],
      [
       -122.522492,
       38.348811
      ],
      [
       -122.522539,
       38.348762
      ],
      [
       -122.522618,
       38.348731
      ],
      [
       -122.522724,
       38.348643
      ],
      [
       -122.52278,
       38.34862
      ],
      [
       -122.522861,
       38.348563
      ],
      [
       -122.522947,
       38.348474
      ],
      [
       -122.522951,
       38.348431
      ],
      [
       -122.522916,
       38.348372
      ],
      [
       -122.522906,
       38.348306
      ],
      [
       -122.522818,
       38.348192
      ],
      [
       -122.522761,
       38.348071
      ],
      [
       -122.522694,
       38.348014
      ],
      [
       -122.522685,
       38.347954
      ],
      [
       -122.522658,
       38.347912
      ],
      [
       -122.522575,
       38.347852
      ],
      [
       -122.522544,
       38.347802
      ],
      [
       -122.52249,
       38.347752
      ],
      [
       -122.522423,
       38.347713
      ],
      [
       -122.522395,
       38.347668
      ],
      [
       -122.522339,
       38.347617
      ],
      [
       -122.522274,
       38.347579
      ],
      [
       -122.522242,
       38.34753
      ],
      [
       -122.522126,
       38.347437
      ],
      [
       -122.522087,
       38.347381
      ],
      [
       -122.521972,
       38.347293
      ],
      [
       -122.521943,
       38.347252
      ],
      [
       -122.521825,
       38.347152
      ],
      [
       -122.521733,
       38.347054
      ],
      [
       -122.521667,
       38.347016
      ],
      [
       -122.521629,
       38.346961
      ],
      [
       -122.521515,
       38.346873
      ],
      [
       -122.521479,
       38.346817
      ],
      [
       -122.521372,
       38.346739
      ],
      [
       -122.521277,
       38.346635
      ],
      [
       -122.521215,
       38.346598
      ],
      [
       -122.52118,
       38.346549
      ],
      [
       -122.521068,
       38.346458
      ],
      [
       -122.520981,
       38.346361
      ],
      [
       -122.520921,
       38.346325
      ],
      [
       -122.520884,
       38.346274
      ],
      [
       -122.520767,
       38.346177
      ],
      [
       -122.520734,
       38.34613
      ],
      [
       -122.520622,
       38.346047
      ],
      [
       -122.520524,
       38.345942
      ],
      [
       -122.520468,
       38.345907
      ],
      [
       -122.520435,
       38.345854
      ],
      [
       -122.520318,
       38.345766
      ],
      [
       -122.520288,
       38.345722
      ],
      [
       -122.520225,
       38.345664
      ],
      [
       -122.520169,
       38.345629
      ],
      [
       -122.520131,
       38.34557
      ],
      [
       -122.520021,
       38.345487
      ],
      [
       -122.519923,
       38.345384
      ],
      [
       -122.519866,
       38.345351
      ],
      [
       -122.519832,
       38.345303
      ],
      [
       -122.519722,
       38.34521
      ],
      [
       -122.519687,
       38.345163
      ],
      [
       -122.519619,
       38.345103
      ],
      [
       -122.519567,
       38.345074
      ],
      [
       -122.51947,
       38.344968
      ],
      [
       -122.519414,
       38.344933
      ],
      [
       -122.519375,
       38.344874
      ],
      [
       -122.519326,
       38.344831
      ],
      [
       -122.519262,
       38.344796
      ],
      [
       -122.519224,
       38.344739
      ],
      [
       -122.519113,
       38.344653
      ],
      [
       -122.519077,
       38.344596
      ],
      [
       -122.518962,
       38.344512
      ],
      [
       -122.518914,
       38.344428
      ],
      [
       -122.518817,
       38.344382
      ],
      [
       -122.518777,
       38.344328
      ],
      [
       -122.518664,
       38.344241
      ],
      [
       -122.518625,
       38.344182
      ],
      [
       -122.51857,
       38.344134
      ],
      [
       -122.518515,
       38.344105
      ],
      [
       -122.518478,
       38.344051
      ],
      [
       -122.51837,
       38.343969
      ],
      [
       -122.518332,
       38.343911
      ],
      [
       -122.518183,
       38.343795
      ],
      [
       -122.51813,
       38.343781
      ],
      [
       -122.517935,
       38.343817
      ],
      [
       -122.517829,
       38.343867
      ],
      [
       -122.517698,
       38.343898
      ],
      [
       -122.517616,
       38.343942
      ],
      [
       -122.517465,
       38.343979
      ],
      [
       -122.517402,
       38.344017
      ],
      [
       -122.517336,
       38.344025
      ],
      [
       -122.517258,
       38.34405
      ],
      [
       -122.517182,
       38.344089
      ],
      [
       -122.517115,
       38.3441
      ],
      [
       -122.51702,
       38.344131
      ],
      [
       -122.516966,
       38.344162
      ],
      [
       -122.516815,
       38.344201
      ],
      [
       -122.516755,
       38.344236
      ],
      [
       -122.516677,
       38.344249
      ],
      [
       -122.516588,
       38.344278
      ],
      [
       -122.516536,
       38.344309
      ],
      [
       -122.516383,
       38.344349
      ],
      [
       -122.516324,
       38.344383
      ],
      [
       -122.516249,
       38.344395
      ],
      [
       -122.516104,
       38.344455
      ],
      [
       -122.515958,
       38.344496
      ],
      [
       -122.515888,
       38.344534
      ],
      [
       -122.515812,
       38.344544
      ],
      [
       -122.515744,
       38.344566
      ],
      [
       -122.517932,
       38.343817
      ]
     ]
    ]
   }
  }
 ]
}
