{
 "type": "FeatureCollection",
 "properties": {
  "project": "suisun-expansion",
  "summary": "Proposed land use, nothing adopted: the seven zones of the proposed Specific Plan traced from Figure 5 of the City of Suisun City's Notice of Preparation (SCH 2025110452, Nov 2025), and the proposed Area Plan's Travis Protection Zone and Lambie Industrial Park from its Figure 2. Streets and state routes are folded into the nearest zone (the ~153 acres of Caltrans right-of-way and Delta Camp are not split out), Neighborhood Mixed Use isn't split by Travis compatibility zone because the figure doesn't draw that line, and no buildings are drawn. All boundaries are approximate.",
  "note": "Proposed land use from the city's 2025 Notice of Preparation; nothing is adopted. Approximate zones, not buildings.",
  "sourceUrl": "https://ceqanet.lci.ca.gov/2025110452/Attachment/nT6gPE",
  "sourceLabel": "Notice of preparation, 2025 (PDF)",
  "georeference": {
   "figure_5": {
    "scale_m_per_unit": 12.85184,
    "rotation_deg": 0.723,
    "rms_m": 19.17,
    "controls": [
     {
      "label": "road-line pixels vs OpenStreetMap: trimmed RMS over the closest 80% of 11253 points",
      "residual_m": 19.17
     }
    ],
    "method": "trimmed ICP",
    "points": 11253,
    "inlier_share": 0.8,
    "median_m": 18.87,
    "p90_m": 104.99,
    "roads": [
     "SR-113",
     "Birds Landing Road",
     "Olsen Road",
     "Currie Road",
     "Azevedo Road",
     "Shiloh Road",
     "Little Honker Bay Road",
     "Creed Road",
     "SR-12 west",
     "SR-12 south",
     "SR-12 east"
    ]
   },
   "figure_2": {
    "scale_m_per_unit": 19.7225,
    "rotation_deg": 0.407,
    "rms_m": 31.97,
    "controls": [
     {
      "label": "SR-12 and SR-113 casings vs OpenStreetMap: trimmed RMS over the closest 80% of 1396 points",
      "residual_m": 31.97
     }
    ],
    "method": "trimmed ICP",
    "points": 1396,
    "inlier_share": 0.8,
    "median_m": 27.58,
    "p90_m": 91.78
   },
   "note": "Figure 5 fitted to existing roads in its base map (SR-12, SR-113 and seven county roads) by trimmed ICP: about 12.9 m per pixel, RMS 19 m. Figure 2 uses the site boundary's SR-12 / SR-113 fit (about 20 m per pixel, RMS 32 m). Zones are clipped to the site boundary; Area Plan zones exclude the Specific Plan zones."
  },
  "license": "Zone shapes: traced from a public City of Suisun City CEQA notice. Georeference: OpenStreetMap contributors (ODbL 1.0), via Overture Maps.",
  "documents": [
   "https://ceqanet.lci.ca.gov/2025110452",
   "https://ceqanet.lci.ca.gov/2025110452/Attachment/nT6gPE"
  ]
 },
 "features": [
  {
   "type": "Feature",
   "properties": {
    "kind": "zone",
    "category": "mixed-use",
    "label": "Proposed commercial mixed use (CMU)",
    "source": "traced: Suisun Expansion Project Notice of Preparation (City of Suisun City, SCH 2025110452, Nov 2025), Figure 5, Specific Plan Land Use Zones, p. 18",
    "note": "Downtown and two district centres: offices, higher-density housing, hotels, hospitals, larger retail, civic and cultural uses (NOP p. 5). Table 1 (p. 7): up to 33,501 homes and 29.7M sq ft non-residential at full buildout. About 857 acres as drawn; the NOP states about 868 acres. Approximate: traced from a small-scale figure. Proposed, not adopted.",
    "stage": "entitlement",
    "accuracy": "approximate"
   },
   "geometry": {
    "type": "MultiPolygon",
    "coordinates": [
     [
      [
       [
        -121.768775,
        38.197539
       ],
       [
        -121.768921,
        38.197886
       ],
       [
        -121.759823,
        38.197881
       ],
       [
        -121.759826,
        38.194059
       ],
       [
        -121.75968,
        38.193943
       ],
       [
        -121.75968,
        38.193712
       ],
       [
        -121.759827,
        38.193596
       ],
       [
        -121.759829,
        38.190817
       ],
       [
        -121.760123,
        38.190817
       ],
       [
        -121.76027,
        38.190701
       ],
       [
        -121.7679,
        38.190705
       ],
       [
        -121.768487,
        38.190706
       ],
       [
        -121.768634,
        38.190822
       ],
       [
        -121.768927,
        38.190822
       ],
       [
        -121.768926,
        38.192443
       ],
       [
        -121.768779,
        38.192559
       ],
       [
        -121.768778,
        38.193601
       ],
       [
        -121.768925,
        38.193717
       ],
       [
        -121.768924,
        38.194759
       ],
       [
        -121.768777,
        38.194875
       ],
       [
        -121.768777,
        38.195454
       ],
       [
        -121.768923,
        38.19557
       ],
       [
        -121.768923,
        38.196381
       ],
       [
        -121.768776,
        38.196612
       ],
       [
        -121.768922,
        38.196728
       ],
       [
        -121.768922,
        38.19696
       ],
       [
        -121.768775,
        38.197076
       ],
       [
        -121.768775,
        38.197539
       ]
      ]
     ],
     [
      [
       [
        -121.788578,
        38.212372
       ],
       [
        -121.787697,
        38.212371
       ],
       [
        -121.787404,
        38.212255
       ],
       [
        -121.787257,
        38.212371
       ],
       [
        -121.782707,
        38.212369
       ],
       [
        -121.782709,
        38.20959
       ],
       [
        -121.782855,
        38.209474
       ],
       [
        -121.782856,
        38.208895
       ],
       [
        -121.786819,
        38.208897
       ],
       [
        -121.786965,
        38.209012
       ],
       [
        -121.787259,
        38.209013
       ],
       [
        -121.7877,
        38.208434
       ],
       [
        -121.78814,
        38.208434
       ],
       [
        -121.788287,
        38.20855
       ],
       [
        -121.78858,
        38.20855
       ],
       [
        -121.788874,
        38.208666
       ],
       [
        -121.789314,
        38.209129
       ],
       [
        -121.789313,
        38.210171
       ],
       [
        -121.788726,
        38.211098
       ],
       [
        -121.788725,
        38.211445
       ],
       [
        -121.788579,
        38.211561
       ],
       [
        -121.788578,
        38.212372
       ]
      ]
     ],
     [
      [
       [
        -121.815149,
        38.201376
       ],
       [
        -121.815002,
        38.201492
       ],
       [
        -121.805903,
        38.20149
       ],
       [
        -121.805903,
        38.201143
       ],
       [
        -121.806049,
        38.201027
       ],
       [
        -121.80605,
        38.198479
       ],
       [
        -121.806197,
        38.198363
       ],
       [
        -121.806197,
        38.198016
       ],
       [
        -121.806051,
        38.1979
       ],
       [
        -121.804876,
        38.1979
       ],
       [
        -121.804877,
        38.197321
       ],
       [
        -121.804583,
        38.196973
       ],
       [
        -121.804583,
        38.19651
       ],
       [
        -121.804437,
        38.196394
       ],
       [
        -121.804437,
        38.195931
       ],
       [
        -121.80429,
        38.195815
       ],
       [
        -121.804291,
        38.192804
       ],
       [
        -121.804585,
        38.192572
       ],
       [
        -121.806052,
        38.192573
       ],
       [
        -121.806199,
        38.192457
       ],
       [
        -121.8062,
        38.19072
       ],
       [
        -121.806347,
        38.190604
       ],
       [
        -121.8062,
        38.190488
       ],
       [
        -121.806201,
        38.18713
       ],
       [
        -121.806054,
        38.187014
       ],
       [
        -121.806055,
        38.18574
       ],
       [
        -121.806201,
        38.185624
       ],
       [
        -121.806202,
        38.185277
       ],
       [
        -121.806495,
        38.185277
       ],
       [
        -121.806642,
        38.185392
       ],
       [
        -121.817206,
        38.185394
       ],
       [
        -121.817353,
        38.18551
       ],
       [
        -121.817793,
        38.18551
       ],
       [
        -121.81794,
        38.185394
       ],
       [
        -121.824103,
        38.185395
       ],
       [
        -121.824396,
        38.185511
       ],
       [
        -121.824395,
        38.194197
       ],
       [
        -121.824249,
        38.194312
       ],
       [
        -121.824395,
        38.194544
       ],
       [
        -121.824395,
        38.197903
       ],
       [
        -121.823074,
        38.197903
       ],
       [
        -121.822928,
        38.197787
       ],
       [
        -121.822781,
        38.197903
       ],
       [
        -121.815296,
        38.197902
       ],
       [
        -121.815149,
        38.198018
       ],
       [
        -121.815149,
        38.201376
       ]
      ]
     ]
    ]
   }
  },
  {
   "type": "Feature",
   "properties": {
    "kind": "zone",
    "category": "industrial",
    "label": "Proposed industry and technology (IT)",
    "source": "traced: Suisun Expansion Project Notice of Preparation (City of Suisun City, SCH 2025110452, Nov 2025), Figure 5, Specific Plan Land Use Zones, p. 18",
    "note": "Manufacturing, research, industrial and infrastructure uses such as data centres and plants; no housing (NOP p. 5). Table 1 (p. 7): up to 51.9M sq ft non-residential. About 2,244 acres as drawn; the NOP states about 2,272 acres. Approximate: traced from a small-scale figure. Proposed, not adopted.",
    "stage": "entitlement",
    "accuracy": "approximate"
   },
   "geometry": {
    "type": "Polygon",
    "coordinates": [
     [
      [
       -121.807064,
       38.23913
      ],
      [
       -121.806623,
       38.23913
      ],
      [
       -121.806477,
       38.239014
      ],
      [
       -121.805742,
       38.239014
      ],
      [
       -121.805744,
       38.234149
      ],
      [
       -121.805891,
       38.234034
      ],
      [
       -121.805744,
       38.233918
      ],
      [
       -121.805745,
       38.232181
      ],
      [
       -121.805892,
       38.232065
      ],
      [
       -121.805892,
       38.231486
      ],
      [
       -121.805892,
       38.231023
      ],
      [
       -121.805745,
       38.230907
      ],
      [
       -121.805745,
       38.230675
      ],
      [
       -121.805892,
       38.230559
      ],
      [
       -121.805892,
       38.230212
      ],
      [
       -121.805746,
       38.22998
      ],
      [
       -121.805746,
       38.229749
      ],
      [
       -121.805893,
       38.229633
      ],
      [
       -121.805893,
       38.227085
      ],
      [
       -121.810151,
       38.227086
      ],
      [
       -121.810298,
       38.22697
      ],
      [
       -121.810592,
       38.22697
      ],
      [
       -121.810885,
       38.226854
      ],
      [
       -121.811619,
       38.226275
      ],
      [
       -121.81162,
       38.22616
      ],
      [
       -121.811766,
       38.22616
      ],
      [
       -121.812647,
       38.225465
      ],
      [
       -121.812647,
       38.225349
      ],
      [
       -121.812941,
       38.225117
      ],
      [
       -121.813088,
       38.225117
      ],
      [
       -121.813528,
       38.22477
      ],
      [
       -121.813528,
       38.224654
      ],
      [
       -121.813675,
       38.224654
      ],
      [
       -121.814263,
       38.224191
      ],
      [
       -121.814263,
       38.224075
      ],
      [
       -121.814556,
       38.223844
      ],
      [
       -121.814703,
       38.223844
      ],
      [
       -121.816465,
       38.222454
      ],
      [
       -121.816465,
       38.222338
      ],
      [
       -121.816759,
       38.222223
      ],
      [
       -121.817199,
       38.221875
      ],
      [
       -121.817199,
       38.221759
      ],
      [
       -121.81764,
       38.221296
      ],
      [
       -121.817933,
       38.221296
      ],
      [
       -121.822044,
       38.218054
      ],
      [
       -121.822044,
       38.217938
      ],
      [
       -121.822778,
       38.217359
      ],
      [
       -121.823072,
       38.217243
      ],
      [
       -121.823512,
       38.216896
      ],
      [
       -121.823659,
       38.216664
      ],
      [
       -121.823953,
       38.216549
      ],
      [
       -121.824393,
       38.216201
      ],
      [
       -121.82454,
       38.21597
      ],
      [
       -121.824834,
       38.215854
      ],
      [
       -121.824834,
       38.215738
      ],
      [
       -121.825274,
       38.215391
      ],
      [
       -121.825568,
       38.215275
      ],
      [
       -121.826302,
       38.214696
      ],
      [
       -121.826302,
       38.21458
      ],
      [
       -121.826889,
       38.214117
      ],
      [
       -121.827183,
       38.213885
      ],
      [
       -121.827329,
       38.213885
      ],
      [
       -121.828504,
       38.212959
      ],
      [
       -121.828504,
       38.212843
      ],
      [
       -121.82865,
       38.212843
      ],
      [
       -121.833348,
       38.209137
      ],
      [
       -121.833641,
       38.209137
      ],
      [
       -121.833788,
       38.209021
      ],
      [
       -121.833641,
       38.208789
      ],
      [
       -121.833641,
       38.205199
      ],
      [
       -121.834228,
       38.205199
      ],
      [
       -121.834375,
       38.205315
      ],
      [
       -121.836723,
       38.205315
      ],
      [
       -121.83687,
       38.205199
      ],
      [
       -121.837164,
       38.205199
      ],
      [
       -121.83731,
       38.205315
      ],
      [
       -121.842741,
       38.205314
      ],
      [
       -121.843034,
       38.205083
      ],
      [
       -121.842888,
       38.204967
      ],
      [
       -121.842887,
       38.201608
      ],
      [
       -121.843034,
       38.201493
      ],
      [
       -121.842887,
       38.201377
      ],
      [
       -121.842886,
       38.193965
      ],
      [
       -121.843033,
       38.193849
      ],
      [
       -121.842886,
       38.193733
      ],
      [
       -121.842885,
       38.190259
      ],
      [
       -121.843032,
       38.190143
      ],
      [
       -121.842885,
       38.190027
      ],
      [
       -121.842885,
       38.185858
      ],
      [
       -121.843178,
       38.185858
      ],
      [
       -121.844646,
       38.186437
      ],
      [
       -121.845379,
       38.186436
      ],
      [
       -121.845379,
       38.186552
      ],
      [
       -121.845673,
       38.186784
      ],
      [
       -121.846113,
       38.186784
      ],
      [
       -121.8467,
       38.187131
      ],
      [
       -121.846993,
       38.187131
      ],
      [
       -121.84758,
       38.187363
      ],
      [
       -121.847874,
       38.187363
      ],
      [
       -121.848021,
       38.187594
      ],
      [
       -121.848314,
       38.187594
      ],
      [
       -121.848608,
       38.187826
      ],
      [
       -121.849341,
       38.187941
      ],
      [
       -121.850222,
       38.18852
      ],
      [
       -121.850222,
       38.188752
      ],
      [
       -121.849929,
       38.188752
      ],
      [
       -121.849488,
       38.188984
      ],
      [
       -121.848755,
       38.1891
      ],
      [
       -121.848168,
       38.189447
      ],
      [
       -121.847728,
       38.189447
      ],
      [
       -121.846994,
       38.190258
      ],
      [
       -121.846994,
       38.190374
      ],
      [
       -121.846701,
       38.190374
      ],
      [
       -121.846114,
       38.190721
      ],
      [
       -121.846114,
       38.194312
      ],
      [
       -121.846261,
       38.194428
      ],
      [
       -121.851838,
       38.194427
      ],
      [
       -121.851985,
       38.194658
      ],
      [
       -121.852425,
       38.194658
      ],
      [
       -121.852572,
       38.194774
      ],
      [
       -121.852572,
       38.195121
      ],
      [
       -121.853159,
       38.196048
      ],
      [
       -121.853159,
       38.196743
      ],
      [
       -121.853453,
       38.196974
      ],
      [
       -121.85404,
       38.196974
      ],
      [
       -121.854187,
       38.19709
      ],
      [
       -121.861378,
       38.197088
      ],
      [
       -121.861524,
       38.197204
      ],
      [
       -121.862112,
       38.197204
      ],
      [
       -121.862405,
       38.19732
      ],
      [
       -121.862405,
       38.197667
      ],
      [
       -121.862112,
       38.197667
      ],
      [
       -121.861965,
       38.197783
      ],
      [
       -121.862112,
       38.198015
      ],
      [
       -121.862552,
       38.198015
      ],
      [
       -121.862552,
       38.198362
      ],
      [
       -121.862259,
       38.198478
      ],
      [
       -121.862261,
       38.203805
      ],
      [
       -121.861968,
       38.204037
      ],
      [
       -121.861821,
       38.204385
      ],
      [
       -121.861527,
       38.2045
      ],
      [
       -121.861087,
       38.204848
      ],
      [
       -121.861087,
       38.205195
      ],
      [
       -121.8605,
       38.205196
      ],
      [
       -121.860207,
       38.205659
      ],
      [
       -121.86006,
       38.205659
      ],
      [
       -121.859767,
       38.205891
      ],
      [
       -121.859767,
       38.206006
      ],
      [
       -121.859473,
       38.206122
      ],
      [
       -121.859327,
       38.206354
      ],
      [
       -121.85918,
       38.206354
      ],
      [
       -121.85874,
       38.206702
      ],
      [
       -121.85874,
       38.206817
      ],
      [
       -121.858593,
       38.206817
      ],
      [
       -121.857713,
       38.207512
      ],
      [
       -121.857713,
       38.207628
      ],
      [
       -121.857566,
       38.207628
      ],
      [
       -121.857126,
       38.207976
      ],
      [
       -121.857126,
       38.208092
      ],
      [
       -121.856979,
       38.208092
      ],
      [
       -121.856539,
       38.208439
      ],
      [
       -121.856539,
       38.208555
      ],
      [
       -121.856098,
       38.208903
      ],
      [
       -121.855952,
       38.208903
      ],
      [
       -121.855658,
       38.209134
      ],
      [
       -121.855658,
       38.20925
      ],
      [
       -121.855511,
       38.20925
      ],
      [
       -121.854337,
       38.210177
      ],
      [
       -121.853457,
       38.210872
      ],
      [
       -121.85331,
       38.211104
      ],
      [
       -121.852723,
       38.211451
      ],
      [
       -121.852136,
       38.211915
      ],
      [
       -121.851989,
       38.212146
      ],
      [
       -121.851696,
       38.212146
      ],
      [
       -121.851549,
       38.212262
      ],
      [
       -121.851109,
       38.212725
      ],
      [
       -121.851109,
       38.212841
      ],
      [
       -121.850375,
       38.21342
      ],
      [
       -121.850082,
       38.213536
      ],
      [
       -121.849348,
       38.214115
      ],
      [
       -121.849348,
       38.214231
      ],
      [
       -121.849201,
       38.214231
      ],
      [
       -121.848908,
       38.214463
      ],
      [
       -121.845825,
       38.214463
      ],
      [
       -121.845531,
       38.214927
      ],
      [
       -121.845238,
       38.214927
      ],
      [
       -121.844944,
       38.214811
      ],
      [
       -121.844797,
       38.214927
      ],
      [
       -121.844064,
       38.214927
      ],
      [
       -121.843917,
       38.214811
      ],
      [
       -121.84333,
       38.214811
      ],
      [
       -121.843183,
       38.214579
      ],
      [
       -121.842742,
       38.214927
      ],
      [
       -121.842742,
       38.215274
      ],
      [
       -121.842889,
       38.21539
      ],
      [
       -121.842889,
       38.215622
      ],
      [
       -121.842743,
       38.215738
      ],
      [
       -121.842743,
       38.215969
      ],
      [
       -121.842889,
       38.216085
      ],
      [
       -121.84289,
       38.218633
      ],
      [
       -121.842596,
       38.218865
      ],
      [
       -121.842596,
       38.219212
      ],
      [
       -121.842449,
       38.219328
      ],
      [
       -121.84245,
       38.219907
      ],
      [
       -121.842596,
       38.220023
      ],
      [
       -121.842596,
       38.220254
      ],
      [
       -121.842303,
       38.220254
      ],
      [
       -121.842009,
       38.22037
      ],
      [
       -121.841569,
       38.220718
      ],
      [
       -121.841128,
       38.220834
      ],
      [
       -121.840688,
       38.221181
      ],
      [
       -121.840248,
       38.221297
      ],
      [
       -121.839954,
       38.221529
      ],
      [
       -121.839954,
       38.221644
      ],
      [
       -121.839661,
       38.221876
      ],
      [
       -121.839514,
       38.221876
      ],
      [
       -121.839073,
       38.222223
      ],
      [
       -121.839073,
       38.222339
      ],
      [
       -121.838927,
       38.222339
      ],
      [
       -121.838339,
       38.222803
      ],
      [
       -121.838193,
       38.223034
      ],
      [
       -121.838046,
       38.223034
      ],
      [
       -121.837018,
       38.223845
      ],
      [
       -121.837018,
       38.223961
      ],
      [
       -121.836871,
       38.223961
      ],
      [
       -121.836284,
       38.224424
      ],
      [
       -121.836284,
       38.22454
      ],
      [
       -121.835697,
       38.224887
      ],
      [
       -121.835697,
       38.225003
      ],
      [
       -121.835403,
       38.225119
      ],
      [
       -121.835403,
       38.225235
      ],
      [
       -121.834963,
       38.225582
      ],
      [
       -121.834669,
       38.225698
      ],
      [
       -121.833348,
       38.22674
      ],
      [
       -121.83232,
       38.227667
      ],
      [
       -121.832027,
       38.227783
      ],
      [
       -121.831439,
       38.228246
      ],
      [
       -121.831439,
       38.228362
      ],
      [
       -121.831293,
       38.228362
      ],
      [
       -121.830118,
       38.229288
      ],
      [
       -121.830118,
       38.229404
      ],
      [
       -121.829824,
       38.22952
      ],
      [
       -121.82909,
       38.230099
      ],
      [
       -121.82909,
       38.230215
      ],
      [
       -121.828943,
       38.230215
      ],
      [
       -121.828209,
       38.230794
      ],
      [
       -121.828209,
       38.23091
      ],
      [
       -121.827475,
       38.231489
      ],
      [
       -121.827475,
       38.231604
      ],
      [
       -121.826741,
       38.232068
      ],
      [
       -121.826594,
       38.232068
      ],
      [
       -121.8263,
       38.232299
      ],
      [
       -121.8263,
       38.232415
      ],
      [
       -121.826154,
       38.232415
      ],
      [
       -121.825713,
       38.232878
      ],
      [
       -121.825419,
       38.232994
      ],
      [
       -121.825273,
       38.233226
      ],
      [
       -121.824979,
       38.233341
      ],
      [
       -121.824685,
       38.233573
      ],
      [
       -121.824685,
       38.233689
      ],
      [
       -121.824098,
       38.234036
      ],
      [
       -121.824098,
       38.234152
      ],
      [
       -121.823951,
       38.234152
      ],
      [
       -121.823657,
       38.234384
      ],
      [
       -121.823657,
       38.2345
      ],
      [
       -121.823364,
       38.234731
      ],
      [
       -121.823217,
       38.234731
      ],
      [
       -121.822923,
       38.234963
      ],
      [
       -121.822923,
       38.235079
      ],
      [
       -121.822629,
       38.235194
      ],
      [
       -121.822336,
       38.235426
      ],
      [
       -121.822336,
       38.235542
      ],
      [
       -121.822042,
       38.235658
      ],
      [
       -121.821601,
       38.236005
      ],
      [
       -121.821601,
       38.236121
      ],
      [
       -121.821308,
       38.236237
      ],
      [
       -121.821308,
       38.236352
      ],
      [
       -121.821014,
       38.236468
      ],
      [
       -121.820573,
       38.236816
      ],
      [
       -121.820427,
       38.237047
      ],
      [
       -121.82028,
       38.237047
      ],
      [
       -121.819399,
       38.237626
      ],
      [
       -121.819399,
       38.237742
      ],
      [
       -121.818664,
       38.238321
      ],
      [
       -121.816902,
       38.239016
      ],
      [
       -121.807358,
       38.239014
      ],
      [
       -121.807064,
       38.23913
      ]
     ]
    ]
   }
  },
  {
   "type": "Feature",
   "properties": {
    "kind": "zone",
    "category": "mixed-use",
    "label": "Proposed maker and manufacturing (MM)",
    "source": "traced: Suisun Expansion Project Notice of Preparation (City of Suisun City, SCH 2025110452, Nov 2025), Figure 5, Specific Plan Land Use Zones, p. 18",
    "note": "Small businesses, light industry, entertainment and housing mixed (NOP p. 6). Table 1 (p. 7): up to 18,259 homes and 14.0M sq ft non-residential. About 680 acres as drawn; the NOP states about 698 acres. Approximate: traced from a small-scale figure. Proposed, not adopted.",
    "stage": "entitlement",
    "accuracy": "approximate"
   },
   "geometry": {
    "type": "MultiPolygon",
    "coordinates": [
     [
      [
       [
        -121.768927,
        38.190706
       ],
       [
        -121.768634,
        38.190706
       ],
       [
        -121.768487,
        38.19059
       ],
       [
        -121.767754,
        38.19059
       ],
       [
        -121.76027,
        38.190585
       ],
       [
        -121.760123,
        38.190701
       ],
       [
        -121.75983,
        38.190701
       ],
       [
        -121.759832,
        38.18769
       ],
       [
        -121.759686,
        38.187574
       ],
       [
        -121.759686,
        38.187111
       ],
       [
        -121.759833,
        38.186995
       ],
       [
        -121.759835,
        38.185373
       ],
       [
        -121.768932,
        38.185379
       ],
       [
        -121.768931,
        38.185958
       ],
       [
        -121.768785,
        38.186073
       ],
       [
        -121.768784,
        38.186421
       ],
       [
        -121.768931,
        38.186537
       ],
       [
        -121.768928,
        38.189895
       ],
       [
        -121.768781,
        38.190011
       ],
       [
        -121.768781,
        38.190243
       ],
       [
        -121.768928,
        38.190359
       ],
       [
        -121.768927,
        38.190706
       ]
      ]
     ],
     [
      [
       [
        -121.828797,
        38.212611
       ],
       [
        -121.828357,
        38.212611
       ],
       [
        -121.82777,
        38.212264
       ],
       [
        -121.826596,
        38.212264
       ],
       [
        -121.826449,
        38.212379
       ],
       [
        -121.825421,
        38.212379
       ],
       [
        -121.825274,
        38.212495
       ],
       [
        -121.82454,
        38.212495
       ],
       [
        -121.824394,
        38.212379
       ],
       [
        -121.824394,
        38.212032
       ],
       [
        -121.824541,
        38.211916
       ],
       [
        -121.824541,
        38.209021
       ],
       [
        -121.824394,
        38.208789
       ],
       [
        -121.824541,
        38.208558
       ],
       [
        -121.824541,
        38.207863
       ],
       [
        -121.824394,
        38.207747
       ],
       [
        -121.824394,
        38.207515
       ],
       [
        -121.824394,
        38.207168
       ],
       [
        -121.824541,
        38.207052
       ],
       [
        -121.824541,
        38.202883
       ],
       [
        -121.824395,
        38.202767
       ],
       [
        -121.824395,
        38.202419
       ],
       [
        -121.824541,
        38.202304
       ],
       [
        -121.824542,
        38.20184
       ],
       [
        -121.824248,
        38.201609
       ],
       [
        -121.823954,
        38.201609
       ],
       [
        -121.823808,
        38.201493
       ],
       [
        -121.815295,
        38.201492
       ],
       [
        -121.815296,
        38.198018
       ],
       [
        -121.824395,
        38.198018
       ],
       [
        -121.824542,
        38.197903
       ],
       [
        -121.824542,
        38.194312
       ],
       [
        -121.824982,
        38.194313
       ],
       [
        -121.825129,
        38.194428
       ],
       [
        -121.827477,
        38.194428
       ],
       [
        -121.827624,
        38.194313
       ],
       [
        -121.828945,
        38.194428
       ],
       [
        -121.828945,
        38.197555
       ],
       [
        -121.829238,
        38.198019
       ],
       [
        -121.84274,
        38.198018
       ],
       [
        -121.842741,
        38.205199
       ],
       [
        -121.839072,
        38.205199
       ],
       [
        -121.838925,
        38.205083
       ],
       [
        -121.838778,
        38.205199
       ],
       [
        -121.83731,
        38.205199
       ],
       [
        -121.837164,
        38.205083
       ],
       [
        -121.83687,
        38.205083
       ],
       [
        -121.836723,
        38.205199
       ],
       [
        -121.834962,
        38.205199
       ],
       [
        -121.834815,
        38.205083
       ],
       [
        -121.833641,
        38.205083
       ],
       [
        -121.833494,
        38.205199
       ],
       [
        -121.833494,
        38.209021
       ],
       [
        -121.833348,
        38.209021
       ],
       [
        -121.828797,
        38.212611
       ]
      ]
     ]
    ]
   }
  },
  {
   "type": "Feature",
   "properties": {
    "kind": "zone",
    "category": "residential",
    "label": "Proposed neighborhood mixed use (NMU)",
    "source": "traced: Suisun Expansion Project Notice of Preparation (City of Suisun City, SCH 2025110452, Nov 2025), Figure 5, Specific Plan Land Use Zones, p. 18",
    "note": "Predominantly residential, with smaller workplaces, schools, shops and parks (NOP p. 6). The text splits it by Travis AFB compatibility zone (C: 2,463 acres, row homes; D: 4,133 acres, row homes and multi-family) but Figure 5 doesn't draw that line. Table 1 (p. 7): up to 122,153 homes in all. About 6,531 acres as drawn; the NOP states about 6,596 acres. Approximate: traced from a small-scale figure. Proposed, not adopted.",
    "stage": "entitlement",
    "accuracy": "approximate"
   },
   "geometry": {
    "type": "MultiPolygon",
    "coordinates": [
     [
      [
       [
        -121.771833,
        38.226378
       ],
       [
        -121.771833,
        38.226609
       ],
       [
        -121.770512,
        38.226608
       ],
       [
        -121.770365,
        38.226493
       ],
       [
        -121.769044,
        38.226492
       ],
       [
        -121.768897,
        38.226376
       ],
       [
        -121.759941,
        38.226371
       ],
       [
        -121.759061,
        38.226023
       ],
       [
        -121.75818,
        38.226022
       ],
       [
        -121.757887,
        38.22579
       ],
       [
        -121.757153,
        38.225674
       ],
       [
        -121.756859,
        38.225558
       ],
       [
        -121.756419,
        38.22521
       ],
       [
        -121.756272,
        38.22521
       ],
       [
        -121.754512,
        38.223935
       ],
       [
        -121.754072,
        38.22324
       ],
       [
        -121.753632,
        38.222892
       ],
       [
        -121.753632,
        38.222777
       ],
       [
        -121.753192,
        38.222313
       ],
       [
        -121.753193,
        38.221966
       ],
       [
        -121.753046,
        38.22185
       ],
       [
        -121.753046,
        38.221618
       ],
       [
        -121.752459,
        38.22127
       ],
       [
        -121.752167,
        38.220691
       ],
       [
        -121.751873,
        38.220459
       ],
       [
        -121.751873,
        38.220228
       ],
       [
        -121.751287,
        38.219648
       ],
       [
        -121.75114,
        38.219301
       ],
       [
        -121.750114,
        38.218489
       ],
       [
        -121.749967,
        38.218489
       ],
       [
        -121.749234,
        38.218025
       ],
       [
        -121.7485,
        38.217909
       ],
       [
        -121.748353,
        38.217677
       ],
       [
        -121.748206,
        38.217677
       ],
       [
        -121.747913,
        38.217445
       ],
       [
        -121.747619,
        38.217445
       ],
       [
        -121.747179,
        38.217213
       ],
       [
        -121.746739,
        38.217213
       ],
       [
        -121.746592,
        38.216981
       ],
       [
        -121.746299,
        38.216981
       ],
       [
        -121.745565,
        38.216633
       ],
       [
        -121.745272,
        38.216633
       ],
       [
        -121.744685,
        38.216285
       ],
       [
        -121.744245,
        38.216285
       ],
       [
        -121.743805,
        38.215937
       ],
       [
        -121.743658,
        38.215937
       ],
       [
        -121.743658,
        38.215473
       ],
       [
        -121.743805,
        38.215358
       ],
       [
        -121.743806,
        38.21501
       ],
       [
        -121.743953,
        38.214895
       ],
       [
        -121.743953,
        38.214431
       ],
       [
        -121.743807,
        38.214315
       ],
       [
        -121.743809,
        38.212462
       ],
       [
        -121.743956,
        38.212347
       ],
       [
        -121.743956,
        38.212115
       ],
       [
        -121.743809,
        38.211999
       ],
       [
        -121.743818,
        38.205166
       ],
       [
        -121.743964,
        38.205051
       ],
       [
        -121.743818,
        38.204935
       ],
       [
        -121.743826,
        38.198218
       ],
       [
        -121.743973,
        38.198102
       ],
       [
        -121.743973,
        38.19787
       ],
       [
        -121.743826,
        38.197754
       ],
       [
        -121.74383,
        38.194396
       ],
       [
        -121.743977,
        38.19428
       ],
       [
        -121.743831,
        38.194164
       ],
       [
        -121.743835,
        38.19069
       ],
       [
        -121.743982,
        38.190574
       ],
       [
        -121.743835,
        38.190458
       ],
       [
        -121.743839,
        38.187331
       ],
       [
        -121.743986,
        38.187216
       ],
       [
        -121.743839,
        38.186984
       ],
       [
        -121.743841,
        38.185942
       ],
       [
        -121.743841,
        38.185478
       ],
       [
        -121.743988,
        38.185363
       ],
       [
        -121.759395,
        38.185373
       ],
       [
        -121.759688,
        38.185489
       ],
       [
        -121.759686,
        38.186995
       ],
       [
        -121.75954,
        38.18711
       ],
       [
        -121.759539,
        38.187458
       ],
       [
        -121.759686,
        38.18769
       ],
       [
        -121.75968,
        38.193596
       ],
       [
        -121.759533,
        38.193712
       ],
       [
        -121.759533,
        38.193943
       ],
       [
        -121.75968,
        38.194059
       ],
       [
        -121.759679,
        38.194291
       ],
       [
        -121.759532,
        38.194407
       ],
       [
        -121.759679,
        38.194522
       ],
       [
        -121.759676,
        38.197302
       ],
       [
        -121.759529,
        38.197418
       ],
       [
        -121.759676,
        38.197649
       ],
       [
        -121.759676,
        38.197881
       ],
       [
        -121.759822,
        38.197997
       ],
       [
        -121.765986,
        38.198001
       ],
       [
        -121.768921,
        38.198002
       ],
       [
        -121.769068,
        38.197886
       ],
       [
        -121.769068,
        38.197655
       ],
       [
        -121.768922,
        38.197539
       ],
       [
        -121.768922,
        38.197076
       ],
       [
        -121.769069,
        38.19696
       ],
       [
        -121.76907,
        38.19557
       ],
       [
        -121.768923,
        38.195454
       ],
       [
        -121.768924,
        38.195107
       ],
       [
        -121.768924,
        38.194875
       ],
       [
        -121.769071,
        38.194759
       ],
       [
        -121.769072,
        38.193717
       ],
       [
        -121.768925,
        38.193601
       ],
       [
        -121.768926,
        38.192559
       ],
       [
        -121.769073,
        38.192443
       ],
       [
        -121.769077,
        38.187232
       ],
       [
        -121.769224,
        38.187116
       ],
       [
        -121.769077,
        38.187
       ],
       [
        -121.769079,
        38.185379
       ],
       [
        -121.798278,
        38.18539
       ],
       [
        -121.798278,
        38.186317
       ],
       [
        -121.798131,
        38.186433
       ],
       [
        -121.798131,
        38.187128
       ],
       [
        -121.797984,
        38.187243
       ],
       [
        -121.797984,
        38.187591
       ],
       [
        -121.798277,
        38.187823
       ],
       [
        -121.798423,
        38.188402
       ],
       [
        -121.79857,
        38.188517
       ],
       [
        -121.79857,
        38.189444
       ],
       [
        -121.798423,
        38.18956
       ],
       [
        -121.798423,
        38.189907
       ],
       [
        -121.798276,
        38.190023
       ],
       [
        -121.798276,
        38.190602
       ],
       [
        -121.797982,
        38.190718
       ],
       [
        -121.797982,
        38.191181
       ],
       [
        -121.797835,
        38.191297
       ],
       [
        -121.797835,
        38.191992
       ],
       [
        -121.798128,
        38.192455
       ],
       [
        -121.798862,
        38.193034
       ],
       [
        -121.799008,
        38.193034
       ],
       [
        -121.799595,
        38.193498
       ],
       [
        -121.799889,
        38.193614
       ],
       [
        -121.800035,
        38.193845
       ],
       [
        -121.800035,
        38.194193
       ],
       [
        -121.800329,
        38.194309
       ],
       [
        -121.800328,
        38.195235
       ],
       [
        -121.800034,
        38.195698
       ],
       [
        -121.799594,
        38.196046
       ],
       [
        -121.799594,
        38.196277
       ],
       [
        -121.799007,
        38.196856
       ],
       [
        -121.799006,
        38.197319
       ],
       [
        -121.79886,
        38.197435
       ],
       [
        -121.798859,
        38.197898
       ],
       [
        -121.799153,
        38.19813
       ],
       [
        -121.799153,
        38.198709
       ],
       [
        -121.799446,
        38.199173
       ],
       [
        -121.799446,
        38.199867
       ],
       [
        -121.798858,
        38.200794
       ],
       [
        -121.797977,
        38.201488
       ],
       [
        -121.79695,
        38.201488
       ],
       [
        -121.796803,
        38.201604
       ],
       [
        -121.79651,
        38.201604
       ],
       [
        -121.796363,
        38.20172
       ],
       [
        -121.796362,
        38.20253
       ],
       [
        -121.796216,
        38.202646
       ],
       [
        -121.794748,
        38.202646
       ],
       [
        -121.793867,
        38.202993
       ],
       [
        -121.793133,
        38.203456
       ],
       [
        -121.792693,
        38.203571
       ],
       [
        -121.792252,
        38.203919
       ],
       [
        -121.791812,
        38.204034
       ],
       [
        -121.791225,
        38.204382
       ],
       [
        -121.790638,
        38.204381
       ],
       [
        -121.790344,
        38.20415
       ],
       [
        -121.787556,
        38.204149
       ],
       [
        -121.787409,
        38.204033
       ],
       [
        -121.786675,
        38.204032
       ],
       [
        -121.786382,
        38.203917
       ],
       [
        -121.786382,
        38.203801
       ],
       [
        -121.785942,
        38.203453
       ],
       [
        -121.785208,
        38.203337
       ],
       [
        -121.784914,
        38.203453
       ],
       [
        -121.784767,
        38.203684
       ],
       [
        -121.784767,
        38.204148
       ],
       [
        -121.78462,
        38.204263
       ],
       [
        -121.78462,
        38.204611
       ],
       [
        -121.784473,
        38.204726
       ],
       [
        -121.784473,
        38.205421
       ],
       [
        -121.784619,
        38.205537
       ],
       [
        -121.784619,
        38.205769
       ],
       [
        -121.785353,
        38.206464
       ],
       [
        -121.785499,
        38.206811
       ],
       [
        -121.785792,
        38.207043
       ],
       [
        -121.786086,
        38.207507
       ],
       [
        -121.786526,
        38.207854
       ],
       [
        -121.787113,
        38.207854
       ],
       [
        -121.787113,
        38.20797
       ],
       [
        -121.787406,
        38.208202
       ],
       [
        -121.787406,
        38.208665
       ],
       [
        -121.787259,
        38.208897
       ],
       [
        -121.786966,
        38.208897
       ],
       [
        -121.786819,
        38.208781
       ],
       [
        -121.783883,
        38.20878
       ],
       [
        -121.783737,
        38.208664
       ],
       [
        -121.78359,
        38.20878
       ],
       [
        -121.782856,
        38.208779
       ],
       [
        -121.782709,
        38.208895
       ],
       [
        -121.782709,
        38.209474
       ],
       [
        -121.782562,
        38.20959
       ],
       [
        -121.78256,
        38.212253
       ],
       [
        -121.782413,
        38.212369
       ],
       [
        -121.78256,
        38.212485
       ],
       [
        -121.788725,
        38.212488
       ],
       [
        -121.788725,
        38.212835
       ],
       [
        -121.788871,
        38.212951
       ],
       [
        -121.789018,
        38.21353
       ],
       [
        -121.788577,
        38.213993
       ],
       [
        -121.788283,
        38.214572
       ],
       [
        -121.787989,
        38.214803
       ],
       [
        -121.787696,
        38.215267
       ],
       [
        -121.787695,
        38.215614
       ],
       [
        -121.787549,
        38.21573
       ],
       [
        -121.787548,
        38.216193
       ],
       [
        -121.787401,
        38.216309
       ],
       [
        -121.787401,
        38.216656
       ],
       [
        -121.787254,
        38.216772
       ],
       [
        -121.787254,
        38.217004
       ],
       [
        -121.786667,
        38.217235
       ],
       [
        -121.786373,
        38.217235
       ],
       [
        -121.785933,
        38.217582
       ],
       [
        -121.785492,
        38.217582
       ],
       [
        -121.785199,
        38.217814
       ],
       [
        -121.785051,
        38.218393
       ],
       [
        -121.784905,
        38.218508
       ],
       [
        -121.784904,
        38.219666
       ],
       [
        -121.78505,
        38.219782
       ],
       [
        -121.78505,
        38.220477
       ],
       [
        -121.784462,
        38.221056
       ],
       [
        -121.784316,
        38.221056
       ],
       [
        -121.783728,
        38.221403
       ],
       [
        -121.782554,
        38.221403
       ],
       [
        -121.782407,
        38.221518
       ],
       [
        -121.781967,
        38.221518
       ],
       [
        -121.78182,
        38.221634
       ],
       [
        -121.781232,
        38.221634
       ],
       [
        -121.780645,
        38.221981
       ],
       [
        -121.780204,
        38.222328
       ],
       [
        -121.780204,
        38.222444
       ],
       [
        -121.780057,
        38.222444
       ],
       [
        -121.779323,
        38.223023
       ],
       [
        -121.779323,
        38.223138
       ],
       [
        -121.779029,
        38.223254
       ],
       [
        -121.778442,
        38.223717
       ],
       [
        -121.778442,
        38.223833
       ],
       [
        -121.778001,
        38.22418
       ],
       [
        -121.776826,
        38.22418
       ],
       [
        -121.77668,
        38.224295
       ],
       [
        -121.775799,
        38.224295
       ],
       [
        -121.775358,
        38.224526
       ],
       [
        -121.775358,
        38.224642
       ],
       [
        -121.774771,
        38.224873
       ],
       [
        -121.774477,
        38.224873
       ],
       [
        -121.774183,
        38.225105
       ],
       [
        -121.773449,
        38.22522
       ],
       [
        -121.772861,
        38.225567
       ],
       [
        -121.772568,
        38.225567
       ],
       [
        -121.772421,
        38.225683
       ],
       [
        -121.772421,
        38.225915
       ],
       [
        -121.771833,
        38.226378
       ]
      ]
     ],
     [
      [
       [
        -121.804861,
        38.239129
       ],
       [
        -121.804421,
        38.239129
       ],
       [
        -121.804274,
        38.239013
       ],
       [
        -121.804127,
        38.239129
       ],
       [
        -121.799135,
        38.239128
       ],
       [
        -121.798107,
        38.239127
       ],
       [
        -121.79796,
        38.239012
       ],
       [
        -121.796491,
        38.239011
       ],
       [
        -121.796051,
        38.238779
       ],
       [
        -121.795317,
        38.238779
       ],
       [
        -121.794583,
        38.238431
       ],
       [
        -121.794142,
        38.238431
       ],
       [
        -121.793555,
        38.238199
       ],
       [
        -121.792968,
        38.237736
       ],
       [
        -121.792674,
        38.237736
       ],
       [
        -121.792381,
        38.237504
       ],
       [
        -121.79194,
        38.237388
       ],
       [
        -121.791353,
        38.236925
       ],
       [
        -121.791206,
        38.236925
       ],
       [
        -121.791207,
        38.236809
       ],
       [
        -121.790766,
        38.236577
       ],
       [
        -121.790766,
        38.236461
       ],
       [
        -121.790326,
        38.236114
       ],
       [
        -121.790326,
        38.235998
       ],
       [
        -121.789152,
        38.234955
       ],
       [
        -121.788565,
        38.234028
       ],
       [
        -121.788272,
        38.233913
       ],
       [
        -121.787831,
        38.233565
       ],
       [
        -121.787391,
        38.233217
       ],
       [
        -121.787244,
        38.232986
       ],
       [
        -121.787098,
        38.232986
       ],
       [
        -121.787098,
        38.23287
       ],
       [
        -121.786364,
        38.23229
       ],
       [
        -121.786217,
        38.23229
       ],
       [
        -121.78607,
        38.232059
       ],
       [
        -121.785924,
        38.232059
       ],
       [
        -121.78519,
        38.231479
       ],
       [
        -121.785043,
        38.231479
       ],
       [
        -121.783869,
        38.230668
       ],
       [
        -121.783722,
        38.230668
       ],
       [
        -121.783135,
        38.230205
       ],
       [
        -121.782842,
        38.230089
       ],
       [
        -121.782548,
        38.230088
       ],
       [
        -121.782548,
        38.229857
       ],
       [
        -121.782842,
        38.229857
       ],
       [
        -121.783282,
        38.22951
       ],
       [
        -121.784164,
        38.228815
       ],
       [
        -121.784311,
        38.228584
       ],
       [
        -121.784311,
        38.228352
       ],
       [
        -121.784605,
        38.228236
       ],
       [
        -121.784605,
        38.227541
       ],
       [
        -121.785046,
        38.226847
       ],
       [
        -121.785046,
        38.226384
       ],
       [
        -121.785193,
        38.226268
       ],
       [
        -121.785193,
        38.225805
       ],
       [
        -121.78534,
        38.225689
       ],
       [
        -121.785194,
        38.225457
       ],
       [
        -121.785341,
        38.224646
       ],
       [
        -121.786075,
        38.223952
       ],
       [
        -121.786369,
        38.223952
       ],
       [
        -121.786663,
        38.223605
       ],
       [
        -121.78725,
        38.223373
       ],
       [
        -121.787544,
        38.223142
       ],
       [
        -121.787544,
        38.222679
       ],
       [
        -121.788279,
        38.221868
       ],
       [
        -121.788719,
        38.221868
       ],
       [
        -121.788866,
        38.221637
       ],
       [
        -121.78916,
        38.221521
       ],
       [
        -121.7896,
        38.221521
       ],
       [
        -121.789747,
        38.221405
       ],
       [
        -121.789748,
        38.219784
       ],
       [
        -121.789895,
        38.219784
       ],
       [
        -121.790189,
        38.219553
       ],
       [
        -121.790336,
        38.219321
       ],
       [
        -121.790336,
        38.218974
       ],
       [
        -121.79107,
        38.218395
       ],
       [
        -121.791657,
        38.218163
       ],
       [
        -121.792098,
        38.218163
       ],
       [
        -121.792685,
        38.217932
       ],
       [
        -121.792979,
        38.217701
       ],
       [
        -121.793419,
        38.217585
       ],
       [
        -121.794154,
        38.217006
       ],
       [
        -121.794154,
        38.216543
       ],
       [
        -121.794448,
        38.21608
       ],
       [
        -121.794448,
        38.215616
       ],
       [
        -121.794595,
        38.215501
       ],
       [
        -121.794595,
        38.215269
       ],
       [
        -121.79577,
        38.214343
       ],
       [
        -121.796063,
        38.214227
       ],
       [
        -121.79621,
        38.213996
       ],
       [
        -121.79621,
        38.213764
       ],
       [
        -121.796504,
        38.213417
       ],
       [
        -121.796504,
        38.213069
       ],
       [
        -121.796651,
        38.212953
       ],
       [
        -121.796651,
        38.21249
       ],
       [
        -121.796798,
        38.21249
       ],
       [
        -121.797092,
        38.212259
       ],
       [
        -121.797092,
        38.211795
       ],
       [
        -121.797679,
        38.211448
       ],
       [
        -121.797826,
        38.211448
       ],
       [
        -121.798266,
        38.211101
       ],
       [
        -121.798413,
        38.211101
       ],
       [
        -121.799735,
        38.209943
       ],
       [
        -121.799735,
        38.209712
       ],
       [
        -121.800322,
        38.20948
       ],
       [
        -121.800469,
        38.209248
       ],
       [
        -121.80047,
        38.207743
       ],
       [
        -121.800617,
        38.207511
       ],
       [
        -121.80091,
        38.20728
       ],
       [
        -121.80091,
        38.207164
       ],
       [
        -121.801057,
        38.207164
       ],
       [
        -121.802525,
        38.206006
       ],
       [
        -121.802378,
        38.20589
       ],
       [
        -121.802379,
        38.205311
       ],
       [
        -121.802526,
        38.205196
       ],
       [
        -121.802379,
        38.20508
       ],
       [
        -121.802379,
        38.204732
       ],
       [
        -121.802232,
        38.204616
       ],
       [
        -121.802232,
        38.204037
       ],
       [
        -121.802086,
        38.203922
       ],
       [
        -121.802086,
        38.203111
       ],
       [
        -121.80238,
        38.202763
       ],
       [
        -121.80238,
        38.202416
       ],
       [
        -121.802674,
        38.202069
       ],
       [
        -121.802674,
        38.201605
       ],
       [
        -121.803554,
        38.201606
       ],
       [
        -121.803701,
        38.201721
       ],
       [
        -121.803848,
        38.201606
       ],
       [
        -121.806783,
        38.201606
       ],
       [
        -121.80693,
        38.201722
       ],
       [
        -121.807077,
        38.201606
       ],
       [
        -121.810012,
        38.201607
       ],
       [
        -121.810305,
        38.201723
       ],
       [
        -121.810452,
        38.201607
       ],
       [
        -121.814562,
        38.201608
       ],
       [
        -121.814708,
        38.201724
       ],
       [
        -121.814855,
        38.201608
       ],
       [
        -121.815295,
        38.201608
       ],
       [
        -121.815589,
        38.201724
       ],
       [
        -121.815736,
        38.201608
       ],
       [
        -121.823808,
        38.201609
       ],
       [
        -121.823954,
        38.201724
       ],
       [
        -121.824248,
        38.201725
       ],
       [
        -121.824395,
        38.20184
       ],
       [
        -121.824395,
        38.202188
       ],
       [
        -121.824248,
        38.202419
       ],
       [
        -121.824248,
        38.202767
       ],
       [
        -121.824395,
        38.202883
       ],
       [
        -121.824394,
        38.207052
       ],
       [
        -121.824247,
        38.207284
       ],
       [
        -121.824247,
        38.207747
       ],
       [
        -121.824394,
        38.207863
       ],
       [
        -121.824394,
        38.208557
       ],
       [
        -121.824247,
        38.208673
       ],
       [
        -121.824247,
        38.208905
       ],
       [
        -121.824394,
        38.209021
       ],
       [
        -121.824394,
        38.211916
       ],
       [
        -121.824247,
        38.212032
       ],
       [
        -121.824247,
        38.212379
       ],
       [
        -121.824687,
        38.212727
       ],
       [
        -121.824834,
        38.212727
       ],
       [
        -121.825421,
        38.212495
       ],
       [
        -121.827329,
        38.212495
       ],
       [
        -121.827476,
        38.212379
       ],
       [
        -121.82777,
        38.212379
       ],
       [
        -121.828357,
        38.212727
       ],
       [
        -121.828357,
        38.212959
       ],
       [
        -121.826302,
        38.214464
       ],
       [
        -121.826155,
        38.214696
       ],
       [
        -121.824687,
        38.215738
       ],
       [
        -121.824687,
        38.215854
       ],
       [
        -121.82454,
        38.215854
       ],
       [
        -121.824247,
        38.216085
       ],
       [
        -121.824247,
        38.216201
       ],
       [
        -121.823659,
        38.216549
       ],
       [
        -121.822925,
        38.217243
       ],
       [
        -121.822778,
        38.217243
       ],
       [
        -121.822485,
        38.217475
       ],
       [
        -121.821898,
        38.217938
       ],
       [
        -121.821898,
        38.218054
       ],
       [
        -121.817933,
        38.221181
       ],
       [
        -121.81764,
        38.22118
       ],
       [
        -121.817346,
        38.221412
       ],
       [
        -121.817052,
        38.221875
       ],
       [
        -121.816759,
        38.222107
       ],
       [
        -121.816612,
        38.222107
       ],
       [
        -121.816318,
        38.222338
       ],
       [
        -121.816318,
        38.222454
       ],
       [
        -121.814703,
        38.223728
       ],
       [
        -121.81441,
        38.223844
       ],
       [
        -121.814116,
        38.224075
       ],
       [
        -121.814116,
        38.224191
       ],
       [
        -121.813675,
        38.224539
       ],
       [
        -121.813382,
        38.224654
       ],
       [
        -121.813382,
        38.22477
       ],
       [
        -121.813088,
        38.225002
       ],
       [
        -121.812794,
        38.225117
       ],
       [
        -121.812501,
        38.225349
       ],
       [
        -121.812501,
        38.225465
       ],
       [
        -121.811766,
        38.226044
       ],
       [
        -121.811473,
        38.22616
       ],
       [
        -121.811473,
        38.226275
       ],
       [
        -121.810885,
        38.226738
       ],
       [
        -121.810592,
        38.226854
       ],
       [
        -121.810298,
        38.226854
       ],
       [
        -121.810151,
        38.22697
       ],
       [
        -121.805894,
        38.226969
       ],
       [
        -121.805747,
        38.227085
       ],
       [
        -121.805746,
        38.229633
       ],
       [
        -121.805599,
        38.229749
       ],
       [
        -121.805598,
        38.230907
       ],
       [
        -121.805745,
        38.231022
       ],
       [
        -121.805745,
        38.232065
       ],
       [
        -121.805598,
        38.232181
       ],
       [
        -121.805597,
        38.234265
       ],
       [
        -121.80545,
        38.234381
       ],
       [
        -121.805597,
        38.234497
       ],
       [
        -121.805596,
        38.238782
       ],
       [
        -121.805302,
        38.239013
       ],
       [
        -121.805008,
        38.239013
       ],
       [
        -121.804861,
        38.239129
       ]
      ],
      [
       [
        -121.797374,
        38.235884
       ],
       [
        -121.797668,
        38.235884
       ],
       [
        -121.798402,
        38.235306
       ],
       [
        -121.798402,
        38.235074
       ],
       [
        -121.79899,
        38.234148
       ],
       [
        -121.79899,
        38.233916
       ],
       [
        -121.798696,
        38.2338
       ],
       [
        -121.798697,
        38.233569
       ],
       [
        -121.79855,
        38.233453
       ],
       [
        -121.79855,
        38.233221
       ],
       [
        -121.798697,
        38.233105
       ],
       [
        -121.798697,
        38.232642
       ],
       [
        -121.799578,
        38.232642
       ],
       [
        -121.799725,
        38.232527
       ],
       [
        -121.800165,
        38.232527
       ],
       [
        -121.800312,
        38.232411
       ],
       [
        -121.800606,
        38.232411
       ],
       [
        -121.800753,
        38.232179
       ],
       [
        -121.80134,
        38.231716
       ],
       [
        -121.801341,
        38.230442
       ],
       [
        -121.801047,
        38.230211
       ],
       [
        -121.801047,
        38.229863
       ],
       [
        -121.801488,
        38.2294
       ],
       [
        -121.801488,
        38.229053
       ],
       [
        -121.801341,
        38.228937
       ],
       [
        -121.801342,
        38.228358
       ],
       [
        -121.801048,
        38.228126
       ],
       [
        -121.801048,
        38.227779
       ],
       [
        -121.801048,
        38.227547
       ],
       [
        -121.801489,
        38.227084
       ],
       [
        -121.80149,
        38.22442
       ],
       [
        -121.801343,
        38.224304
       ],
       [
        -121.801344,
        38.223378
       ],
       [
        -121.801197,
        38.223262
       ],
       [
        -121.799876,
        38.223262
       ],
       [
        -121.799435,
        38.223493
       ],
       [
        -121.798554,
        38.223493
       ],
       [
        -121.798261,
        38.223261
       ],
       [
        -121.79694,
        38.223261
       ],
       [
        -121.79694,
        38.223029
       ],
       [
        -121.796793,
        38.222913
       ],
       [
        -121.796793,
        38.222218
       ],
       [
        -121.7965,
        38.221871
       ],
       [
        -121.7965,
        38.221523
       ],
       [
        -121.796794,
        38.22106
       ],
       [
        -121.796794,
        38.219786
       ],
       [
        -121.796648,
        38.219671
       ],
       [
        -121.794152,
        38.21967
       ],
       [
        -121.794005,
        38.219785
       ],
       [
        -121.793712,
        38.219785
       ],
       [
        -121.793418,
        38.220017
       ],
       [
        -121.792978,
        38.220017
       ],
       [
        -121.792684,
        38.220248
       ],
       [
        -121.792537,
        38.22048
       ],
       [
        -121.792537,
        38.220712
       ],
       [
        -121.791949,
        38.221522
       ],
       [
        -121.791948,
        38.223028
       ],
       [
        -121.791801,
        38.223143
       ],
       [
        -121.791801,
        38.223607
       ],
       [
        -121.791948,
        38.223838
       ],
       [
        -121.791948,
        38.22407
       ],
       [
        -121.791801,
        38.224186
       ],
       [
        -121.791948,
        38.224417
       ],
       [
        -121.791947,
        38.224649
       ],
       [
        -121.791801,
        38.224765
       ],
       [
        -121.791947,
        38.224996
       ],
       [
        -121.7918,
        38.225228
       ],
       [
        -121.7918,
        38.225575
       ],
       [
        -121.791947,
        38.226154
       ],
       [
        -121.7918,
        38.22627
       ],
       [
        -121.7918,
        38.226618
       ],
       [
        -121.79224,
        38.227081
       ],
       [
        -121.793267,
        38.227081
       ],
       [
        -121.793561,
        38.227197
       ],
       [
        -121.793708,
        38.227082
       ],
       [
        -121.794001,
        38.227082
       ],
       [
        -121.794295,
        38.227313
       ],
       [
        -121.794442,
        38.227313
       ],
       [
        -121.794736,
        38.227198
       ],
       [
        -121.795029,
        38.227198
       ],
       [
        -121.795176,
        38.227082
       ],
       [
        -121.79547,
        38.227082
       ],
       [
        -121.796204,
        38.22743
       ],
       [
        -121.796791,
        38.22743
       ],
       [
        -121.796791,
        38.227662
       ],
       [
        -121.796497,
        38.228009
       ],
       [
        -121.796497,
        38.228241
       ],
       [
        -121.796203,
        38.228472
       ],
       [
        -121.796203,
        38.22882
       ],
       [
        -121.796496,
        38.229167
       ],
       [
        -121.796496,
        38.229399
       ],
       [
        -121.796349,
        38.229514
       ],
       [
        -121.796349,
        38.229978
       ],
       [
        -121.796496,
        38.230094
       ],
       [
        -121.796496,
        38.230441
       ],
       [
        -121.796202,
        38.230904
       ],
       [
        -121.796495,
        38.231367
       ],
       [
        -121.796495,
        38.231715
       ],
       [
        -121.796348,
        38.231831
       ],
       [
        -121.796348,
        38.232062
       ],
       [
        -121.796347,
        38.234842
       ],
       [
        -121.796493,
        38.234958
       ],
       [
        -121.796493,
        38.235189
       ],
       [
        -121.796346,
        38.235305
       ],
       [
        -121.796346,
        38.235537
       ],
       [
        -121.796787,
        38.236
       ],
       [
        -121.797227,
        38.236
       ],
       [
        -121.797374,
        38.235884
       ]
      ]
     ],
     [
      [
       [
        -121.842738,
        38.185742
       ],
       [
        -121.84274,
        38.197902
       ],
       [
        -121.834228,
        38.197903
       ],
       [
        -121.834081,
        38.197787
       ],
       [
        -121.833934,
        38.197903
       ],
       [
        -121.829238,
        38.197903
       ],
       [
        -121.829238,
        38.197671
       ],
       [
        -121.829091,
        38.197555
       ],
       [
        -121.829091,
        38.194776
       ],
       [
        -121.829238,
        38.194544
       ],
       [
        -121.828945,
        38.194313
       ],
       [
        -121.828358,
        38.194313
       ],
       [
        -121.828211,
        38.194197
       ],
       [
        -121.827624,
        38.194197
       ],
       [
        -121.827477,
        38.194313
       ],
       [
        -121.826743,
        38.194313
       ],
       [
        -121.82645,
        38.194313
       ],
       [
        -121.826303,
        38.194197
       ],
       [
        -121.826156,
        38.194313
       ],
       [
        -121.825276,
        38.194313
       ],
       [
        -121.824982,
        38.194197
       ],
       [
        -121.824542,
        38.194197
       ],
       [
        -121.824543,
        38.185395
       ],
       [
        -121.840977,
        38.185395
       ],
       [
        -121.841564,
        38.185626
       ],
       [
        -121.842151,
        38.185626
       ],
       [
        -121.842298,
        38.185742
       ],
       [
        -121.842738,
        38.185742
       ]
      ]
     ]
    ]
   }
  },
  {
   "type": "Feature",
   "properties": {
    "kind": "zone",
    "category": "open-space",
    "label": "Proposed open space civic (OSC)",
    "source": "traced: Suisun Expansion Project Notice of Preparation (City of Suisun City, SCH 2025110452, Nov 2025), Figure 5, Specific Plan Land Use Zones, p. 18",
    "note": "Central Park around the Big Ditch: recreation and civic gathering places (NOP p. 6). About 845 acres as drawn; the NOP states about 865 acres. Approximate: traced from a small-scale figure. Proposed, not adopted.",
    "stage": "entitlement",
    "accuracy": "approximate"
   },
   "geometry": {
    "type": "Polygon",
    "coordinates": [
     [
      [
       -121.782842,
       38.229741
      ],
      [
       -121.782108,
       38.229741
      ],
      [
       -121.78108,
       38.229161
      ],
      [
       -121.780787,
       38.229045
      ],
      [
       -121.780493,
       38.229045
      ],
      [
       -121.779906,
       38.228466
      ],
      [
       -121.779172,
       38.228466
      ],
      [
       -121.778732,
       38.228234
      ],
      [
       -121.778438,
       38.228234
      ],
      [
       -121.777705,
       38.227886
      ],
      [
       -121.777411,
       38.227886
      ],
      [
       -121.776971,
       38.227654
      ],
      [
       -121.776677,
       38.227654
      ],
      [
       -121.775796,
       38.227306
      ],
      [
       -121.775209,
       38.227306
      ],
      [
       -121.775062,
       38.22719
      ],
      [
       -121.774475,
       38.22719
      ],
      [
       -121.774328,
       38.227074
      ],
      [
       -121.774035,
       38.227073
      ],
      [
       -121.773888,
       38.226958
      ],
      [
       -121.773448,
       38.226957
      ],
      [
       -121.773301,
       38.226841
      ],
      [
       -121.772567,
       38.226841
      ],
      [
       -121.77242,
       38.226725
      ],
      [
       -121.772126,
       38.226725
      ],
      [
       -121.772127,
       38.226262
      ],
      [
       -121.772568,
       38.225915
      ],
      [
       -121.772568,
       38.225683
      ],
      [
       -121.772861,
       38.225683
      ],
      [
       -121.773449,
       38.225336
      ],
      [
       -121.774183,
       38.225221
      ],
      [
       -121.774477,
       38.224989
      ],
      [
       -121.77477,
       38.224989
      ],
      [
       -121.775064,
       38.224874
      ],
      [
       -121.775358,
       38.224758
      ],
      [
       -121.775505,
       38.224526
      ],
      [
       -121.775799,
       38.224411
      ],
      [
       -121.776679,
       38.224411
      ],
      [
       -121.776826,
       38.224295
      ],
      [
       -121.778001,
       38.224296
      ],
      [
       -121.778588,
       38.223833
      ],
      [
       -121.778588,
       38.223717
      ],
      [
       -121.77947,
       38.223138
      ],
      [
       -121.77947,
       38.223023
      ],
      [
       -121.780057,
       38.22256
      ],
      [
       -121.780351,
       38.222444
      ],
      [
       -121.780351,
       38.222328
      ],
      [
       -121.780792,
       38.221981
      ],
      [
       -121.780939,
       38.221981
      ],
      [
       -121.781232,
       38.221749
      ],
      [
       -121.78182,
       38.22175
      ],
      [
       -121.781966,
       38.221634
      ],
      [
       -121.782407,
       38.221634
      ],
      [
       -121.782554,
       38.221518
      ],
      [
       -121.783728,
       38.221519
      ],
      [
       -121.784316,
       38.221172
      ],
      [
       -121.784462,
       38.221172
      ],
      [
       -121.785197,
       38.220477
      ],
      [
       -121.785197,
       38.219782
      ],
      [
       -121.785051,
       38.219666
      ],
      [
       -121.785051,
       38.218508
      ],
      [
       -121.785198,
       38.218393
      ],
      [
       -121.785345,
       38.217814
      ],
      [
       -121.785492,
       38.217698
      ],
      [
       -121.785933,
       38.217698
      ],
      [
       -121.786226,
       38.217466
      ],
      [
       -121.78652,
       38.217467
      ],
      [
       -121.786814,
       38.217235
      ],
      [
       -121.787401,
       38.217004
      ],
      [
       -121.787401,
       38.216772
      ],
      [
       -121.787548,
       38.216656
      ],
      [
       -121.787548,
       38.216309
      ],
      [
       -121.787695,
       38.216193
      ],
      [
       -121.787695,
       38.21573
      ],
      [
       -121.787842,
       38.215614
      ],
      [
       -121.787842,
       38.215267
      ],
      [
       -121.788136,
       38.214804
      ],
      [
       -121.78843,
       38.214572
      ],
      [
       -121.788724,
       38.213993
      ],
      [
       -121.789165,
       38.21353
      ],
      [
       -121.789018,
       38.212951
      ],
      [
       -121.788871,
       38.212835
      ],
      [
       -121.788872,
       38.21214
      ],
      [
       -121.788725,
       38.212024
      ],
      [
       -121.788725,
       38.211561
      ],
      [
       -121.788872,
       38.211445
      ],
      [
       -121.788872,
       38.211098
      ],
      [
       -121.789166,
       38.21075
      ],
      [
       -121.789166,
       38.210519
      ],
      [
       -121.78946,
       38.210172
      ],
      [
       -121.789461,
       38.209129
      ],
      [
       -121.789314,
       38.208898
      ],
      [
       -121.788874,
       38.20855
      ],
      [
       -121.78858,
       38.208434
      ],
      [
       -121.788287,
       38.208434
      ],
      [
       -121.78814,
       38.208318
      ],
      [
       -121.787553,
       38.208318
      ],
      [
       -121.787113,
       38.207623
      ],
      [
       -121.786819,
       38.207739
      ],
      [
       -121.786526,
       38.207738
      ],
      [
       -121.785646,
       38.206812
      ],
      [
       -121.785206,
       38.206117
      ],
      [
       -121.784766,
       38.205769
      ],
      [
       -121.784766,
       38.205537
      ],
      [
       -121.784619,
       38.205421
      ],
      [
       -121.78462,
       38.204727
      ],
      [
       -121.784767,
       38.204611
      ],
      [
       -121.784767,
       38.204263
      ],
      [
       -121.784914,
       38.204148
      ],
      [
       -121.784914,
       38.203684
      ],
      [
       -121.785061,
       38.203453
      ],
      [
       -121.785501,
       38.203453
      ],
      [
       -121.785648,
       38.203569
      ],
      [
       -121.785941,
       38.203569
      ],
      [
       -121.786381,
       38.204032
      ],
      [
       -121.786675,
       38.204148
      ],
      [
       -121.787409,
       38.204149
      ],
      [
       -121.787555,
       38.204264
      ],
      [
       -121.790344,
       38.204265
      ],
      [
       -121.790784,
       38.204613
      ],
      [
       -121.790931,
       38.204497
      ],
      [
       -121.791225,
       38.204497
      ],
      [
       -121.791518,
       38.204382
      ],
      [
       -121.791812,
       38.20415
      ],
      [
       -121.792252,
       38.204034
      ],
      [
       -121.792693,
       38.203687
      ],
      [
       -121.793133,
       38.203571
      ],
      [
       -121.793867,
       38.203108
      ],
      [
       -121.794748,
       38.202761
      ],
      [
       -121.796216,
       38.202762
      ],
      [
       -121.796509,
       38.202646
      ],
      [
       -121.796656,
       38.20253
      ],
      [
       -121.796509,
       38.202299
      ],
      [
       -121.79651,
       38.20172
      ],
      [
       -121.796803,
       38.20172
      ],
      [
       -121.79695,
       38.201604
      ],
      [
       -121.797977,
       38.201604
      ],
      [
       -121.799005,
       38.200794
      ],
      [
       -121.799592,
       38.199867
      ],
      [
       -121.799593,
       38.199404
      ],
      [
       -121.799446,
       38.198825
      ],
      [
       -121.799299,
       38.198709
      ],
      [
       -121.7993,
       38.19813
      ],
      [
       -121.799006,
       38.197898
      ],
      [
       -121.799006,
       38.197435
      ],
      [
       -121.799153,
       38.197319
      ],
      [
       -121.799153,
       38.196856
      ],
      [
       -121.799741,
       38.196277
      ],
      [
       -121.799741,
       38.196046
      ],
      [
       -121.800181,
       38.195698
      ],
      [
       -121.800475,
       38.195235
      ],
      [
       -121.800475,
       38.194309
      ],
      [
       -121.800182,
       38.194193
      ],
      [
       -121.800182,
       38.193845
      ],
      [
       -121.800035,
       38.193614
      ],
      [
       -121.799008,
       38.192918
      ],
      [
       -121.798862,
       38.192918
      ],
      [
       -121.798275,
       38.192455
      ],
      [
       -121.797982,
       38.191992
      ],
      [
       -121.797982,
       38.191297
      ],
      [
       -121.798129,
       38.191181
      ],
      [
       -121.798129,
       38.190718
      ],
      [
       -121.798422,
       38.190602
      ],
      [
       -121.798423,
       38.190023
      ],
      [
       -121.79857,
       38.189907
      ],
      [
       -121.79857,
       38.18956
      ],
      [
       -121.798716,
       38.189444
      ],
      [
       -121.798717,
       38.188518
      ],
      [
       -121.79857,
       38.188402
      ],
      [
       -121.798424,
       38.187823
      ],
      [
       -121.79813,
       38.187591
      ],
      [
       -121.798131,
       38.187243
      ],
      [
       -121.798277,
       38.187128
      ],
      [
       -121.798278,
       38.186433
      ],
      [
       -121.798424,
       38.186317
      ],
      [
       -121.798425,
       38.185506
      ],
      [
       -121.798718,
       38.185506
      ],
      [
       -121.798865,
       38.185391
      ],
      [
       -121.804001,
       38.185392
      ],
      [
       -121.804881,
       38.185392
      ],
      [
       -121.805028,
       38.185508
      ],
      [
       -121.805468,
       38.185508
      ],
      [
       -121.805908,
       38.18574
      ],
      [
       -121.805908,
       38.187014
      ],
      [
       -121.806054,
       38.18713
      ],
      [
       -121.806052,
       38.192457
      ],
      [
       -121.805465,
       38.192457
      ],
      [
       -121.805319,
       38.192341
      ],
      [
       -121.805172,
       38.192457
      ],
      [
       -121.804585,
       38.192457
      ],
      [
       -121.804145,
       38.192804
      ],
      [
       -121.804143,
       38.195815
      ],
      [
       -121.80429,
       38.195931
      ],
      [
       -121.80429,
       38.196394
      ],
      [
       -121.804437,
       38.19651
      ],
      [
       -121.804437,
       38.196973
      ],
      [
       -121.80473,
       38.197321
      ],
      [
       -121.80473,
       38.1979
      ],
      [
       -121.804876,
       38.198016
      ],
      [
       -121.80605,
       38.198016
      ],
      [
       -121.80605,
       38.198363
      ],
      [
       -121.805904,
       38.198479
      ],
      [
       -121.805903,
       38.201027
      ],
      [
       -121.805756,
       38.201143
      ],
      [
       -121.805756,
       38.20149
      ],
      [
       -121.802674,
       38.20149
      ],
      [
       -121.802527,
       38.201605
      ],
      [
       -121.802527,
       38.202069
      ],
      [
       -121.802233,
       38.202416
      ],
      [
       -121.802233,
       38.202763
      ],
      [
       -121.801939,
       38.203111
      ],
      [
       -121.801939,
       38.204269
      ],
      [
       -121.802232,
       38.204732
      ],
      [
       -121.802232,
       38.206122
      ],
      [
       -121.801057,
       38.207048
      ],
      [
       -121.800763,
       38.207164
      ],
      [
       -121.800763,
       38.20728
      ],
      [
       -121.800323,
       38.207743
      ],
      [
       -121.800323,
       38.20809
      ],
      [
       -121.800176,
       38.208206
      ],
      [
       -121.800323,
       38.208438
      ],
      [
       -121.800322,
       38.209248
      ],
      [
       -121.800175,
       38.20948
      ],
      [
       -121.799588,
       38.209711
      ],
      [
       -121.799588,
       38.209943
      ],
      [
       -121.798413,
       38.210985
      ],
      [
       -121.798267,
       38.210985
      ],
      [
       -121.797826,
       38.211332
      ],
      [
       -121.797239,
       38.211564
      ],
      [
       -121.796945,
       38.211795
      ],
      [
       -121.796945,
       38.212259
      ],
      [
       -121.796358,
       38.212606
      ],
      [
       -121.796504,
       38.212722
      ],
      [
       -121.796504,
       38.212953
      ],
      [
       -121.796357,
       38.213069
      ],
      [
       -121.796357,
       38.213417
      ],
      [
       -121.796063,
       38.213764
      ],
      [
       -121.796063,
       38.213996
      ],
      [
       -121.795916,
       38.214227
      ],
      [
       -121.79577,
       38.214227
      ],
      [
       -121.794448,
       38.215269
      ],
      [
       -121.794448,
       38.215501
      ],
      [
       -121.794154,
       38.215848
      ],
      [
       -121.794154,
       38.216427
      ],
      [
       -121.794007,
       38.216543
      ],
      [
       -121.794007,
       38.217006
      ],
      [
       -121.793419,
       38.217469
      ],
      [
       -121.792979,
       38.217585
      ],
      [
       -121.792685,
       38.217816
      ],
      [
       -121.792098,
       38.218048
      ],
      [
       -121.791657,
       38.218048
      ],
      [
       -121.79107,
       38.218279
      ],
      [
       -121.790189,
       38.218974
      ],
      [
       -121.790189,
       38.219321
      ],
      [
       -121.790042,
       38.219553
      ],
      [
       -121.789454,
       38.2199
      ],
      [
       -121.789601,
       38.220016
      ],
      [
       -121.789601,
       38.220479
      ],
      [
       -121.789454,
       38.220595
      ],
      [
       -121.789601,
       38.22071
      ],
      [
       -121.7896,
       38.221405
      ],
      [
       -121.78916,
       38.221405
      ],
      [
       -121.788866,
       38.221521
      ],
      [
       -121.788719,
       38.221752
      ],
      [
       -121.788279,
       38.221752
      ],
      [
       -121.787544,
       38.222447
      ],
      [
       -121.787398,
       38.222678
      ],
      [
       -121.787397,
       38.223142
      ],
      [
       -121.78681,
       38.223489
      ],
      [
       -121.786663,
       38.223489
      ],
      [
       -121.786369,
       38.22372
      ],
      [
       -121.786369,
       38.223836
      ],
      [
       -121.786076,
       38.223836
      ],
      [
       -121.785194,
       38.224646
      ],
      [
       -121.785194,
       38.224994
      ],
      [
       -121.785047,
       38.22511
      ],
      [
       -121.785046,
       38.226268
      ],
      [
       -121.784899,
       38.226383
      ],
      [
       -121.784899,
       38.226847
      ],
      [
       -121.784458,
       38.227541
      ],
      [
       -121.784458,
       38.228236
      ],
      [
       -121.784164,
       38.228352
      ],
      [
       -121.784164,
       38.228584
      ],
      [
       -121.784017,
       38.228815
      ],
      [
       -121.782842,
       38.229741
      ]
     ]
    ]
   }
  },
  {
   "type": "Feature",
   "properties": {
    "kind": "zone",
    "category": "other",
    "label": "Proposed open space infrastructure (OSI)",
    "source": "traced: Suisun Expansion Project Notice of Preparation (City of Suisun City, SCH 2025110452, Nov 2025), Figure 5, Specific Plan Land Use Zones, p. 18",
    "note": "At the edge of the plan: water, waste, solar and energy-storage systems, with trails, conservation areas and buffers (NOP p. 6). Category other: mainly infrastructure. About 2,734 acres as drawn; the NOP states about 2,967 acres. Approximate: traced from a small-scale figure. Proposed, not adopted.",
    "stage": "entitlement",
    "accuracy": "approximate"
   },
   "geometry": {
    "type": "MultiPolygon",
    "coordinates": [
     [
      [
       [
        -121.787386,
        38.241314
       ],
       [
        -121.787387,
        38.240629
       ],
       [
        -121.787155,
        38.240513
       ],
       [
        -121.787381,
        38.240426
       ],
       [
        -121.787392,
        38.239004
       ],
       [
        -121.787246,
        38.238888
       ],
       [
        -121.787388,
        38.238776
       ],
       [
        -121.78739,
        38.23426
       ],
       [
        -121.787244,
        38.234144
       ],
       [
        -121.784276,
        38.234013
       ],
       [
        -121.783829,
        38.233477
       ],
       [
        -121.781801,
        38.233468
       ],
       [
        -121.781346,
        38.233999
       ],
       [
        -121.78022,
        38.233993
       ],
       [
        -121.779773,
        38.233458
       ],
       [
        -121.777745,
        38.233448
       ],
       [
        -121.777291,
        38.233979
       ],
       [
        -121.771884,
        38.233775
       ],
       [
        -121.771437,
        38.233418
       ],
       [
        -121.769634,
        38.233409
       ],
       [
        -121.769406,
        38.233763
       ],
       [
        -121.769037,
        38.233725
       ],
       [
        -121.769043,
        38.227187
       ],
       [
        -121.768896,
        38.227071
       ],
       [
        -121.768309,
        38.227071
       ],
       [
        -121.768015,
        38.226955
       ],
       [
        -121.767575,
        38.226954
       ],
       [
        -121.767428,
        38.22707
       ],
       [
        -121.761702,
        38.227067
       ],
       [
        -121.761556,
        38.226951
       ],
       [
        -121.760968,
        38.22695
       ],
       [
        -121.760234,
        38.22695
       ],
       [
        -121.760087,
        38.227066
       ],
       [
        -121.759647,
        38.227065
       ],
       [
        -121.759354,
        38.226949
       ],
       [
        -121.75906,
        38.226949
       ],
       [
        -121.758913,
        38.227065
       ],
       [
        -121.758326,
        38.227065
       ],
       [
        -121.758032,
        38.226949
       ],
       [
        -121.757151,
        38.226948
       ],
       [
        -121.757004,
        38.227064
       ],
       [
        -121.750545,
        38.22706
       ],
       [
        -121.750553,
        38.219648
       ],
       [
        -121.750406,
        38.219532
       ],
       [
        -121.750259,
        38.219647
       ],
       [
        -121.749819,
        38.219647
       ],
       [
        -121.748791,
        38.219646
       ],
       [
        -121.748645,
        38.21953
       ],
       [
        -121.740682,
        38.219525
       ],
       [
        -121.740692,
        38.218335
       ],
       [
        -121.740132,
        38.218037
       ],
       [
        -121.74002,
        38.217814
       ],
       [
        -121.740026,
        38.217087
       ],
       [
        -121.741155,
        38.216738
       ],
       [
        -121.741168,
        38.215138
       ],
       [
        -121.740045,
        38.214777
       ],
       [
        -121.740079,
        38.210689
       ],
       [
        -121.740759,
        38.21016
       ],
       [
        -121.74077,
        38.208738
       ],
       [
        -121.740098,
        38.208379
       ],
       [
        -121.740105,
        38.20749
       ],
       [
        -121.740785,
        38.206961
       ],
       [
        -121.740797,
        38.205539
       ],
       [
        -121.740124,
        38.20518
       ],
       [
        -121.740158,
        38.201093
       ],
       [
        -121.740836,
        38.20074
       ],
       [
        -121.740849,
        38.199141
       ],
       [
        -121.740177,
        38.198782
       ],
       [
        -121.740181,
        38.198215
       ],
       [
        -121.741918,
        38.198216
       ],
       [
        -121.742065,
        38.198101
       ],
       [
        -121.742066,
        38.197574
       ],
       [
        -121.742214,
        38.197548
       ],
       [
        -121.742253,
        38.19275
       ],
       [
        -121.74293,
        38.192576
       ],
       [
        -121.742943,
        38.190976
       ],
       [
        -121.742074,
        38.190513
       ],
       [
        -121.742076,
        38.188952
       ],
       [
        -121.74193,
        38.188836
       ],
       [
        -121.741636,
        38.188835
       ],
       [
        -121.741638,
        38.187214
       ],
       [
        -121.741785,
        38.187098
       ],
       [
        -121.741786,
        38.186519
       ],
       [
        -121.742079,
        38.186404
       ],
       [
        -121.742083,
        38.183045
       ],
       [
        -121.74179,
        38.182929
       ],
       [
        -121.74179,
        38.182724
       ],
       [
        -121.743012,
        38.182623
       ],
       [
        -121.743025,
        38.181024
       ],
       [
        -121.742351,
        38.180843
       ],
       [
        -121.74236,
        38.179687
       ],
       [
        -121.743555,
        38.179688
       ],
       [
        -121.743701,
        38.179572
       ],
       [
        -121.744728,
        38.179573
       ],
       [
        -121.74662,
        38.179574
       ],
       [
        -121.747076,
        38.17969
       ],
       [
        -121.748396,
        38.179691
       ],
       [
        -121.748395,
        38.180849
       ],
       [
        -121.748542,
        38.180965
       ],
       [
        -121.748541,
        38.181776
       ],
       [
        -121.748394,
        38.181892
       ],
       [
        -121.748392,
        38.183629
       ],
       [
        -121.748538,
        38.183745
       ],
       [
        -121.7525,
        38.183747
       ],
       [
        -121.752647,
        38.183632
       ],
       [
        -121.752648,
        38.18273
       ],
       [
        -121.75382,
        38.182678
       ],
       [
        -121.753831,
        38.181256
       ],
       [
        -121.753158,
        38.180897
       ],
       [
        -121.753386,
        38.179695
       ],
       [
        -121.755193,
        38.179841
       ],
       [
        -121.755241,
        38.179696
       ],
       [
        -121.759547,
        38.179698
       ],
       [
        -121.759546,
        38.180625
       ],
       [
        -121.759839,
        38.180741
       ],
       [
        -121.759838,
        38.181667
       ],
       [
        -121.759692,
        38.181783
       ],
       [
        -121.759691,
        38.182131
       ],
       [
        -121.759544,
        38.182246
       ],
       [
        -121.759543,
        38.183636
       ],
       [
        -121.75969,
        38.183752
       ],
       [
        -121.762771,
        38.183754
       ],
       [
        -121.762917,
        38.18387
       ],
       [
        -121.772161,
        38.183875
       ],
       [
        -121.778617,
        38.183878
       ],
       [
        -121.778764,
        38.183762
       ],
       [
        -121.778815,
        38.182445
       ],
       [
        -121.779717,
        38.182272
       ],
       [
        -121.779729,
        38.180672
       ],
       [
        -121.77883,
        38.18049
       ],
       [
        -121.778978,
        38.179709
       ],
       [
        -121.780234,
        38.179709
       ],
       [
        -121.780361,
        38.179609
       ],
       [
        -121.782288,
        38.179594
       ],
       [
        -121.782435,
        38.17971
       ],
       [
        -121.78669,
        38.179712
       ],
       [
        -121.786837,
        38.179596
       ],
       [
        -121.78757,
        38.179596
       ],
       [
        -121.78967,
        38.179633
       ],
       [
        -121.789771,
        38.179713
       ],
       [
        -121.792705,
        38.179714
       ],
       [
        -121.793697,
        38.179672
       ],
       [
        -121.793791,
        38.179598
       ],
       [
        -121.79608,
        38.179599
       ],
       [
        -121.796227,
        38.179715
       ],
       [
        -121.799161,
        38.179716
       ],
       [
        -121.799308,
        38.1796
       ],
       [
        -121.799714,
        38.1796
       ],
       [
        -121.799999,
        38.180057
       ],
       [
        -121.8018,
        38.180065
       ],
       [
        -121.80195,
        38.179602
       ],
       [
        -121.802095,
        38.179717
       ],
       [
        -121.803902,
        38.179717
       ],
       [
        -121.804053,
        38.179898
       ],
       [
        -121.805854,
        38.179906
       ],
       [
        -121.805935,
        38.179717
       ],
       [
        -121.806203,
        38.179718
       ],
       [
        -121.80635,
        38.179602
       ],
       [
        -121.808991,
        38.179602
       ],
       [
        -121.809138,
        38.179718
       ],
       [
        -121.813961,
        38.179765
       ],
       [
        -121.8153,
        38.179603
       ],
       [
        -121.815447,
        38.179719
       ],
       [
        -121.815839,
        38.179719
       ],
       [
        -121.815983,
        38.180307
       ],
       [
        -121.817784,
        38.180315
       ],
       [
        -121.818091,
        38.179719
       ],
       [
        -121.818821,
        38.17972
       ],
       [
        -121.818968,
        38.179604
       ],
       [
        -121.821756,
        38.179604
       ],
       [
        -121.821903,
        38.17972
       ],
       [
        -121.826119,
        38.179819
       ],
       [
        -121.826304,
        38.179604
       ],
       [
        -121.827964,
        38.179604
       ],
       [
        -121.828143,
        38.180183
       ],
       [
        -121.830169,
        38.180192
       ],
       [
        -121.830322,
        38.17972
       ],
       [
        -121.83232,
        38.17972
       ],
       [
        -121.832466,
        38.179604
       ],
       [
        -121.83408,
        38.179604
       ],
       [
        -121.834227,
        38.17972
       ],
       [
        -121.836117,
        38.17972
       ],
       [
        -121.83625,
        38.180041
       ],
       [
        -121.838276,
        38.180049
       ],
       [
        -121.838468,
        38.179604
       ],
       [
        -121.840114,
        38.179604
       ],
       [
        -121.840303,
        38.180058
       ],
       [
        -121.842329,
        38.180067
       ],
       [
        -121.842478,
        38.17972
       ],
       [
        -121.843007,
        38.17972
       ],
       [
        -121.843,
        38.180786
       ],
       [
        -121.84259,
        38.180994
       ],
       [
        -121.842591,
        38.182036
       ],
       [
        -121.842297,
        38.182267
       ],
       [
        -121.842297,
        38.182615
       ],
       [
        -121.84215,
        38.182731
       ],
       [
        -121.842151,
        38.183889
       ],
       [
        -121.842591,
        38.18412
       ],
       [
        -121.843324,
        38.18412
       ],
       [
        -121.843471,
        38.184236
       ],
       [
        -121.844036,
        38.184236
       ],
       [
        -121.844498,
        38.184699
       ],
       [
        -121.844792,
        38.184699
       ],
       [
        -121.844792,
        38.185626
       ],
       [
        -121.844939,
        38.185742
       ],
       [
        -121.848461,
        38.187015
       ],
       [
        -121.849048,
        38.187247
       ],
       [
        -121.849341,
        38.187478
       ],
       [
        -121.849635,
        38.187478
       ],
       [
        -121.849635,
        38.18771
       ],
       [
        -121.849782,
        38.187826
       ],
       [
        -121.850369,
        38.187826
       ],
       [
        -121.850515,
        38.187941
       ],
       [
        -121.850662,
        38.188173
       ],
       [
        -121.850662,
        38.188405
       ],
       [
        -121.850222,
        38.188405
       ],
       [
        -121.849782,
        38.188057
       ],
       [
        -121.849635,
        38.188057
       ],
       [
        -121.849488,
        38.187826
       ],
       [
        -121.849048,
        38.187826
       ],
       [
        -121.848901,
        38.18771
       ],
       [
        -121.848608,
        38.18771
       ],
       [
        -121.848314,
        38.187478
       ],
       [
        -121.848021,
        38.187478
       ],
       [
        -121.847874,
        38.187247
       ],
       [
        -121.84758,
        38.187247
       ],
       [
        -121.847434,
        38.187131
       ],
       [
        -121.8467,
        38.187015
       ],
       [
        -121.846113,
        38.186668
       ],
       [
        -121.845673,
        38.186668
       ],
       [
        -121.845379,
        38.186321
       ],
       [
        -121.844645,
        38.186321
       ],
       [
        -121.843178,
        38.185742
       ],
       [
        -121.842885,
        38.185742
       ],
       [
        -121.842738,
        38.185626
       ],
       [
        -121.842298,
        38.185626
       ],
       [
        -121.842151,
        38.18551
       ],
       [
        -121.841564,
        38.18551
       ],
       [
        -121.840977,
        38.185279
       ],
       [
        -121.81794,
        38.185278
       ],
       [
        -121.817793,
        38.185394
       ],
       [
        -121.817353,
        38.185394
       ],
       [
        -121.817206,
        38.185278
       ],
       [
        -121.806642,
        38.185277
       ],
       [
        -121.806495,
        38.185161
       ],
       [
        -121.806202,
        38.185161
       ],
       [
        -121.806055,
        38.185277
       ],
       [
        -121.806055,
        38.185508
       ],
       [
        -121.805615,
        38.185508
       ],
       [
        -121.805174,
        38.185276
       ],
       [
        -121.743988,
        38.185247
       ],
       [
        -121.743694,
        38.185478
       ],
       [
        -121.74368,
        38.197754
       ],
       [
        -121.743826,
        38.19787
       ],
       [
        -121.743826,
        38.198102
       ],
       [
        -121.743679,
        38.198218
       ],
       [
        -121.743663,
        38.211999
       ],
       [
        -121.743809,
        38.212115
       ],
       [
        -121.743809,
        38.212347
       ],
       [
        -121.743662,
        38.212462
       ],
       [
        -121.74366,
        38.214315
       ],
       [
        -121.743806,
        38.214431
       ],
       [
        -121.743806,
        38.214895
       ],
       [
        -121.743512,
        38.215126
       ],
       [
        -121.743511,
        38.215589
       ],
       [
        -121.743364,
        38.215821
       ],
       [
        -121.744244,
        38.2164
       ],
       [
        -121.744685,
        38.216401
       ],
       [
        -121.745272,
        38.216749
       ],
       [
        -121.745565,
        38.216749
       ],
       [
        -121.746299,
        38.217097
       ],
       [
        -121.746592,
        38.217097
       ],
       [
        -121.746739,
        38.217329
       ],
       [
        -121.747179,
        38.217329
       ],
       [
        -121.747619,
        38.217561
       ],
       [
        -121.747913,
        38.217561
       ],
       [
        -121.748206,
        38.217793
       ],
       [
        -121.748353,
        38.217793
       ],
       [
        -121.7485,
        38.218025
       ],
       [
        -121.749233,
        38.218141
       ],
       [
        -121.749967,
        38.218605
       ],
       [
        -121.750114,
        38.218605
       ],
       [
        -121.750994,
        38.2193
       ],
       [
        -121.75114,
        38.219648
       ],
       [
        -121.751727,
        38.220227
       ],
       [
        -121.751726,
        38.220459
       ],
       [
        -121.75202,
        38.220691
       ],
       [
        -121.752313,
        38.22127
       ],
       [
        -121.752753,
        38.221618
       ],
       [
        -121.7529,
        38.221618
       ],
       [
        -121.752899,
        38.22185
       ],
       [
        -121.753046,
        38.221966
       ],
       [
        -121.753046,
        38.222313
       ],
       [
        -121.753485,
        38.222777
       ],
       [
        -121.753485,
        38.222892
       ],
       [
        -121.753925,
        38.22324
       ],
       [
        -121.754365,
        38.223935
       ],
       [
        -121.755245,
        38.224631
       ],
       [
        -121.755392,
        38.224631
       ],
       [
        -121.756859,
        38.225674
       ],
       [
        -121.757153,
        38.22579
       ],
       [
        -121.757446,
        38.22579
       ],
       [
        -121.75774,
        38.226022
       ],
       [
        -121.758033,
        38.226022
       ],
       [
        -121.75818,
        38.226138
       ],
       [
        -121.759061,
        38.226139
       ],
       [
        -121.759941,
        38.226487
       ],
       [
        -121.768897,
        38.226492
       ],
       [
        -121.769043,
        38.226608
       ],
       [
        -121.770365,
        38.226608
       ],
       [
        -121.770512,
        38.226724
       ],
       [
        -121.771833,
        38.226725
       ],
       [
        -121.77198,
        38.226841
       ],
       [
        -121.77242,
        38.226841
       ],
       [
        -121.772567,
        38.226957
       ],
       [
        -121.773301,
        38.226957
       ],
       [
        -121.773448,
        38.227073
       ],
       [
        -121.773888,
        38.227073
       ],
       [
        -121.774475,
        38.227305
       ],
       [
        -121.775796,
        38.227422
       ],
       [
        -121.776677,
        38.22777
       ],
       [
        -121.776971,
        38.22777
       ],
       [
        -121.777411,
        38.228002
       ],
       [
        -121.777704,
        38.228002
       ],
       [
        -121.778438,
        38.22835
       ],
       [
        -121.778732,
        38.22835
       ],
       [
        -121.779319,
        38.228697
       ],
       [
        -121.779466,
        38.228582
       ],
       [
        -121.779906,
        38.228582
       ],
       [
        -121.780053,
        38.228813
       ],
       [
        -121.780493,
        38.229161
       ],
       [
        -121.780787,
        38.229161
       ],
       [
        -121.78108,
        38.229277
       ],
       [
        -121.782108,
        38.229857
       ],
       [
        -121.782401,
        38.229857
       ],
       [
        -121.782401,
        38.230088
       ],
       [
        -121.782548,
        38.230204
       ],
       [
        -121.782841,
        38.230204
       ],
       [
        -121.783135,
        38.23032
       ],
       [
        -121.783722,
        38.230784
       ],
       [
        -121.783869,
        38.230784
       ],
       [
        -121.784309,
        38.231132
       ],
       [
        -121.784456,
        38.231132
       ],
       [
        -121.785043,
        38.231595
       ],
       [
        -121.78519,
        38.231595
       ],
       [
        -121.785923,
        38.232174
       ],
       [
        -121.78607,
        38.232175
       ],
       [
        -121.78607,
        38.23229
       ],
       [
        -121.786364,
        38.232406
       ],
       [
        -121.786951,
        38.23287
       ],
       [
        -121.787097,
        38.233101
       ],
       [
        -121.787244,
        38.233101
       ],
       [
        -121.787244,
        38.233217
       ],
       [
        -121.788272,
        38.234028
       ],
       [
        -121.788418,
        38.234028
       ],
       [
        -121.789005,
        38.234955
       ],
       [
        -121.789592,
        38.235419
       ],
       [
        -121.789592,
        38.235534
       ],
       [
        -121.790619,
        38.236461
       ],
       [
        -121.790619,
        38.236577
       ],
       [
        -121.790913,
        38.236809
       ],
       [
        -121.79106,
        38.236809
       ],
       [
        -121.791206,
        38.237041
       ],
       [
        -121.791353,
        38.237041
       ],
       [
        -121.79194,
        38.237504
       ],
       [
        -121.792381,
        38.23762
       ],
       [
        -121.792674,
        38.237852
       ],
       [
        -121.792968,
        38.237852
       ],
       [
        -121.793555,
        38.238315
       ],
       [
        -121.794142,
        38.238547
       ],
       [
        -121.794583,
        38.238547
       ],
       [
        -121.795317,
        38.238895
       ],
       [
        -121.796051,
        38.238895
       ],
       [
        -121.796491,
        38.239127
       ],
       [
        -121.79796,
        38.239127
       ],
       [
        -121.798107,
        38.239243
       ],
       [
        -121.803687,
        38.239245
       ],
       [
        -121.804861,
        38.239245
       ],
       [
        -121.805008,
        38.239129
       ],
       [
        -121.806476,
        38.23913
       ],
       [
        -121.806623,
        38.239245
       ],
       [
        -121.807211,
        38.239245
       ],
       [
        -121.807358,
        38.23913
       ],
       [
        -121.816902,
        38.239131
       ],
       [
        -121.817049,
        38.239016
       ],
       [
        -121.817343,
        38.239016
       ],
       [
        -121.818224,
        38.238668
       ],
       [
        -121.818811,
        38.238321
       ],
       [
        -121.819545,
        38.237742
       ],
       [
        -121.819692,
        38.23751
       ],
       [
        -121.819839,
        38.23751
       ],
       [
        -121.82028,
        38.237163
       ],
       [
        -121.820427,
        38.237163
       ],
       [
        -121.821014,
        38.236584
       ],
       [
        -121.821161,
        38.236584
       ],
       [
        -121.821455,
        38.236352
       ],
       [
        -121.821455,
        38.236237
       ],
       [
        -121.821748,
        38.236121
       ],
       [
        -121.821748,
        38.236005
       ],
       [
        -121.822482,
        38.235542
       ],
       [
        -121.822629,
        38.23531
       ],
       [
        -121.822776,
        38.23531
       ],
       [
        -121.823217,
        38.234847
       ],
       [
        -121.823364,
        38.234847
       ],
       [
        -121.823804,
        38.2345
       ],
       [
        -121.823804,
        38.234384
       ],
       [
        -121.824245,
        38.234152
       ],
       [
        -121.824245,
        38.234036
       ],
       [
        -121.824391,
        38.234036
       ],
       [
        -121.824832,
        38.233689
       ],
       [
        -121.824832,
        38.233573
       ],
       [
        -121.825126,
        38.233457
       ],
       [
        -121.825566,
        38.23311
       ],
       [
        -121.825566,
        38.232994
       ],
       [
        -121.825713,
        38.232994
       ],
       [
        -121.826007,
        38.232762
       ],
       [
        -121.826007,
        38.232647
       ],
       [
        -121.826447,
        38.232415
       ],
       [
        -121.826594,
        38.232183
       ],
       [
        -121.827181,
        38.231952
       ],
       [
        -121.828356,
        38.23091
       ],
       [
        -121.828356,
        38.230794
       ],
       [
        -121.828943,
        38.230331
       ],
       [
        -121.82909,
        38.230331
       ],
       [
        -121.829237,
        38.230099
       ],
       [
        -121.829824,
        38.229636
       ],
       [
        -121.830118,
        38.22952
       ],
       [
        -121.830265,
        38.229288
       ],
       [
        -121.831293,
        38.228478
       ],
       [
        -121.831439,
        38.228478
       ],
       [
        -121.83188,
        38.228014
       ],
       [
        -121.832173,
        38.227899
       ],
       [
        -121.832908,
        38.227319
       ],
       [
        -121.833054,
        38.227088
       ],
       [
        -121.834669,
        38.225814
       ],
       [
        -121.834816,
        38.225814
       ],
       [
        -121.83511,
        38.225582
       ],
       [
        -121.83555,
        38.225235
       ],
       [
        -121.83555,
        38.225119
       ],
       [
        -121.835844,
        38.225003
       ],
       [
        -121.835844,
        38.224887
       ],
       [
        -121.836431,
        38.22454
       ],
       [
        -121.836431,
        38.224424
       ],
       [
        -121.836725,
        38.224192
       ],
       [
        -121.837018,
        38.224077
       ],
       [
        -121.837165,
        38.223845
       ],
       [
        -121.837752,
        38.223382
       ],
       [
        -121.838046,
        38.22315
       ],
       [
        -121.838193,
        38.22315
       ],
       [
        -121.838927,
        38.222455
       ],
       [
        -121.83922,
        38.222339
       ],
       [
        -121.839367,
        38.222108
       ],
       [
        -121.839661,
        38.221992
       ],
       [
        -121.840101,
        38.221644
       ],
       [
        -121.840248,
        38.221413
       ],
       [
        -121.840688,
        38.221297
       ],
       [
        -121.841128,
        38.220949
       ],
       [
        -121.841569,
        38.220834
       ],
       [
        -121.842009,
        38.220486
       ],
       [
        -121.842303,
        38.22037
       ],
       [
        -121.842596,
        38.22037
       ],
       [
        -121.842743,
        38.220254
       ],
       [
        -121.842743,
        38.220023
       ],
       [
        -121.842596,
        38.219907
       ],
       [
        -121.842596,
        38.219328
       ],
       [
        -121.842743,
        38.219212
       ],
       [
        -121.842743,
        38.218865
       ],
       [
        -121.843037,
        38.218633
       ],
       [
        -121.843036,
        38.216085
       ],
       [
        -121.842889,
        38.215969
       ],
       [
        -121.843036,
        38.21539
       ],
       [
        -121.842889,
        38.215274
       ],
       [
        -121.842889,
        38.214927
       ],
       [
        -121.843476,
        38.214927
       ],
       [
        -121.843623,
        38.215043
       ],
       [
        -121.847293,
        38.215042
       ],
       [
        -121.84744,
        38.214926
       ],
       [
        -121.84832,
        38.214926
       ],
       [
        -121.848467,
        38.21481
       ],
       [
        -121.848467,
        38.214579
       ],
       [
        -121.848908,
        38.214579
       ],
       [
        -121.849201,
        38.214347
       ],
       [
        -121.849348,
        38.214347
       ],
       [
        -121.849495,
        38.214115
       ],
       [
        -121.850228,
        38.213536
       ],
       [
        -121.850375,
        38.213536
       ],
       [
        -121.851256,
        38.212841
       ],
       [
        -121.851256,
        38.212725
       ],
       [
        -121.851696,
        38.212262
       ],
       [
        -121.85199,
        38.212262
       ],
       [
        -121.852283,
        38.21203
       ],
       [
        -121.852283,
        38.211914
       ],
       [
        -121.853604,
        38.210988
       ],
       [
        -121.853604,
        38.210872
       ],
       [
        -121.853897,
        38.21064
       ],
       [
        -121.855511,
        38.209366
       ],
       [
        -121.855805,
        38.20925
       ],
       [
        -121.855952,
        38.209018
       ],
       [
        -121.856098,
        38.209018
       ],
       [
        -121.856685,
        38.208555
       ],
       [
        -121.856685,
        38.208439
       ],
       [
        -121.856979,
        38.208208
       ],
       [
        -121.857126,
        38.208207
       ],
       [
        -121.857272,
        38.207976
       ],
       [
        -121.857566,
        38.207744
       ],
       [
        -121.857713,
        38.207744
       ],
       [
        -121.857859,
        38.207512
       ],
       [
        -121.858593,
        38.206933
       ],
       [
        -121.85874,
        38.206933
       ],
       [
        -121.85918,
        38.20647
       ],
       [
        -121.859473,
        38.206354
       ],
       [
        -121.859473,
        38.206238
       ],
       [
        -121.85962,
        38.206238
       ],
       [
        -121.859914,
        38.206006
       ],
       [
        -121.859914,
        38.205891
       ],
       [
        -121.860354,
        38.205659
       ],
       [
        -121.8605,
        38.205311
       ],
       [
        -121.861234,
        38.205311
       ],
       [
        -121.861381,
        38.205195
       ],
       [
        -121.861381,
        38.204732
       ],
       [
        -121.861968,
        38.204384
       ],
       [
        -121.862114,
        38.204037
       ],
       [
        -121.862408,
        38.203805
       ],
       [
        -121.862407,
        38.202763
       ],
       [
        -121.862701,
        38.202763
       ],
       [
        -121.863729,
        38.203573
       ],
       [
        -121.863876,
        38.203805
       ],
       [
        -121.864022,
        38.203805
       ],
       [
        -121.864169,
        38.204036
       ],
       [
        -121.864463,
        38.204036
       ],
       [
        -121.864463,
        38.204152
       ],
       [
        -121.864756,
        38.204384
       ],
       [
        -121.864903,
        38.204384
       ],
       [
        -121.86505,
        38.204615
       ],
       [
        -121.865197,
        38.204615
       ],
       [
        -121.865344,
        38.204847
       ],
       [
        -121.865344,
        38.20531
       ],
       [
        -121.865491,
        38.205426
       ],
       [
        -121.865931,
        38.205426
       ],
       [
        -121.866078,
        38.205541
       ],
       [
        -121.866812,
        38.205657
       ],
       [
        -121.868133,
        38.206467
       ],
       [
        -121.868134,
        38.207162
       ],
       [
        -121.867987,
        38.207162
       ],
       [
        -121.86784,
        38.207394
       ],
       [
        -121.867547,
        38.20751
       ],
       [
        -121.8674,
        38.207742
       ],
       [
        -121.8674,
        38.207973
       ],
       [
        -121.86696,
        38.208321
       ],
       [
        -121.866666,
        38.208437
       ],
       [
        -121.866226,
        38.208437
       ],
       [
        -121.866079,
        38.208553
       ],
       [
        -121.86608,
        38.209016
       ],
       [
        -121.865933,
        38.209016
       ],
       [
        -121.865786,
        38.209248
       ],
       [
        -121.865493,
        38.209364
       ],
       [
        -121.865493,
        38.209479
       ],
       [
        -121.864906,
        38.20948
       ],
       [
        -121.864319,
        38.209943
       ],
       [
        -121.864319,
        38.210059
       ],
       [
        -121.864172,
        38.210059
       ],
       [
        -121.864025,
        38.210175
       ],
       [
        -121.864025,
        38.210406
       ],
       [
        -121.863438,
        38.210638
       ],
       [
        -121.863145,
        38.21087
       ],
       [
        -121.863145,
        38.211101
       ],
       [
        -121.862851,
        38.211217
       ],
       [
        -121.862851,
        38.211565
       ],
       [
        -121.862705,
        38.211681
       ],
       [
        -121.862411,
        38.211796
       ],
       [
        -121.861824,
        38.211797
       ],
       [
        -121.861677,
        38.211912
       ],
       [
        -121.861678,
        38.212492
       ],
       [
        -121.861531,
        38.212492
       ],
       [
        -121.861237,
        38.212723
       ],
       [
        -121.861237,
        38.212839
       ],
       [
        -121.860797,
        38.213187
       ],
       [
        -121.860357,
        38.213187
       ],
       [
        -121.860063,
        38.213418
       ],
       [
        -121.860063,
        38.213534
       ],
       [
        -121.85977,
        38.21365
       ],
       [
        -121.859623,
        38.213882
       ],
       [
        -121.859476,
        38.213882
       ],
       [
        -121.85933,
        38.214114
       ],
       [
        -121.858596,
        38.214577
       ],
       [
        -121.858596,
        38.214924
       ],
       [
        -121.858449,
        38.214924
       ],
       [
        -121.858009,
        38.215272
       ],
       [
        -121.857715,
        38.215272
       ],
       [
        -121.857422,
        38.215504
       ],
       [
        -121.857422,
        38.216083
       ],
       [
        -121.856982,
        38.216083
       ],
       [
        -121.856688,
        38.216315
       ],
       [
        -121.856688,
        38.21643
       ],
       [
        -121.856248,
        38.21643
       ],
       [
        -121.855661,
        38.216778
       ],
       [
        -121.855514,
        38.217126
       ],
       [
        -121.85522,
        38.217126
       ],
       [
        -121.85478,
        38.217357
       ],
       [
        -121.854633,
        38.217705
       ],
       [
        -121.854046,
        38.218284
       ],
       [
        -121.854047,
        38.219095
       ],
       [
        -121.853606,
        38.219326
       ],
       [
        -121.853313,
        38.219558
       ],
       [
        -121.853313,
        38.219674
       ],
       [
        -121.851404,
        38.219674
       ],
       [
        -121.851258,
        38.21979
       ],
       [
        -121.851258,
        38.220485
       ],
       [
        -121.850817,
        38.220485
       ],
       [
        -121.850671,
        38.220601
       ],
       [
        -121.850377,
        38.221064
       ],
       [
        -121.850084,
        38.22118
       ],
       [
        -121.850084,
        38.221412
       ],
       [
        -121.84979,
        38.221412
       ],
       [
        -121.849643,
        38.221527
       ],
       [
        -121.849497,
        38.222107
       ],
       [
        -121.84935,
        38.222107
       ],
       [
        -121.849056,
        38.222454
       ],
       [
        -121.848469,
        38.222454
       ],
       [
        -121.848322,
        38.22257
       ],
       [
        -121.848322,
        38.223033
       ],
       [
        -121.848175,
        38.223033
       ],
       [
        -121.848029,
        38.223265
       ],
       [
        -121.847882,
        38.223265
       ],
       [
        -121.847442,
        38.223612
       ],
       [
        -121.847001,
        38.223728
       ],
       [
        -121.846708,
        38.224076
       ],
       [
        -121.846414,
        38.224076
       ],
       [
        -121.846267,
        38.224307
       ],
       [
        -121.84568,
        38.224539
       ],
       [
        -121.845386,
        38.224771
       ],
       [
        -121.845386,
        38.224887
       ],
       [
        -121.845093,
        38.225002
       ],
       [
        -121.844652,
        38.225003
       ],
       [
        -121.844506,
        38.225118
       ],
       [
        -121.844212,
        38.225118
       ],
       [
        -121.844065,
        38.225234
       ],
       [
        -121.844065,
        38.226161
       ],
       [
        -121.843919,
        38.226277
       ],
       [
        -121.843919,
        38.226508
       ],
       [
        -121.843772,
        38.226508
       ],
       [
        -121.843331,
        38.226856
       ],
       [
        -121.843331,
        38.227087
       ],
       [
        -121.842891,
        38.227087
       ],
       [
        -121.842744,
        38.227203
       ],
       [
        -121.842744,
        38.228245
       ],
       [
        -121.841129,
        38.228246
       ],
       [
        -121.840836,
        38.228477
       ],
       [
        -121.840836,
        38.228825
       ],
       [
        -121.840542,
        38.229056
       ],
       [
        -121.840542,
        38.229172
       ],
       [
        -121.840395,
        38.229172
       ],
       [
        -121.839955,
        38.22952
       ],
       [
        -121.839661,
        38.229635
       ],
       [
        -121.839368,
        38.229867
       ],
       [
        -121.839368,
        38.230099
       ],
       [
        -121.839221,
        38.230099
       ],
       [
        -121.839074,
        38.23033
       ],
       [
        -121.838634,
        38.230562
       ],
       [
        -121.83834,
        38.230562
       ],
       [
        -121.838193,
        38.230794
       ],
       [
        -121.837753,
        38.231141
       ],
       [
        -121.837459,
        38.231141
       ],
       [
        -121.837312,
        38.231257
       ],
       [
        -121.837312,
        38.231489
       ],
       [
        -121.836872,
        38.231604
       ],
       [
        -121.836578,
        38.231836
       ],
       [
        -121.836431,
        38.232415
       ],
       [
        -121.835697,
        38.232878
       ],
       [
        -121.835404,
        38.232878
       ],
       [
        -121.835257,
        38.23311
       ],
       [
        -121.834963,
        38.233226
       ],
       [
        -121.834816,
        38.233573
       ],
       [
        -121.834376,
        38.233921
       ],
       [
        -121.834229,
        38.234152
       ],
       [
        -121.833642,
        38.234152
       ],
       [
        -121.833348,
        38.234384
       ],
       [
        -121.833348,
        38.234616
       ],
       [
        -121.833054,
        38.234731
       ],
       [
        -121.833054,
        38.234847
       ],
       [
        -121.832467,
        38.235079
       ],
       [
        -121.832467,
        38.235311
       ],
       [
        -121.83188,
        38.235542
       ],
       [
        -121.83188,
        38.236005
       ],
       [
        -121.831439,
        38.236353
       ],
       [
        -121.830999,
        38.236353
       ],
       [
        -121.830705,
        38.236584
       ],
       [
        -121.830705,
        38.237048
       ],
       [
        -121.830411,
        38.237164
       ],
       [
        -121.829971,
        38.237164
       ],
       [
        -121.829824,
        38.237279
       ],
       [
        -121.829824,
        38.237627
       ],
       [
        -121.829237,
        38.237627
       ],
       [
        -121.82909,
        38.237743
       ],
       [
        -121.82909,
        38.237974
       ],
       [
        -121.828356,
        38.238322
       ],
       [
        -121.828356,
        38.238553
       ],
       [
        -121.828209,
        38.238669
       ],
       [
        -121.827621,
        38.238901
       ],
       [
        -121.827621,
        38.239132
       ],
       [
        -121.827328,
        38.239364
       ],
       [
        -121.827328,
        38.239595
       ],
       [
        -121.827181,
        38.239827
       ],
       [
        -121.826887,
        38.239943
       ],
       [
        -121.826447,
        38.239943
       ],
       [
        -121.8263,
        38.240175
       ],
       [
        -121.826006,
        38.24029
       ],
       [
        -121.826006,
        38.241846
       ],
       [
        -121.822527,
        38.241653
       ],
       [
        -121.822305,
        38.241119
       ],
       [
        -121.820503,
        38.241111
       ],
       [
        -121.820273,
        38.241643
       ],
       [
        -121.816445,
        38.24127
       ],
       [
        -121.816217,
        38.241625
       ],
       [
        -121.814864,
        38.241797
       ],
       [
        -121.810808,
        38.241778
       ],
       [
        -121.810365,
        38.24071
       ],
       [
        -121.808337,
        38.240701
       ],
       [
        -121.807878,
        38.241765
       ],
       [
        -121.806751,
        38.24176
       ],
       [
        -121.806314,
        38.239981
       ],
       [
        -121.804962,
        38.239974
       ],
       [
        -121.804275,
        38.241393
       ],
       [
        -121.798867,
        38.241368
       ],
       [
        -121.798422,
        38.240655
       ],
       [
        -121.796619,
        38.240647
       ],
       [
        -121.796163,
        38.241356
       ],
       [
        -121.795036,
        38.24135
       ],
       [
        -121.794591,
        38.240637
       ],
       [
        -121.792563,
        38.240628
       ],
       [
        -121.792107,
        38.241336
       ],
       [
        -121.787386,
        38.241314
       ]
      ],
      [
       [
        -121.837165,
        38.22952
       ],
       [
        -121.837606,
        38.22952
       ],
       [
        -121.837899,
        38.229288
       ],
       [
        -121.837899,
        38.229056
       ],
       [
        -121.838487,
        38.229056
       ],
       [
        -121.838634,
        38.228941
       ],
       [
        -121.838633,
        38.228477
       ],
       [
        -121.838927,
        38.228477
       ],
       [
        -121.839074,
        38.228593
       ],
       [
        -121.839221,
        38.228477
       ],
       [
        -121.839074,
        38.22813
       ],
       [
        -121.839074,
        38.228014
       ],
       [
        -121.839367,
        38.227782
       ],
       [
        -121.839221,
        38.227551
       ],
       [
        -121.83878,
        38.227783
       ],
       [
        -121.83834,
        38.227783
       ],
       [
        -121.838193,
        38.227898
       ],
       [
        -121.838193,
        38.228246
       ],
       [
        -121.837753,
        38.228246
       ],
       [
        -121.837606,
        38.22813
       ],
       [
        -121.837459,
        38.228246
       ],
       [
        -121.837606,
        38.228477
       ],
       [
        -121.837606,
        38.228709
       ],
       [
        -121.837459,
        38.228941
       ],
       [
        -121.837165,
        38.229057
       ],
       [
        -121.837019,
        38.229288
       ],
       [
        -121.837165,
        38.22952
       ]
      ]
     ],
     [
      [
       [
        -121.854487,
        38.219905
       ],
       [
        -121.868434,
        38.219902
       ],
       [
        -121.868434,
        38.220133
       ],
       [
        -121.854487,
        38.220137
       ],
       [
        -121.854487,
        38.219905
       ]
      ]
     ]
    ]
   }
  },
  {
   "type": "Feature",
   "properties": {
    "kind": "zone",
    "category": "open-space",
    "label": "Proposed open space (OS)",
    "source": "traced: Suisun Expansion Project Notice of Preparation (City of Suisun City, SCH 2025110452, Nov 2025), Figure 5, Specific Plan Land Use Zones, p. 18",
    "note": "Recreation, natural and agricultural land, including existing conservation easements (NOP p. 6). About 1,158 acres as drawn; the NOP states about 1,319 acres. Approximate: traced from a small-scale figure. Proposed, not adopted.",
    "stage": "entitlement",
    "accuracy": "approximate"
   },
   "geometry": {
    "type": "MultiPolygon",
    "coordinates": [
     [
      [
       [
        -121.741343,
        38.188835
       ],
       [
        -121.740259,
        38.18883
       ],
       [
        -121.740272,
        38.187213
       ],
       [
        -121.740905,
        38.186634
       ],
       [
        -121.741199,
        38.186519
       ],
       [
        -121.741639,
        38.186519
       ],
       [
        -121.741638,
        38.187098
       ],
       [
        -121.741491,
        38.187214
       ],
       [
        -121.74149,
        38.188604
       ],
       [
        -121.741343,
        38.188835
       ]
      ]
     ],
     [
      [
       [
        -121.73997,
        38.23041
       ],
       [
        -121.740117,
        38.230295
       ],
       [
        -121.740118,
        38.229604
       ],
       [
        -121.740601,
        38.229354
       ],
       [
        -121.740614,
        38.227754
       ],
       [
        -121.739941,
        38.227395
       ],
       [
        -121.739947,
        38.226684
       ],
       [
        -121.740627,
        38.226154
       ],
       [
        -121.74064,
        38.224555
       ],
       [
        -121.740124,
        38.22428
       ],
       [
        -121.740126,
        38.222998
       ],
       [
        -121.739979,
        38.222883
       ],
       [
        -121.739999,
        38.220286
       ],
       [
        -121.74068,
        38.219757
       ],
       [
        -121.740681,
        38.21964
       ],
       [
        -121.748644,
        38.219646
       ],
       [
        -121.748791,
        38.219762
       ],
       [
        -121.750406,
        38.219763
       ],
       [
        -121.750398,
        38.227059
       ],
       [
        -121.750544,
        38.227175
       ],
       [
        -121.757004,
        38.22718
       ],
       [
        -121.757151,
        38.227064
       ],
       [
        -121.757592,
        38.227064
       ],
       [
        -121.757738,
        38.22718
       ],
       [
        -121.758913,
        38.227181
       ],
       [
        -121.75906,
        38.227065
       ],
       [
        -121.759353,
        38.227065
       ],
       [
        -121.7595,
        38.227181
       ],
       [
        -121.760087,
        38.227182
       ],
       [
        -121.760234,
        38.227066
       ],
       [
        -121.761115,
        38.227066
       ],
       [
        -121.761556,
        38.227067
       ],
       [
        -121.761702,
        38.227183
       ],
       [
        -121.767428,
        38.227186
       ],
       [
        -121.767575,
        38.22707
       ],
       [
        -121.768896,
        38.227187
       ],
       [
        -121.768891,
        38.23371
       ],
       [
        -121.765804,
        38.23339
       ],
       [
        -121.76535,
        38.233743
       ],
       [
        -121.759943,
        38.233717
       ],
       [
        -121.759498,
        38.233004
       ],
       [
        -121.757695,
        38.232994
       ],
       [
        -121.757239,
        38.233703
       ],
       [
        -121.753637,
        38.23333
       ],
       [
        -121.753183,
        38.233683
       ],
       [
        -121.747776,
        38.233655
       ],
       [
        -121.747331,
        38.232942
       ],
       [
        -121.745528,
        38.232933
       ],
       [
        -121.745072,
        38.233642
       ],
       [
        -121.74372,
        38.233635
       ],
       [
        -121.743274,
        38.233099
       ],
       [
        -121.741471,
        38.23309
       ],
       [
        -121.741016,
        38.233621
       ],
       [
        -121.74034,
        38.233618
       ],
       [
        -121.739901,
        38.232194
       ],
       [
        -121.73997,
        38.23041
       ]
      ]
     ],
     [
      [
       [
        -121.798255,
        38.235306
       ],
       [
        -121.797668,
        38.235769
       ],
       [
        -121.79664,
        38.235768
       ],
       [
        -121.796493,
        38.235537
       ],
       [
        -121.796493,
        38.235305
       ],
       [
        -121.796787,
        38.235074
       ],
       [
        -121.796787,
        38.234958
       ],
       [
        -121.796494,
        38.234842
       ],
       [
        -121.796494,
        38.234147
       ],
       [
        -121.796641,
        38.234031
       ],
       [
        -121.796494,
        38.233915
       ],
       [
        -121.796494,
        38.232989
       ],
       [
        -121.796641,
        38.232873
       ],
       [
        -121.796495,
        38.232641
       ],
       [
        -121.796495,
        38.231831
       ],
       [
        -121.796642,
        38.231715
       ],
       [
        -121.796642,
        38.231368
       ],
       [
        -121.796495,
        38.231252
       ],
       [
        -121.796496,
        38.230557
       ],
       [
        -121.796789,
        38.230325
       ],
       [
        -121.796789,
        38.230209
       ],
       [
        -121.796496,
        38.229978
       ],
       [
        -121.796496,
        38.229514
       ],
       [
        -121.796643,
        38.229399
       ],
       [
        -121.796643,
        38.229167
       ],
       [
        -121.79635,
        38.22882
       ],
       [
        -121.79635,
        38.228472
       ],
       [
        -121.796644,
        38.228241
       ],
       [
        -121.796644,
        38.228009
       ],
       [
        -121.796938,
        38.227662
       ],
       [
        -121.796938,
        38.22743
       ],
       [
        -121.796791,
        38.227314
       ],
       [
        -121.796204,
        38.227314
       ],
       [
        -121.79547,
        38.226966
       ],
       [
        -121.795176,
        38.226966
       ],
       [
        -121.794589,
        38.227198
       ],
       [
        -121.794295,
        38.227198
       ],
       [
        -121.794002,
        38.226966
       ],
       [
        -121.79224,
        38.226965
       ],
       [
        -121.791946,
        38.226618
       ],
       [
        -121.791947,
        38.22627
       ],
       [
        -121.79224,
        38.226039
       ],
       [
        -121.791947,
        38.225807
       ],
       [
        -121.791947,
        38.225228
       ],
       [
        -121.792094,
        38.225112
       ],
       [
        -121.792095,
        38.223838
       ],
       [
        -121.791948,
        38.223722
       ],
       [
        -121.791948,
        38.223143
       ],
       [
        -121.792095,
        38.223028
       ],
       [
        -121.792096,
        38.221522
       ],
       [
        -121.792684,
        38.220712
       ],
       [
        -121.792684,
        38.22048
       ],
       [
        -121.792831,
        38.220248
       ],
       [
        -121.792977,
        38.220133
       ],
       [
        -121.793418,
        38.220133
       ],
       [
        -121.793712,
        38.219901
       ],
       [
        -121.794005,
        38.219901
       ],
       [
        -121.794152,
        38.219786
       ],
       [
        -121.796648,
        38.219786
       ],
       [
        -121.796647,
        38.22106
       ],
       [
        -121.796353,
        38.221523
       ],
       [
        -121.796353,
        38.221871
       ],
       [
        -121.7965,
        38.221987
       ],
       [
        -121.7965,
        38.222566
       ],
       [
        -121.796646,
        38.222682
       ],
       [
        -121.796646,
        38.222913
       ],
       [
        -121.79694,
        38.223377
       ],
       [
        -121.798261,
        38.223377
       ],
       [
        -121.798554,
        38.223609
       ],
       [
        -121.798848,
        38.223609
       ],
       [
        -121.798995,
        38.223725
       ],
       [
        -121.799876,
        38.223377
       ],
       [
        -121.801197,
        38.223378
       ],
       [
        -121.801197,
        38.224304
       ],
       [
        -121.801343,
        38.22442
       ],
       [
        -121.801343,
        38.224652
       ],
       [
        -121.801196,
        38.224768
       ],
       [
        -121.801343,
        38.224999
       ],
       [
        -121.801343,
        38.225694
       ],
       [
        -121.801196,
        38.22581
       ],
       [
        -121.801343,
        38.226041
       ],
       [
        -121.801342,
        38.227084
       ],
       [
        -121.800902,
        38.227547
       ],
       [
        -121.800901,
        38.228126
       ],
       [
        -121.801195,
        38.228358
       ],
       [
        -121.801195,
        38.228937
       ],
       [
        -121.801341,
        38.229053
       ],
       [
        -121.801341,
        38.2294
       ],
       [
        -121.801048,
        38.229632
       ],
       [
        -121.800901,
        38.229863
       ],
       [
        -121.8009,
        38.230095
       ],
       [
        -121.800754,
        38.230211
       ],
       [
        -121.801194,
        38.230442
       ],
       [
        -121.801193,
        38.231716
       ],
       [
        -121.800606,
        38.232179
       ],
       [
        -121.800606,
        38.232295
       ],
       [
        -121.800312,
        38.232295
       ],
       [
        -121.800165,
        38.232411
       ],
       [
        -121.799284,
        38.232411
       ],
       [
        -121.799138,
        38.232526
       ],
       [
        -121.798697,
        38.232526
       ],
       [
        -121.79855,
        38.232642
       ],
       [
        -121.798403,
        38.233684
       ],
       [
        -121.798696,
        38.233916
       ],
       [
        -121.798843,
        38.233916
       ],
       [
        -121.798843,
        38.234148
       ],
       [
        -121.798255,
        38.235074
       ],
       [
        -121.798255,
        38.235306
       ]
      ]
     ],
     [
      [
       [
        -121.869454,
        38.20612
       ],
       [
        -121.868867,
        38.206351
       ],
       [
        -121.868133,
        38.206352
       ],
       [
        -121.866812,
        38.205541
       ],
       [
        -121.866518,
        38.205541
       ],
       [
        -121.865931,
        38.20531
       ],
       [
        -121.865491,
        38.20531
       ],
       [
        -121.86549,
        38.204847
       ],
       [
        -121.865344,
        38.204615
       ],
       [
        -121.86505,
        38.204499
       ],
       [
        -121.864903,
        38.204268
       ],
       [
        -121.864756,
        38.204268
       ],
       [
        -121.864463,
        38.203921
       ],
       [
        -121.864169,
        38.203921
       ],
       [
        -121.864169,
        38.203805
       ],
       [
        -121.863875,
        38.203689
       ],
       [
        -121.863875,
        38.203573
       ],
       [
        -121.862995,
        38.202879
       ],
       [
        -121.862554,
        38.202531
       ],
       [
        -121.862407,
        38.202531
       ],
       [
        -121.862406,
        38.198478
       ],
       [
        -121.862699,
        38.198362
       ],
       [
        -121.862699,
        38.198015
       ],
       [
        -121.862552,
        38.197899
       ],
       [
        -121.862552,
        38.197667
       ],
       [
        -121.862699,
        38.197435
       ],
       [
        -121.862405,
        38.197204
       ],
       [
        -121.862111,
        38.197088
       ],
       [
        -121.861524,
        38.197088
       ],
       [
        -121.861378,
        38.196973
       ],
       [
        -121.854187,
        38.196974
       ],
       [
        -121.85404,
        38.196858
       ],
       [
        -121.853453,
        38.196858
       ],
       [
        -121.853306,
        38.196743
       ],
       [
        -121.853306,
        38.196048
       ],
       [
        -121.852718,
        38.195121
       ],
       [
        -121.852718,
        38.194774
       ],
       [
        -121.852425,
        38.194542
       ],
       [
        -121.851985,
        38.194542
       ],
       [
        -121.851838,
        38.194311
       ],
       [
        -121.846261,
        38.194312
       ],
       [
        -121.84626,
        38.190721
       ],
       [
        -121.847141,
        38.190374
       ],
       [
        -121.847141,
        38.190258
       ],
       [
        -121.847434,
        38.190026
       ],
       [
        -121.847728,
        38.189563
       ],
       [
        -121.848168,
        38.189563
       ],
       [
        -121.848755,
        38.189216
       ],
       [
        -121.849488,
        38.1891
       ],
       [
        -121.849929,
        38.188868
       ],
       [
        -121.850222,
        38.188868
       ],
       [
        -121.850809,
        38.188405
       ],
       [
        -121.851543,
        38.188404
       ],
       [
        -121.851836,
        38.188636
       ],
       [
        -121.852276,
        38.188752
       ],
       [
        -121.852717,
        38.189099
       ],
       [
        -121.853157,
        38.189215
       ],
       [
        -121.853451,
        38.189678
       ],
       [
        -121.853744,
        38.189678
       ],
       [
        -121.854038,
        38.18991
       ],
       [
        -121.854184,
        38.189909
       ],
       [
        -121.855505,
        38.190836
       ],
       [
        -121.855652,
        38.190836
       ],
       [
        -121.855652,
        38.190952
       ],
       [
        -121.855946,
        38.191067
       ],
       [
        -121.856092,
        38.191299
       ],
       [
        -121.856533,
        38.191415
       ],
       [
        -121.85668,
        38.19153
       ],
       [
        -121.85668,
        38.191878
       ],
       [
        -121.856826,
        38.191994
       ],
       [
        -121.857267,
        38.191993
       ],
       [
        -121.857267,
        38.192341
       ],
       [
        -121.857414,
        38.192457
       ],
       [
        -121.857854,
        38.192457
       ],
       [
        -121.857854,
        38.192804
       ],
       [
        -121.858001,
        38.19292
       ],
       [
        -121.859468,
        38.192919
       ],
       [
        -121.859762,
        38.192688
       ],
       [
        -121.859762,
        38.192456
       ],
       [
        -121.860055,
        38.192456
       ],
       [
        -121.860349,
        38.192803
       ],
       [
        -121.860495,
        38.192803
       ],
       [
        -121.860789,
        38.193035
       ],
       [
        -121.861083,
        38.193035
       ],
       [
        -121.861376,
        38.193498
       ],
       [
        -121.861816,
        38.193614
       ],
       [
        -121.862257,
        38.194077
       ],
       [
        -121.86255,
        38.194077
       ],
       [
        -121.86255,
        38.194193
       ],
       [
        -121.862991,
        38.19454
       ],
       [
        -121.862991,
        38.194656
       ],
       [
        -121.863578,
        38.194887
       ],
       [
        -121.863872,
        38.195235
       ],
       [
        -121.864459,
        38.195698
       ],
       [
        -121.864606,
        38.195698
       ],
       [
        -121.864606,
        38.195929
       ],
       [
        -121.864899,
        38.196045
       ],
       [
        -121.865046,
        38.196277
       ],
       [
        -121.865193,
        38.196277
       ],
       [
        -121.865193,
        38.196508
       ],
       [
        -121.86578,
        38.196855
       ],
       [
        -121.865927,
        38.196855
       ],
       [
        -121.865927,
        38.197087
       ],
       [
        -121.866514,
        38.19755
       ],
       [
        -121.866531,
        38.197763
       ],
       [
        -121.866808,
        38.19791
       ],
       [
        -121.866955,
        38.198129
       ],
       [
        -121.867102,
        38.198129
       ],
       [
        -121.867102,
        38.198361
       ],
       [
        -121.867395,
        38.198476
       ],
       [
        -121.867689,
        38.198824
       ],
       [
        -121.868129,
        38.199055
       ],
       [
        -121.868276,
        38.199403
       ],
       [
        -121.86877,
        38.199866
       ],
       [
        -121.868766,
        38.200438
       ],
       [
        -121.869306,
        38.200562
       ],
       [
        -121.869598,
        38.200792
       ],
       [
        -121.869745,
        38.200792
       ],
       [
        -121.869745,
        38.200908
       ],
       [
        -121.870038,
        38.201139
       ],
       [
        -121.870185,
        38.201139
       ],
       [
        -121.870185,
        38.201255
       ],
       [
        -121.870629,
        38.20172
       ],
       [
        -121.869883,
        38.201864
       ],
       [
        -121.869875,
        38.203108
       ],
       [
        -121.871451,
        38.203292
       ],
       [
        -121.871804,
        38.202879
       ],
       [
        -121.872351,
        38.203425
       ],
       [
        -121.872348,
        38.203802
       ],
       [
        -121.871654,
        38.203802
       ],
       [
        -121.871508,
        38.203918
       ],
       [
        -121.871508,
        38.204729
       ],
       [
        -121.871215,
        38.204961
       ],
       [
        -121.870774,
        38.204961
       ],
       [
        -121.870481,
        38.205193
       ],
       [
        -121.870481,
        38.205656
       ],
       [
        -121.870334,
        38.205656
       ],
       [
        -121.870041,
        38.205888
       ],
       [
        -121.870041,
        38.206004
       ],
       [
        -121.869748,
        38.206119
       ],
       [
        -121.869454,
        38.20612
       ]
      ]
     ]
    ]
   }
  },
  {
   "type": "Feature",
   "properties": {
    "kind": "zone",
    "category": "other",
    "label": "Proposed area plan: Travis Protection Zone",
    "source": "traced: Suisun Expansion Project Notice of Preparation (City of Suisun City, SCH 2025110452, Nov 2025), Figure 2, Annexation Area, Area Plan, Specific Plan, and 20 Year Plan Boundaries, p. 15",
    "note": "Buffer for Travis Air Force Base operations that would keep the development restrictions of the county's Exclusive Agricultural zone (NOP p. 5). Category other: agricultural land, no new community. About 5,675 acres as drawn; the NOP states about 5,726 acres. Approximate: traced from a small-scale figure. Proposed, not adopted.",
    "stage": "entitlement",
    "accuracy": "approximate"
   },
   "geometry": {
    "type": "MultiPolygon",
    "coordinates": [
     [
      [
       [
        -121.843705,
        38.241395
       ],
       [
        -121.843479,
        38.241922
       ],
       [
        -121.843032,
        38.24192
       ],
       [
        -121.842585,
        38.241385
       ],
       [
        -121.840782,
        38.241377
       ],
       [
        -121.840328,
        38.241908
       ],
       [
        -121.83492,
        38.241885
       ],
       [
        -121.834473,
        38.24135
       ],
       [
        -121.83267,
        38.241342
       ],
       [
        -121.832216,
        38.241873
       ],
       [
        -121.831089,
        38.241869
       ],
       [
        -121.830416,
        38.241332
       ],
       [
        -121.828614,
        38.241324
       ],
       [
        -121.827934,
        38.241855
       ],
       [
        -121.826006,
        38.241846
       ],
       [
        -121.826006,
        38.24029
       ],
       [
        -121.8263,
        38.240175
       ],
       [
        -121.826447,
        38.239943
       ],
       [
        -121.826887,
        38.239943
       ],
       [
        -121.827181,
        38.239827
       ],
       [
        -121.827328,
        38.239595
       ],
       [
        -121.827328,
        38.239364
       ],
       [
        -121.827621,
        38.239132
       ],
       [
        -121.827621,
        38.238901
       ],
       [
        -121.828209,
        38.238669
       ],
       [
        -121.828356,
        38.238553
       ],
       [
        -121.828356,
        38.238322
       ],
       [
        -121.82909,
        38.237974
       ],
       [
        -121.82909,
        38.237743
       ],
       [
        -121.829237,
        38.237627
       ],
       [
        -121.829824,
        38.237627
       ],
       [
        -121.829824,
        38.237279
       ],
       [
        -121.829971,
        38.237164
       ],
       [
        -121.830411,
        38.237164
       ],
       [
        -121.830705,
        38.237048
       ],
       [
        -121.830705,
        38.236584
       ],
       [
        -121.830999,
        38.236353
       ],
       [
        -121.831439,
        38.236353
       ],
       [
        -121.83188,
        38.236005
       ],
       [
        -121.83188,
        38.235542
       ],
       [
        -121.832467,
        38.235311
       ],
       [
        -121.832467,
        38.235079
       ],
       [
        -121.833054,
        38.234847
       ],
       [
        -121.833054,
        38.234731
       ],
       [
        -121.833348,
        38.234616
       ],
       [
        -121.833348,
        38.234384
       ],
       [
        -121.833642,
        38.234152
       ],
       [
        -121.834229,
        38.234152
       ],
       [
        -121.834376,
        38.233921
       ],
       [
        -121.834816,
        38.233573
       ],
       [
        -121.834963,
        38.233226
       ],
       [
        -121.835257,
        38.23311
       ],
       [
        -121.835404,
        38.232878
       ],
       [
        -121.835697,
        38.232878
       ],
       [
        -121.836431,
        38.232415
       ],
       [
        -121.836578,
        38.231836
       ],
       [
        -121.836872,
        38.231604
       ],
       [
        -121.837312,
        38.231489
       ],
       [
        -121.837312,
        38.231257
       ],
       [
        -121.837459,
        38.231141
       ],
       [
        -121.837753,
        38.231141
       ],
       [
        -121.838193,
        38.230794
       ],
       [
        -121.83834,
        38.230562
       ],
       [
        -121.838634,
        38.230562
       ],
       [
        -121.839074,
        38.23033
       ],
       [
        -121.839221,
        38.230099
       ],
       [
        -121.839368,
        38.230099
       ],
       [
        -121.839368,
        38.229867
       ],
       [
        -121.839661,
        38.229635
       ],
       [
        -121.839955,
        38.22952
       ],
       [
        -121.840395,
        38.229172
       ],
       [
        -121.840542,
        38.229172
       ],
       [
        -121.840542,
        38.229056
       ],
       [
        -121.840836,
        38.228825
       ],
       [
        -121.840836,
        38.228477
       ],
       [
        -121.841129,
        38.228246
       ],
       [
        -121.842443,
        38.228245
       ],
       [
        -121.842364,
        38.240175
       ],
       [
        -121.842585,
        38.240468
       ],
       [
        -121.842634,
        38.2412
       ],
       [
        -121.842947,
        38.241385
       ],
       [
        -121.843705,
        38.241395
       ]
      ]
     ],
     [
      [
       [
        -121.98638,
        38.242182
       ],
       [
        -121.985934,
        38.242554
       ],
       [
        -121.985191,
        38.24348
       ],
       [
        -121.984775,
        38.243149
       ],
       [
        -121.980943,
        38.243315
       ],
       [
        -121.980494,
        38.242958
       ],
       [
        -121.978691,
        38.242953
       ],
       [
        -121.977562,
        38.243482
       ],
       [
        -121.977548,
        38.246326
       ],
       [
        -121.977095,
        38.24668
       ],
       [
        -121.977088,
        38.248102
       ],
       [
        -121.977537,
        38.248459
       ],
       [
        -121.977531,
        38.249703
       ],
       [
        -121.979778,
        38.251132
       ],
       [
        -121.979999,
        38.252021
       ],
       [
        -121.980673,
        38.252379
       ],
       [
        -121.981111,
        38.254868
       ],
       [
        -121.980432,
        38.255577
       ],
       [
        -121.980423,
        38.257355
       ],
       [
        -121.979968,
        38.258242
       ],
       [
        -121.980176,
        38.261619
       ],
       [
        -121.979046,
        38.262149
       ],
       [
        -121.97904,
        38.263393
       ],
       [
        -121.978586,
        38.264103
       ],
       [
        -121.977907,
        38.264634
       ],
       [
        -121.973624,
        38.26462
       ],
       [
        -121.973176,
        38.263908
       ],
       [
        -121.973199,
        38.259465
       ],
       [
        -121.973651,
        38.259288
       ],
       [
        -121.973658,
        38.257867
       ],
       [
        -121.972983,
        38.257687
       ],
       [
        -121.972987,
        38.256798
       ],
       [
        -121.972312,
        38.256569
       ],
       [
        -121.972325,
        38.253952
       ],
       [
        -121.968044,
        38.253761
       ],
       [
        -121.96805,
        38.252517
       ],
       [
        -121.967601,
        38.252338
       ],
       [
        -121.967838,
        38.250028
       ],
       [
        -121.972346,
        38.249864
       ],
       [
        -121.972379,
        38.243466
       ],
       [
        -121.971255,
        38.24293
       ],
       [
        -121.969226,
        38.242923
       ],
       [
        -121.968999,
        38.243278
       ],
       [
        -121.967647,
        38.243274
       ],
       [
        -121.967198,
        38.242917
       ],
       [
        -121.96179,
        38.242899
       ],
       [
        -121.959994,
        38.241471
       ],
       [
        -121.959997,
        38.240938
       ],
       [
        -121.958653,
        38.239334
       ],
       [
        -121.958661,
        38.237912
       ],
       [
        -121.957624,
        38.237636
       ],
       [
        -121.957366,
        38.237483
       ],
       [
        -121.955733,
        38.237547
       ],
       [
        -121.955476,
        38.238404
       ],
       [
        -121.954748,
        38.238966
       ],
       [
        -121.954374,
        38.238965
       ],
       [
        -121.953014,
        38.240382
       ],
       [
        -121.952113,
        38.240379
       ],
       [
        -121.95166,
        38.240733
       ],
       [
        -121.951656,
        38.241438
       ],
       [
        -121.951503,
        38.241661
       ],
       [
        -121.950978,
        38.241797
       ],
       [
        -121.950072,
        38.242683
       ],
       [
        -121.947141,
        38.243028
       ],
       [
        -121.943985,
        38.243018
       ],
       [
        -121.943537,
        38.242661
       ],
       [
        -121.941734,
        38.242654
       ],
       [
        -121.941056,
        38.243008
       ],
       [
        -121.939929,
        38.243004
       ],
       [
        -121.93948,
        38.242647
       ],
       [
        -121.937678,
        38.242641
       ],
       [
        -121.936999,
        38.242994
       ],
       [
        -121.931816,
        38.242976
       ],
       [
        -121.931593,
        38.242619
       ],
       [
        -121.929565,
        38.242612
       ],
       [
        -121.929112,
        38.242966
       ],
       [
        -121.927985,
        38.242962
       ],
       [
        -121.927537,
        38.242605
       ],
       [
        -121.925508,
        38.242598
       ],
       [
        -121.92438,
        38.242949
       ],
       [
        -121.919648,
        38.242755
       ],
       [
        -121.919425,
        38.242398
       ],
       [
        -121.917397,
        38.242391
       ],
       [
        -121.917169,
        38.242746
       ],
       [
        -121.91334,
        38.242376
       ],
       [
        -121.913113,
        38.242731
       ],
       [
        -121.907479,
        38.24271
       ],
       [
        -121.907031,
        38.242175
       ],
       [
        -121.905454,
        38.242169
       ],
       [
        -121.905,
        38.242701
       ],
       [
        -121.903423,
        38.242695
       ],
       [
        -121.9032,
        38.242161
       ],
       [
        -121.901398,
        38.242154
       ],
       [
        -121.900718,
        38.242685
       ],
       [
        -121.895535,
        38.242665
       ],
       [
        -121.895088,
        38.24213
       ],
       [
        -121.893285,
        38.242123
       ],
       [
        -121.892606,
        38.242654
       ],
       [
        -121.89148,
        38.242472
       ],
       [
        -121.891031,
        38.242115
       ],
       [
        -121.886071,
        38.242451
       ],
       [
        -121.883143,
        38.242262
       ],
       [
        -121.88292,
        38.241906
       ],
       [
        -121.880892,
        38.241898
       ],
       [
        -121.880664,
        38.242252
       ],
       [
        -121.877061,
        38.241882
       ],
       [
        -121.876833,
        38.242237
       ],
       [
        -121.8712,
        38.242214
       ],
       [
        -121.870978,
        38.24168
       ],
       [
        -121.869248,
        38.241673
       ],
       [
        -121.869579,
        38.241489
       ],
       [
        -121.869636,
        38.241113
       ],
       [
        -121.869863,
        38.240787
       ],
       [
        -121.869882,
        38.237553
       ],
       [
        -121.86966,
        38.23726
       ],
       [
        -121.869738,
        38.225296
       ],
       [
        -121.86993,
        38.225107
       ],
       [
        -121.869967,
        38.224763
       ],
       [
        -121.870194,
        38.224409
       ],
       [
        -121.871477,
        38.223221
       ],
       [
        -121.87201,
        38.222283
       ],
       [
        -121.872586,
        38.221832
       ],
       [
        -121.872863,
        38.221419
       ],
       [
        -121.872923,
        38.220538
       ],
       [
        -121.872847,
        38.220338
       ],
       [
        -121.872498,
        38.220059
       ],
       [
        -121.872244,
        38.219997
       ],
       [
        -121.863797,
        38.219903
       ],
       [
        -121.863459,
        38.219784
       ],
       [
        -121.852646,
        38.219739
       ],
       [
        -121.85223,
        38.219915
       ],
       [
        -121.851794,
        38.219941
       ],
       [
        -121.851553,
        38.22009
       ],
       [
        -121.851258,
        38.22009
       ],
       [
        -121.851258,
        38.21979
       ],
       [
        -121.851404,
        38.219674
       ],
       [
        -121.853313,
        38.219674
       ],
       [
        -121.853313,
        38.219558
       ],
       [
        -121.853606,
        38.219326
       ],
       [
        -121.854047,
        38.219095
       ],
       [
        -121.854046,
        38.218284
       ],
       [
        -121.854633,
        38.217705
       ],
       [
        -121.85478,
        38.217357
       ],
       [
        -121.85522,
        38.217126
       ],
       [
        -121.855514,
        38.217126
       ],
       [
        -121.855661,
        38.216778
       ],
       [
        -121.856248,
        38.21643
       ],
       [
        -121.856688,
        38.21643
       ],
       [
        -121.856688,
        38.216315
       ],
       [
        -121.856982,
        38.216083
       ],
       [
        -121.857422,
        38.216083
       ],
       [
        -121.857422,
        38.215504
       ],
       [
        -121.857715,
        38.215272
       ],
       [
        -121.858009,
        38.215272
       ],
       [
        -121.858449,
        38.214924
       ],
       [
        -121.858596,
        38.214924
       ],
       [
        -121.858596,
        38.214577
       ],
       [
        -121.85933,
        38.214114
       ],
       [
        -121.85933,
        38.213998
       ],
       [
        -121.85977,
        38.213766
       ],
       [
        -121.85977,
        38.21365
       ],
       [
        -121.860063,
        38.213534
       ],
       [
        -121.860063,
        38.213418
       ],
       [
        -121.860357,
        38.213187
       ],
       [
        -121.860797,
        38.213187
       ],
       [
        -121.861237,
        38.212839
       ],
       [
        -121.861237,
        38.212723
       ],
       [
        -121.861531,
        38.212492
       ],
       [
        -121.861678,
        38.212492
       ],
       [
        -121.861677,
        38.211912
       ],
       [
        -121.861824,
        38.211797
       ],
       [
        -121.862411,
        38.211796
       ],
       [
        -121.862705,
        38.211681
       ],
       [
        -121.862851,
        38.211565
       ],
       [
        -121.862851,
        38.211217
       ],
       [
        -121.863145,
        38.211101
       ],
       [
        -121.863145,
        38.21087
       ],
       [
        -121.863438,
        38.210638
       ],
       [
        -121.864025,
        38.210406
       ],
       [
        -121.864025,
        38.210175
       ],
       [
        -121.864172,
        38.210059
       ],
       [
        -121.864319,
        38.210059
       ],
       [
        -121.864319,
        38.209943
       ],
       [
        -121.864906,
        38.20948
       ],
       [
        -121.865493,
        38.209479
       ],
       [
        -121.865493,
        38.209364
       ],
       [
        -121.865786,
        38.209248
       ],
       [
        -121.865933,
        38.209016
       ],
       [
        -121.86608,
        38.209016
       ],
       [
        -121.866079,
        38.208553
       ],
       [
        -121.866226,
        38.208437
       ],
       [
        -121.866666,
        38.208437
       ],
       [
        -121.86696,
        38.208321
       ],
       [
        -121.8674,
        38.207973
       ],
       [
        -121.8674,
        38.207742
       ],
       [
        -121.867547,
        38.20751
       ],
       [
        -121.86784,
        38.207394
       ],
       [
        -121.867987,
        38.207162
       ],
       [
        -121.868134,
        38.207162
       ],
       [
        -121.868133,
        38.206467
       ],
       [
        -121.86784,
        38.206352
       ],
       [
        -121.867292,
        38.20592
       ],
       [
        -121.867353,
        38.205852
       ],
       [
        -121.86784,
        38.206236
       ],
       [
        -121.868133,
        38.206352
       ],
       [
        -121.868867,
        38.206351
       ],
       [
        -121.869307,
        38.20612
       ],
       [
        -121.869748,
        38.206119
       ],
       [
        -121.870041,
        38.206004
       ],
       [
        -121.870041,
        38.205888
       ],
       [
        -121.870334,
        38.205656
       ],
       [
        -121.870481,
        38.205656
       ],
       [
        -121.870481,
        38.205193
       ],
       [
        -121.870774,
        38.204961
       ],
       [
        -121.871215,
        38.204961
       ],
       [
        -121.871508,
        38.204729
       ],
       [
        -121.871508,
        38.203918
       ],
       [
        -121.871654,
        38.203802
       ],
       [
        -121.872348,
        38.203802
       ],
       [
        -121.873023,
        38.204009
       ],
       [
        -121.873016,
        38.205076
       ],
       [
        -121.873464,
        38.205433
       ],
       [
        -121.87459,
        38.205438
       ],
       [
        -121.878398,
        38.20883
       ],
       [
        -121.878392,
        38.209718
       ],
       [
        -121.879517,
        38.2099
       ],
       [
        -121.880636,
        38.211149
       ],
       [
        -121.880631,
        38.21186
       ],
       [
        -121.881306,
        38.21204
       ],
       [
        -121.881303,
        38.212573
       ],
       [
        -121.881977,
        38.212754
       ],
       [
        -121.882869,
        38.214179
       ],
       [
        -121.883991,
        38.214894
       ],
       [
        -121.885557,
        38.216678
       ],
       [
        -121.885555,
        38.217033
       ],
       [
        -121.886004,
        38.217213
       ],
       [
        -121.886001,
        38.217746
       ],
       [
        -121.886675,
        38.217926
       ],
       [
        -121.88869,
        38.220067
       ],
       [
        -121.888688,
        38.220422
       ],
       [
        -121.889362,
        38.220603
       ],
       [
        -121.891614,
        38.222639
       ],
       [
        -121.89182,
        38.223989
       ],
       [
        -121.892717,
        38.224526
       ],
       [
        -121.892938,
        38.225238
       ],
       [
        -121.89406,
        38.225953
       ],
       [
        -121.894283,
        38.226487
       ],
       [
        -121.894957,
        38.226667
       ],
       [
        -121.895178,
        38.227379
       ],
       [
        -121.897431,
        38.227387
       ],
       [
        -121.898781,
        38.227748
       ],
       [
        -121.901486,
        38.22758
       ],
       [
        -121.901935,
        38.22776
       ],
       [
        -121.902155,
        38.228649
       ],
       [
        -121.903958,
        38.228656
       ],
       [
        -121.904415,
        38.227591
       ],
       [
        -121.905541,
        38.227596
       ],
       [
        -121.905987,
        38.228486
       ],
       [
        -121.908014,
        38.228494
       ],
       [
        -121.908244,
        38.227784
       ],
       [
        -121.913877,
        38.227804
       ],
       [
        -121.914098,
        38.228516
       ],
       [
        -121.9159,
        38.228522
       ],
       [
        -121.91613,
        38.227812
       ],
       [
        -121.917932,
        38.227819
       ],
       [
        -121.918153,
        38.228531
       ],
       [
        -121.919956,
        38.228537
       ],
       [
        -121.920185,
        38.227827
       ],
       [
        -121.928671,
        38.227857
       ],
       [
        -121.929043,
        38.228174
       ],
       [
        -121.929284,
        38.228623
       ],
       [
        -121.929831,
        38.228482
       ],
       [
        -121.930024,
        38.228178
       ],
       [
        -121.9304,
        38.227863
       ],
       [
        -121.936803,
        38.227886
       ],
       [
        -121.937238,
        38.228313
       ],
       [
        -121.937501,
        38.228314
       ],
       [
        -121.937822,
        38.227889
       ],
       [
        -121.951202,
        38.227935
       ],
       [
        -121.951502,
        38.228173
       ],
       [
        -121.951805,
        38.227937
       ],
       [
        -121.9582,
        38.227958
       ],
       [
        -121.958262,
        38.228018
       ],
       [
        -121.958326,
        38.227958
       ],
       [
        -121.965635,
        38.227982
       ],
       [
        -121.965866,
        38.22825
       ],
       [
        -121.966381,
        38.227984
       ],
       [
        -121.970655,
        38.227998
       ],
       [
        -121.971834,
        38.228268
       ],
       [
        -121.972312,
        38.228688
       ],
       [
        -121.972451,
        38.229248
       ],
       [
        -121.974028,
        38.229253
       ],
       [
        -121.975264,
        38.229623
       ],
       [
        -121.976237,
        38.23017
       ],
       [
        -121.976963,
        38.230758
       ],
       [
        -121.977169,
        38.231929
       ],
       [
        -121.978071,
        38.231931
       ],
       [
        -121.978519,
        38.232466
       ],
       [
        -121.978966,
        38.232467
       ],
       [
        -121.97965,
        38.23283
       ],
       [
        -121.980317,
        38.23336
       ],
       [
        -121.980538,
        38.23425
       ],
       [
        -121.981663,
        38.234431
       ],
       [
        -121.982922,
        38.235475
       ],
       [
        -121.983906,
        38.23657
       ],
       [
        -121.983901,
        38.237637
       ],
       [
        -121.985927,
        38.237999
       ],
       [
        -121.986146,
        38.239421
       ],
       [
        -121.986595,
        38.239778
       ],
       [
        -121.98638,
        38.242182
       ]
      ]
     ]
    ]
   }
  },
  {
   "type": "Feature",
   "properties": {
    "kind": "zone",
    "category": "industrial",
    "label": "Proposed area plan: Lambie Industrial Park",
    "source": "traced: Suisun Expansion Project Notice of Preparation (City of Suisun City, SCH 2025110452, Nov 2025), Figure 2, Annexation Area, Area Plan, Specific Plan, and 20 Year Plan Boundaries, p. 15",
    "note": "Existing industrial park; the Area Plan would keep it for industrial uses as under the county's MG-3 zoning (NOP p. 5). About 1,348 acres as drawn; the NOP states about 1,410 acres. Approximate: traced from a small-scale figure. Proposed, not adopted.",
    "stage": "entitlement",
    "accuracy": "approximate"
   },
   "geometry": {
    "type": "Polygon",
    "coordinates": [
     [
      [
       -121.867376,
       38.241701
      ],
      [
       -121.867243,
       38.24192
      ],
      [
       -121.866994,
       38.242019
      ],
      [
       -121.866696,
       38.241663
      ],
      [
       -121.859223,
       38.241637
      ],
      [
       -121.858883,
       38.241808
      ],
      [
       -121.858809,
       38.241631
      ],
      [
       -121.856781,
       38.241622
      ],
      [
       -121.856575,
       38.241742
      ],
      [
       -121.856553,
       38.241093
      ],
      [
       -121.855213,
       38.241088
      ],
      [
       -121.855157,
       38.24143
      ],
      [
       -121.854817,
       38.241717
      ],
      [
       -121.854753,
       38.241614
      ],
      [
       -121.852454,
       38.241608
      ],
      [
       -121.852086,
       38.24143
      ],
      [
       -121.847056,
       38.241409
      ],
      [
       -121.84678,
       38.241568
      ],
      [
       -121.846641,
       38.241402
      ],
      [
       -121.842991,
       38.24139
      ],
      [
       -121.842634,
       38.2412
      ],
      [
       -121.842585,
       38.240468
      ],
      [
       -121.842362,
       38.24014
      ],
      [
       -121.842443,
       38.228245
      ],
      [
       -121.842744,
       38.228245
      ],
      [
       -121.842744,
       38.227203
      ],
      [
       -121.842891,
       38.227087
      ],
      [
       -121.843331,
       38.227087
      ],
      [
       -121.843331,
       38.226987
      ],
      [
       -121.844705,
       38.226993
      ],
      [
       -121.844794,
       38.225198
      ],
      [
       -121.845211,
       38.22504
      ],
      [
       -121.845395,
       38.224896
      ],
      [
       -121.845427,
       38.224738
      ],
      [
       -121.846088,
       38.224333
      ],
      [
       -121.846526,
       38.224335
      ],
      [
       -121.846541,
       38.224076
      ],
      [
       -121.846708,
       38.224076
      ],
      [
       -121.846898,
       38.22381
      ],
      [
       -121.847248,
       38.223804
      ],
      [
       -121.847657,
       38.223629
      ],
      [
       -121.847659,
       38.223441
      ],
      [
       -121.847882,
       38.223265
      ],
      [
       -121.848029,
       38.223265
      ],
      [
       -121.848175,
       38.223033
      ],
      [
       -121.848322,
       38.223033
      ],
      [
       -121.848322,
       38.2228
      ],
      [
       -121.849465,
       38.222747
      ],
      [
       -121.849496,
       38.221875
      ],
      [
       -121.849643,
       38.221759
      ],
      [
       -121.849643,
       38.221584
      ],
      [
       -121.850084,
       38.221412
      ],
      [
       -121.850168,
       38.221193
      ],
      [
       -121.850602,
       38.221153
      ],
      [
       -121.850671,
       38.220601
      ],
      [
       -121.850817,
       38.220485
      ],
      [
       -121.851258,
       38.220485
      ],
      [
       -121.851258,
       38.22009
      ],
      [
       -121.851553,
       38.22009
      ],
      [
       -121.851794,
       38.219941
      ],
      [
       -121.85223,
       38.219915
      ],
      [
       -121.852646,
       38.219739
      ],
      [
       -121.863459,
       38.219784
      ],
      [
       -121.863797,
       38.219903
      ],
      [
       -121.854487,
       38.219905
      ],
      [
       -121.854487,
       38.220137
      ],
      [
       -121.868434,
       38.220133
      ],
      [
       -121.868434,
       38.219982
      ],
      [
       -121.872244,
       38.219997
      ],
      [
       -121.872533,
       38.22008
      ],
      [
       -121.87287,
       38.220368
      ],
      [
       -121.872863,
       38.221419
      ],
      [
       -121.872586,
       38.221832
      ],
      [
       -121.87201,
       38.222283
      ],
      [
       -121.871477,
       38.223221
      ],
      [
       -121.870194,
       38.224409
      ],
      [
       -121.869967,
       38.224763
      ],
      [
       -121.86993,
       38.225107
      ],
      [
       -121.869738,
       38.225296
      ],
      [
       -121.86966,
       38.23726
      ],
      [
       -121.869884,
       38.237588
      ],
      [
       -121.869854,
       38.240857
      ],
      [
       -121.869636,
       38.241113
      ],
      [
       -121.869579,
       38.241489
      ],
      [
       -121.86935,
       38.241651
      ],
      [
       -121.867376,
       38.241701
      ]
     ]
    ]
   }
  }
 ]
}
